code,title,reason,icd10_crosswalk,suggested_bucket
1C8G,Tick-borne encephalitis,no_range,A84.9,vas_01_99
1C8G.0,Far Eastern tick-borne encephalitis,no_range,A84.0,vas_01_99
1C8G.1,Central European tick-borne encephalitis,no_range,A84.1,vas_01_99
1C8G.2,Siberian tick-borne encephalitis,no_range,A84.9,vas_01_99
1C8G.Z,"Tick-borne encephalitis, unspecified",no_range,A84.9,vas_01_99
1C8H,"Viral myelitis, not elsewhere classified",no_range,A80-A89,vas_01_99
3A4Z,"Haemolytic anaemias, unspecified",no_range,D55-D59,multiple:vas_03_01|vas_04_03
3A50,Thalassaemias,no_range,D56,vas_03_01
3A50.0,Alpha thalassaemia,no_range,D56.0,vas_03_01
3A50.00,Mild alpha thalassaemia diseases,no_range,D56.3,vas_03_01
3A50.01,Thalassaemic alpha-chain variants,no_range,D56.0,vas_03_01
3A50.02,Haemoglobin H disease (– α/– – included),no_range,D56.0,vas_03_01
3A50.03,Hemoglobin Bart's fetalis syndrome,no_range,D56.0,vas_03_01
3A50.0Y,Other specified alpha thalassaemia,no_range,D56.0,vas_03_01
3A50.0Z,"Alpha thalassaemia, unspecified",no_range,D56.0,vas_03_01
3A50.1,Alpha thalassaemia related syndromes,no_range,D56,vas_03_01
3A50.2,Beta thalassaemia,no_range,D56.1,vas_03_01
3A50.3,"Delta, delta-beta or gamma-delta-beta thalassaemia",no_range,D56.2,vas_03_01
3A50.4,Hereditary persistence of fetal haemoglobin,no_range,D56.4,vas_03_01
3A50.Y,Other specified thalassaemias,no_range,D56.8,vas_03_01
3A50.Z,"Thalassaemias, unspecified",no_range,D56,vas_03_01
5A20,Diabetic hyperosmolar hyperglycaemic state,no_range,E10-E14,vas_03_03
5A20.0,Hyperosmolar hyperglycaemic state without coma,no_range,E10-E14,vas_03_03
5A20.1,Hyperosmolar hyperglycaemic state with coma,no_range,E10-E14,vas_03_03
5A20.Z,"Diabetic hyperosmolar hyperglycaemic state, unspecified",no_range,E10-E14,vas_03_03
5A21,Hypoglycaemia in the context of diabetes mellitus,no_range,E10-E14,vas_03_03
5A21.0,Hypoglycaemia in the context of diabetes mellitus without coma,no_range,E10-E14,vas_03_03
5A21.1,Hypoglycaemia in the context of diabetes mellitus with coma,no_range,E10-E14,vas_03_03
5A21.Z,"Hypoglycaemia in the context of diabetes, unspecified",no_range,E10-E14,vas_03_03
5A22,Diabetic acidosis,no_range,E14.1,vas_03_03
5A22.0,Diabetic ketoacidosis without coma,no_range,E14.1,vas_03_03
5A22.1,Diabetic lactic acidosis,no_range,E14.1,vas_03_03
5A22.2,Diabetic metabolic acidosis,no_range,E14.1,vas_03_03
5A22.3,Diabetic ketoacidosis with coma,no_range,E10-E14,vas_03_03
5A22.Y,Other specified diabetic acidosis,no_range,E14.1,vas_03_03
5A22.Z,"Diabetic acidosis, unspecified",no_range,E14.1,vas_03_03
5A23,Diabetic coma,no_range,E10-E14,vas_03_03
5A24,Uncontrolled or unstable diabetes mellitus,no_range,E10-E14,vas_03_03
5A2Y,Other specified acute complications of diabetes mellitus,no_range,E10-E14,vas_03_03
5C52,Inborn errors of lipid metabolism,no_range,E75,vas_98
5C52.0,Inborn errors of fatty acid oxidation or ketone body metabolism,no_range,E71.3,vas_98
5C52.00,Disorders of carnitine transport or the carnitine cycle,no_range,E71.3,vas_98
5C52.01,Disorders of mitochondrial fatty acid oxidation,no_range,E71.3,vas_98
5C52.02,Disorders of ketone body metabolism,no_range,E71.3,vas_98
5C52.03,Sjögren-Larsson syndrome,no_range,E71.3,vas_98
5C52.0Y,Other specified inborn errors of fatty acid oxidation or ketone body metabolism,no_range,E71.3,vas_98
5C52.0Z,"Inborn errors of fatty acid oxidation or ketone body metabolism, unspecified",no_range,E71.3,vas_98
5C52.1,Inborn errors of sterol metabolism,no_range,E75,vas_98
5C52.10,Disorders of cholesterol synthesis,no_range,E75,vas_98
5C52.11,Bile acid synthesis defect with cholestasis,no_range,E75,vas_98
5C52.1Y,Other specified inborn errors of sterol metabolism,no_range,E75,vas_98
5C52.1Z,"Inborn errors of sterol metabolism, unspecified",no_range,E75,vas_98
5C52.2,Neutral lipid storage disease,no_range,E75,vas_98
5C52.Y,Other specified inborn errors of lipid metabolism,no_range,E75,vas_98
5C52.Z,"Inborn errors of lipid metabolism, unspecified",no_range,E75,vas_98
5C53,Inborn errors of energy metabolism,no_range,E88.9,vas_98
5C53.0,Disorders of pyruvate metabolism,no_range,E74.4,vas_98
5C53.00,Pyruvate kinase deficiency,no_range,E74.4,vas_98
5C53.01,Lactate dehydrogenase deficiency,no_range,E74.4,vas_98
5C53.02,Pyruvate dehydrogenase complex deficiency,no_range,E74.4,vas_98
5C53.03,Pyruvate carboxylase deficiency,no_range,E74.4,vas_98
5C53.0Y,Other specified disorders of pyruvate metabolism,no_range,E74.4,vas_98
5C53.0Z,"Disorders of pyruvate metabolism, unspecified",no_range,E74.4,vas_98
5C53.1,Disorders of the citric acid cycle,no_range,E88.8,vas_98
5C53.2,Disorders of mitochondrial oxidative phosphorylation,no_range,E88.8,vas_98
5C53.20,Mitochondrial DNA depletion syndromes,no_range,E88.8,vas_98
5C53.21,Multiple mitochondrial DNA deletion syndromes,no_range,E88.8,vas_98
5C53.22,Coenzyme Q10 deficiency,no_range,E88.8,vas_98
5C53.23,Mitochondrial protein translation defects,no_range,E88.8,vas_98
5C53.24,Leigh syndrome,no_range,G31.8,vas_98
5C53.25,Isolated ATP synthase deficiency,no_range,E88.8,vas_98
5C53.2Y,Other specified disorders of mitochondrial oxidative phosphorylation,no_range,E88.8,vas_98
5C53.2Z,"Disorders of mitochondrial oxidative phosphorylation, unspecified",no_range,E88.8,vas_98
5C53.3,Disorders of mitochondrial membrane transport,no_range,E88.8,vas_98
5C53.30,Mitochondrial substrate carrier disorders,no_range,E88.8,vas_98
5C53.31,Mitochondrial protein import disorders,no_range,E88.8,vas_98
5C53.3Y,Other specified disorders of mitochondrial membrane transport,no_range,E88.8,vas_98
5C53.3Z,"Disorders of mitochondrial membrane transport, unspecified",no_range,E88.8,vas_98
5C53.4,Disorders of creatine metabolism,no_range,E72.8,vas_98
5C53.Y,Other specified inborn errors of energy metabolism,no_range,E88.9,vas_98
5C53.Z,"Inborn errors of energy metabolism, unspecified",no_range,E88.9,vas_98
5C54,Inborn errors of glycosylation or other specified protein modification,no_range,E88.9,vas_98
5C54.0,Disorders of protein N-glycosylation,no_range,E77.8,vas_98
5C54.1,Disorders of protein O-glycosylation,no_range,E77.8,vas_98
5C54.2,Disorders of multiple glycosylation or other pathways,no_range,E77.8,vas_98
5C54.Y,Other specified inborn errors of glycosylation or other specified protein modification,no_range,E88.9,vas_98
5C54.Z,"Inborn errors of glycosylation or protein modification, unspecified",no_range,E88.9,vas_98
5C56,Lysosomal diseases,no_range,E88.9,vas_98
5C56.4,Disorders of sialic acid metabolism,no_range,E77.1,vas_98
5C56.Y,Other specified lysosomal diseases,no_range,E88.9,vas_98
5C56.Z,"Lysosomal diseases, unspecified",no_range,E88.9,vas_98
5C57,Peroxisomal diseases,no_range,E88.9,vas_98
5C57.0,Disorders of peroxisome biogenesis,no_range,Q87.8,vas_10_06
5C57.1,"Disorders of peroxisomal alpha-, beta- or omega-oxidation",no_range,Q87.8,vas_10_06
5C57.Y,Other specified peroxisomal diseases,no_range,E88.9,vas_98
5C57.Z,"Peroxisomal diseases, unspecified",no_range,E88.9,vas_98
5C59,Inborn errors of neurotransmitter metabolism,no_range,E88.8,vas_98
5C59.0,Disorders of biogenic amine metabolism,no_range,E88.8,vas_98
5C59.00,Disorders of catecholamine synthesis,no_range,E88.8,vas_98
5C59.01,Disorders of pterin metabolism,no_range,E88.8,vas_98
5C59.0Y,Other specified disorders of biogenic amine metabolism,no_range,E88.8,vas_98
5C59.0Z,"Disorders of biogenic amine metabolism, unspecified",no_range,E88.8,vas_98
5C59.1,Disorders of gamma aminobutyric acid metabolism,no_range,E88.8,vas_98
5C59.2,Disorders of pyridoxine metabolism,no_range,E88.8,vas_98
5C59.Y,Other specified inborn errors of neurotransmitter metabolism,no_range,E88.8,vas_98
5C59.Z,"Inborn errors of neurotransmitter metabolism, unspecified",no_range,E88.8,vas_98
5C5Y,Other specified inborn errors of metabolism,no_range,E88.9,vas_98
5C5Z,"Inborn errors of metabolism, unspecified",no_range,E88.9,vas_98
5C60,Disorders of amino acid absorption or transport,no_range,E72.0,vas_98
5C60.0,Oculocerebrorenal syndrome,no_range,E72.0,vas_98
5C60.1,Cystinosis,no_range,E72.0,vas_98
5C60.2,Cystinuria,no_range,E72.0,vas_98
5C60.Y,Other specified disorders of amino acid absorption or transport,no_range,E72.0,vas_98
5C60.Z,"Disorders of amino acid absorption or transport, unspecified",no_range,E72.0,vas_98
5C61,Disorders of carbohydrate absorption or transport,no_range,E88.9,vas_98
5C61.0,Glucose-galactose malabsorption,no_range,E74.3,vas_98
5C61.1,Maltase-glucoamylase deficiency,no_range,E74.3,vas_98
5C61.2,Congenital sucrase-isomaltase deficiency,no_range,E74.3,vas_98
5C61.3,"Alpha, alpha trehalase deficiency",no_range,E74.8,vas_98
5C61.4,Acquired monosaccharide malabsorption,no_range,E74.3,vas_98
5C61.40,Fructose malabsorption,no_range,E74.1,vas_98
5C61.4Y,Other specified acquired monosaccharide malabsorption,no_range,E74.3,vas_98
5C61.4Z,"Acquired monosaccharide malabsorption, unspecified",no_range,E74.3,vas_98
5C61.5,Disorders of facilitated glucose transport,no_range,E74.8,vas_98
5C61.Y,Other specified disorders of carbohydrate absorption or transport,no_range,E88.9,vas_98
5C61.Z,"Disorders of carbohydrate absorption or transport, unspecified",no_range,E88.9,vas_98
5C62,Disorders of lipid absorption or transport,no_range,E78.8,vas_98
5C63,Disorders of vitamin or non-protein cofactor absorption or transport,no_range,E88.8,vas_98
5C63.0,Disorders of cobalamin metabolism or transport,no_range,E88.8,vas_98
5C63.1,Disorders of folate metabolism or transport,no_range,E88.8,vas_98
5C63.2,Disorders of vitamin D metabolism or transport,no_range,E88.8,vas_98
5C63.20,Hypocalcaemic vitamin D dependent rickets,no_range,E88.8,vas_98
5C63.21,Hypocalcaemic vitamin D resistant rickets,no_range,E88.8,vas_98
5C63.22,Hypophosphataemic rickets,no_range,E88.8,vas_98
5C63.2Y,Other specified disorders of vitamin D metabolism or transport,no_range,E88.8,vas_98
5C63.2Z,"Disorders of vitamin D metabolism or transport, unspecified",no_range,E88.8,vas_98
5C63.Y,Other specified disorders of vitamin or non-protein cofactor absorption or transport,no_range,E88.8,vas_98
5C63.Z,"Disorders of vitamin or non-protein cofactor absorption or transport, unspecified",no_range,E88.8,vas_98
5C6Y,Other specified disorders of metabolite absorption or transport,no_range,E88.9,vas_98
5C6Z,"Disorders of metabolite absorption or transport, unspecified",no_range,E88.9,vas_98
5C78,Fluid overload,no_range,E87.7,vas_98
5C7Y,"Other specified disorders of fluid, electrolyte or acid-base balance",no_range,E88.9,vas_98
5C7Z,"Disorders of fluid, electrolyte or acid-base balance, unspecified",no_range,E88.9,vas_98
6A00,Disorders of intellectual development,no_range,F70-F79,vas_98
6A00.0,"Disorder of intellectual development, mild",no_range,F70,vas_98
6A00.1,"Disorder of intellectual development, moderate",no_range,F71,vas_98
6A00.2,"Disorder of intellectual development, severe",no_range,F72,vas_98
6A00.3,"Disorder of intellectual development, profound",no_range,F73,vas_98
6A00.4,"Disorder of intellectual development, provisional",no_range,F70-F79,vas_98
6A00.Z,"Disorders of intellectual development, unspecified",no_range,F70-F79,vas_98
6A01,Developmental speech or language disorders,no_range,F80-F89,vas_98
6A01.0,Developmental speech sound disorder,no_range,F80.0,vas_98
6A01.1,Developmental speech fluency disorder,no_range,F80.8,vas_98
6A01.2,Developmental language disorder,no_range,F80.9,vas_98
6A01.20,Developmental language disorder with impairment of receptive and expressive language,no_range,F80.2,vas_98
6A01.21,Developmental language disorder with impairment of mainly expressive language,no_range,F80.1,vas_98
6A01.22,Developmental language disorder with impairment of mainly pragmatic language,no_range,F80.8,vas_98
6A01.23,"Developmental language disorder, with other specified language impairment",no_range,F80.8,vas_98
6A01.Y,Other specified developmental speech or language disorders,no_range,F80-F89,vas_98
6A01.Z,"Developmental speech or language disorders, unspecified",no_range,F80-F89,vas_98
6A02,Autism spectrum disorder,no_range,F80-F89,vas_98
6A02.0,Autism spectrum disorder without disorder of intellectual development and with mild or no impairment of functional language,no_range,F80-F89,vas_98
6A02.1,Autism spectrum disorder with disorder of intellectual development and with mild or no impairment of functional language,no_range,F80-F89,vas_98
6A02.2,Autism spectrum disorder without disorder of intellectual development and with impaired functional language,no_range,F80-F89,vas_98
6A02.3,Autism spectrum disorder with disorder of intellectual development and with impaired functional language,no_range,F80-F89,vas_98
6A02.5,Autism spectrum disorder with disorder of intellectual development and with absence of functional language,no_range,F80-F89,vas_98
6A02.Y,Other specified autism spectrum disorder,no_range,F80-F89,vas_98
6A02.Z,"Autism spectrum disorder, unspecified",no_range,F80-F89,vas_98
6A03,Developmental learning disorder,no_range,F81.9,vas_98
6A03.0,Developmental learning disorder with impairment in reading,no_range,F81.0,vas_98
6A03.1,Developmental learning disorder with impairment in written expression,no_range,F81.1,vas_98
6A03.2,Developmental learning disorder with impairment in mathematics,no_range,F81.2,vas_98
6A03.3,Developmental learning disorder with other specified impairment of learning,no_range,F81.9,vas_98
6A03.Z,"Developmental learning disorder, unspecified",no_range,F81.9,vas_98
6A04,Developmental motor coordination disorder,no_range,F82,vas_98
6A05,Attention deficit hyperactivity disorder,no_range,F80-F89,vas_98
6A05.0,"Attention deficit hyperactivity disorder, predominantly inattentive presentation",no_range,F80-F89,vas_98
6A05.1,"Attention deficit hyperactivity disorder, predominantly hyperactive-impulsive presentation",no_range,F80-F89,vas_98
6A05.2,"Attention deficit hyperactivity disorder, combined presentation",no_range,F80-F89,vas_98
6A05.Y,"Attention deficit hyperactivity disorder, other specified presentation",no_range,F80-F89,vas_98
6A05.Z,"Attention deficit hyperactivity disorder, presentation unspecified",no_range,F80-F89,vas_98
6A06,Stereotyped movement disorder,no_range,F98.4,vas_98
6A06.0,Stereotyped movement disorder without self-injury,no_range,F98.4,vas_98
6A06.1,Stereotyped movement disorder with self-injury,no_range,F98.4,vas_98
6A06.Z,"Stereotyped movement disorder, unspecified",no_range,F98.4,vas_98
6A0Y,Other specified neurodevelopmental disorders,no_range,F80-F89,vas_98
6A0Z,"Neurodevelopmental disorders, unspecified",no_range,F80-F89,vas_98
7A82,Sleep-related leg cramps,no_range,R25.2,
CA44,Pyothorax,no_range,J86,vas_98
CA4Y,Other specified lung infections,no_range,J09-J18,vas_01_02
DB94,Alcoholic liver disease,no_range,K70,vas_06_02
DB94.0,Alcoholic fatty liver,no_range,K70.0,vas_06_02
DB94.1,Alcoholic hepatitis,no_range,K70.1,vas_06_02
DB94.10,Alcoholic hepatitis with cirrhosis,no_range,K70.1,vas_06_02
DB94.1Y,Other specified alcoholic hepatitis,no_range,K70.1,vas_06_02
DB94.1Z,"Alcoholic hepatitis, unspecified",no_range,K70.1,vas_06_02
DB94.Y,Other specified alcoholic liver disease,no_range,K70,vas_06_02
DB94.Z,"Alcoholic liver disease, unspecified",no_range,K70,vas_06_02
DB95,Drug-induced or toxic liver disease,no_range,K71,
DB95.0,Drug-induced or toxic liver disease with acute hepatic necrosis or acute hepatitis,no_range,K71,
DB95.1,Drug-induced or toxic liver disease with chronic hepatitis,no_range,K71,
DB95.10,Drug-induced or toxic liver disease with chronic hepatitis with cirrhosis,no_range,K71,
DB95.11,Drug-induced or toxic liver disease with chronic hepatitis without cirrhosis,no_range,K71,
DB95.1Z,"Drug-induced or toxic liver disease with chronic hepatitis, unspecified",no_range,K71,
DB95.2,Drug-induced or toxic liver disease with cholestasis,no_range,K71.0,
DB95.20,Chronic drug-induced or toxic liver disease with cholestasis,no_range,K71.0,
DB95.2Y,Other specified drug-induced or toxic liver disease with cholestasis,no_range,K71.0,
DB95.2Z,"Drug-induced or toxic liver disease with cholestasis, unspecified",no_range,K71.0,
DB95.3,Drug-induced or toxic liver disease with fatty liver,no_range,K71,
DB95.30,Drug-induced or toxic liver disease with chronic fatty liver disease,no_range,K71,
DB95.3Y,Other specified drug-induced or toxic liver disease with fatty liver,no_range,K71,
DB95.3Z,"Drug-induced or toxic liver disease with fatty liver, unspecified",no_range,K71,
DB95.4,Drug-induced or toxic liver disease with granulomatous hepatitis,no_range,K71,
DB95.6,Drug-induced or toxic liver disease with vascular disorders of the liver,no_range,K71,
DB95.7,Drug-induced or toxic liver disease with liver tumours,no_range,K71,
DB95.Y,Other specified drug-induced or toxic liver disease,no_range,K71.8,
DB95.Z,"Drug-induced or toxic liver disease, unspecified",no_range,K71,
ED01,Simulated skin disease,no_range,Z76.5,
EE00,Hyperhidrosis,no_range,R61,
EE00.0,Localised hyperhidrosis,no_range,R61.0,
EE00.00,Palmoplantar hyperhidrosis,no_range,R61.0,
EE00.01,Axillary hyperhidrosis,no_range,R61.0,
EE00.02,Craniofacial hyperhidrosis,no_range,R61.0,
EE00.0Y,Other specified localised hyperhidrosis,no_range,R61.0,
EE00.0Z,"Localised hyperhidrosis, unspecified",no_range,R61.0,
EE00.1,Primary generalised hyperhidrosis,no_range,R61.1,
EE00.Z,"Hyperhidrosis, unspecified",no_range,R61,
EE21,Epidermal fragility,no_range,R23.4,
GB83,Nephronophthisis,no_range,Q61.8,vas_10_06
JB0A,Certain specified obstetric trauma,no_range,O71,
JB64,"Certain maternal diseases classifiable elsewhere but complicating pregnancy, childbirth or the puerperium",no_range,O99,vas_09_99
KD30,Birth depression,no_range,P90-P96,multiple:vas_10_99|vas_11_02
QA00,General examination or investigation of persons without complaint or reported diagnosis,no_range,Z00,
QA00.0,General adult medical examination,no_range,Z00.0,
QA00.1,Routine child health examination,no_range,Z00.1,
QA00.2,Routine newborn health examination,no_range,Z00,
QA00.3,General mental examination,no_range,Z00.4,
QA00.4,Examination of potential donor of organ or tissue,no_range,Z00.5,
QA00.5,Examination for normal comparison or control in clinical research programme,no_range,Z00.6,
QA00.6,Examination of eyes or vision,no_range,Z01.0,
QA00.61,Normal Visual Field,no_range,Z01.0,
QA00.62,No vision impairment,no_range,H54.3,vas_98
QA00.6Y,Other specified examination of eyes or vision,no_range,Z01.0,
QA00.6Z,"Examination of eyes or vision, unspecified",no_range,Z01.0,
QA00.7,Examination of ears or hearing,no_range,Z01.1,
QA00.8,Dental examination,no_range,Z01.2,
QA00.9,Gynaecological examination,no_range,Z01.4,
QA00.A,Skin or other sensitisation tests,no_range,Z01.5,
QA00.B,Radiological examination,no_range,Z01.6,
QA00.C,Laboratory examination,no_range,Z01.7,
QA00.D,Encounter for blood typing,no_range,Z00,
QA00.E,Encounter for antibody response examination,no_range,Z00,
QA00.Y,Other specified general examination or investigation of persons without complaint or reported diagnosis,no_range,Z00.8,
QA00.Z,"General examination or investigation of persons without complaint or reported diagnosis, unspecified",no_range,Z00,
QA01,Examination or encounter for administrative purposes,no_range,Z02,
QA01.0,Examination for admission to educational institution,no_range,Z02.0,
QA01.1,Pre-employment examination,no_range,Z02.1,
QA01.2,Examination for admission to residential institutions,no_range,Z02.2,
QA01.3,Examination for recruitment to armed forces,no_range,Z02.3,
QA01.4,Examination for driving license,no_range,Z02.4,
QA01.5,Examination for participation in sport,no_range,Z02.5,
QA01.6,Examination for insurance purposes,no_range,Z02.6,
QA01.7,Issue of medical certificate,no_range,Z02.7,
QA01.8,Encounter for adoption services,no_range,Z02,
QA01.Y,Other specified examination or encounter for administrative purposes,no_range,Z02.8,
QA01.Z,"Examination or encounter for administrative purposes, unspecified",no_range,Z02,
QA02,"Medical observation or evaluation for suspected diseases or conditions, ruled out",no_range,Z03,
QA02.0,"Observation for suspected tuberculosis, ruled out",no_range,Z03.0,
QA02.1,"Observation for suspected Dengue, ruled out",no_range,Z03,
QA02.2,"Observation for suspected malignant neoplasm, ruled out",no_range,Z03.1,
QA02.3,"Observation for suspected mental or behavioural disorders, ruled out",no_range,Z03.2,
QA02.4,"Observation for suspected nervous system disorder, ruled out",no_range,Z03.3,
QA02.5,"Observation for suspected toxic effect from ingested substance, ruled out",no_range,Z03.6,
QA02.6,"Observation or evaluation of newborn for suspected condition, ruled out",no_range,Z03,
QA02.7,"Observation for suspected suicide ideation or attempt, ruled out",no_range,Z03,
QA02.8,"Observation for suspected allergy or hypersensitivity, ruled out",no_range,Z03,
QA02.Y,"Medical observation or evaluation for other suspected diseases or conditions, ruled out",no_range,Z03.8,
QA03,Routine general health check-up of defined subpopulation,no_range,Z10,
QA03.0,Occupational health examination,no_range,Z10.0,
QA03.1,Routine general health check-up of inhabitants of institutions,no_range,Z10.1,
QA03.2,Routine general health check-up of armed forces,no_range,Z10.2,
QA03.3,Routine general health check-up of sports teams,no_range,Z10.3,
QA03.Y,Other specified routine general health check-up of defined subpopulation,no_range,Z10.8,
QA03.Z,"Routine general health check-up of defined subpopulation, unspecified",no_range,Z10,
QA04,Examination or observation for reasons other than suspected diseases or conditions or administrative purposes,no_range,Z04,
QA04.0,Blood-alcohol or blood-drug test,no_range,Z04.0,
QA04.1,Alcohol or drug testing other than by blood,no_range,Z04,
QA04.2,Examination or observation following transport accident,no_range,Z04.1,
QA04.3,Examination or observation following work accident,no_range,Z04.2,
QA04.4,Examination or observation following accident other than work or transport,no_range,Z04.3,
QA04.5,Examination or observation for suspected maltreatment,no_range,Z04,
QA04.50,Examination or observation for suspected physical maltreatment,no_range,Z04,
QA04.51,Examination or observation for suspected sexual maltreatment,no_range,Z04.4,
QA04.52,Examination or observation for suspected psychological maltreatment,no_range,Z04,
QA04.53,Examination or observation for suspected neglect or abandonment,no_range,Z04,
QA04.5Y,Other specified examination or observation for suspected maltreatment,no_range,Z04,
QA04.5Z,"Examination or observation for suspected maltreatment, unspecified",no_range,Z04,
QA04.6,"General mental examination, requested by authority",no_range,Z04.6,
QA04.7,Examination for medicolegal reasons,no_range,Z04,
QA04.Y,Other specified examination or observation for reasons other than suspected diseases or conditions or administrative purposes,no_range,Z04.8,
QA04.Z,"Examination or observation for reasons other than suspected diseases or conditions or administrative purposes, unspecified",no_range,Z04,
QA05,Person consulting for explanation of investigation findings,no_range,Z71.2,
QA06,Follow-up examination after treatment for malignant neoplasms,no_range,Z08,
QA07,Follow-up examination after treatment for conditions other than malignant neoplasms,no_range,Z09,
QA07.0,Follow-up examination after organ transplant,no_range,Z09,
QA07.Y,Other specified follow-up examination after treatment for conditions other than malignant neoplasms,no_range,Z09.8,
QA07.Z,"Follow-up examination after treatment for conditions other than malignant neoplasms, unspecified",no_range,Z09,
QA08,Special screening examination for infectious diseases,no_range,Z11,
QA08.0,Special screening examination for intestinal infectious diseases,no_range,Z11.0,
QA08.1,Special screening examination for respiratory tuberculosis,no_range,Z11.1,
QA08.2,Special screening examination for other bacterial diseases,no_range,Z11.2,
QA08.3,Special screening examination for infections with a predominantly sexual mode of transmission,no_range,Z11.3,
QA08.4,Special screening examination for human immunodeficiency virus,no_range,Z11.4,
QA08.5,Special screening examination for other viral diseases,no_range,Z11.5,
QA08.6,Special screening examination for other protozoal diseases or helminthiases,no_range,Z11.6,
QA08.Y,Special screening examination for other specified infectious diseases,no_range,Z11.8,
QA08.Z,Special screening examination for unspecified infectious diseases,no_range,Z11,
QA09,Special screening examination for neoplasms,no_range,Z12,
QA09.0,Special screening examination for neoplasm of stomach,no_range,Z12.0,
QA09.1,Special screening examination for neoplasm of intestinal tract,no_range,Z12.1,
QA09.2,Special screening examination for neoplasm of respiratory organs,no_range,Z12.2,
QA09.3,Special screening examination for neoplasm of breast,no_range,Z12.3,
QA09.4,Special screening examination for neoplasm of cervix,no_range,Z12.4,
QA09.5,Special screening examination for neoplasm of prostate,no_range,Z12.5,
QA09.6,Special screening examination for neoplasm of bladder,no_range,Z12.6,
QA09.7,Special screening examination for neoplasm of skin,no_range,Z12,
QA09.Y,Other specified special screening examination for neoplasms,no_range,Z12.8,
QA09.Z,Special screening for neoplasm of unspecified site,no_range,Z12,
QA0A,Special screening examination for other diseases or disorders,no_range,Z13,
QA0A.0,Special screening examination for diseases of the blood or blood-forming organs or certain disorders involving the immune mechanism,no_range,Z13.0,
QA0A.1,Special screening examination for endocrine or metabolic disorder,no_range,Z13,
QA0A.10,Special screening examination for diabetes mellitus,no_range,Z13.1,
QA0A.1Y,Other specified special screening examination for endocrine or metabolic disorder,no_range,Z13,
QA0A.1Z,"Special screening examination for endocrine or metabolic disorder, unspecified",no_range,Z13,
QA0A.2,Special screening examination for nutritional disorders,no_range,Z13.2,
QA0A.3,Special screening examination for mental or behavioural disorders,no_range,Z13.3,
QA0A.4,Special screening examination for certain developmental disorders in childhood,no_range,Z13.4,
QA0A.5,Special screening examination for eye or ear disorders,no_range,Z13.5,
QA0A.6,Special screening examination for cardiovascular disorders,no_range,Z13.6,
QA0A.7,Special screening examination for allergic and hypersensitivity conditions,no_range,Z13,
QA0A.Y,"Special screening for diseases or disorders, not elsewhere classified",no_range,Z13.8,
QA0A.Z,"Special screening examination for other diseases or disorders, unspecified",no_range,Z13,
QA0B,Preprocedural examination,no_range,Z00-Z13,
QA0Y,Other examination or investigation,no_range,Z00-Z13,
QA0Z,"Examination or investigation, unspecified",no_range,Z00-Z13,
QA10,Contact with health services for dietary counselling or surveillance,no_range,Z71.3,
QA11,Contact with health services for alcohol use counselling or surveillance,no_range,Z71.4,
QA12,Contact with health services for drug use counselling or surveillance,no_range,Z71.5,
QA13,Contact with health services for tobacco use counselling,no_range,Z71.6,
QA14,Contact with health services for human immunodeficiency virus counselling,no_range,Z71.7,
QA15,Counselling related to sexuality,no_range,Z70,
QA15.0,Counselling related to sexual attitudes,no_range,Z70.0,
QA15.1,Counselling related to sexual behaviour or orientation or sexual relationships of the person,no_range,Z70.1,
QA15.2,Counselling related to sexual behaviour or orientation or sexual relationships of third party,no_range,Z70.2,
QA15.3,"Counselling related to combined sexual attitudes, sexual behaviour or sexual relationships",no_range,Z70.3,
QA15.Y,Other specified counselling related to sexuality,no_range,Z70.8,
QA15.Z,"Counselling related to sexuality, unspecified",no_range,Z70,
QA16,Individual psychological or behavioural counselling,no_range,Z71.8,
QA17,Marital or couples counselling,no_range,Z71.8,
QA18,Family counselling,no_range,Z71.8,
QA19,Group counselling,no_range,Z71.8,
QA1A,Discussion of issues surrounding impending death,no_range,Z71.8,
QA1B,Concern about or fear of medical treatment,no_range,Z71.1,
QA1C,Person with feared complaint in whom no diagnosis is made,no_range,Z71.1,
QA1Y,Contact with health services for other specified counselling,no_range,XXI,
QA1Z,Contact with health services for unspecified counselling,no_range,XXI,
QA20,Contact with health services for concerns about pregnancy,no_range,Z71.1,
QA21,Contact with health services for contraceptive management,no_range,Z30,
QA21.0,Contact with health services for postcoital contraception,no_range,Z30,
QA21.1,Contact with health services for general counselling or advice on contraception,no_range,Z30.0,
QA21.2,Contact with health services for insertion of contraceptive device,no_range,Z30.1,
QA21.3,Contact with health services for sterilisation,no_range,Z30.2,
QA21.4,Contact with health services for menstrual extraction,no_range,Z30.3,
QA21.5,Surveillance of contraceptive drugs,no_range,Z30.4,
QA21.6,Surveillance of contraceptive device,no_range,Z30.5,
QA21.60,Retained intrauterine device without injury or harm in non-pregnant uterus,no_range,Z30.5,
QA21.6Y,Other specified surveillance of contraceptive device,no_range,Z30.5,
QA21.6Z,"Surveillance of contraceptive device, unspecified",no_range,Z30.5,
QA21.Y,Other specified contact with health services for contraceptive management,no_range,Z30.8,
QA21.Z,"Contact with health services for contraceptive management, unspecified",no_range,Z30,
QA30,Contact with health services for medically assisted reproduction,no_range,Z31,
QA30.0,Contact with health services for assisted insemination,no_range,Z31.1,
QA30.00,Contact with health services for gamete intrafallopian transfer,no_range,Z31.1,
QA30.01,Contact with health services for procreative management by artificial insemination,no_range,Z31.1,
QA30.02,Contact with health services for medically assisted sperm insemination,no_range,Z31.1,
QA30.0Y,Contact with health services for other specified assisted insemination,no_range,Z31.1,
QA30.0Z,Contact with health services for unspecified assisted insemination,no_range,Z31.1,
QA30.1,Contact with health services for assisted reproductive technology,no_range,Z31,
QA30.10,Contact with health services for in vitro fertilisation,no_range,Z31.2,
QA30.11,Contact with health services for egg retrieval,no_range,Z31,
QA30.12,Contact with health services for embryo transfer,no_range,Z31,
QA30.13,Contact with health services for ovum implantation,no_range,Z31,
QA30.14,Contact with health services for harvesting ovum for in vitro fertilisation,no_range,Z31,
QA30.15,Contact with health services for harvesting or implantation of ova,no_range,Z31,
QA30.1Y,Contact with health services for other specified assisted reproductive technology,no_range,Z31,
QA30.1Z,Contact with health services for unspecified assisted reproductive technology,no_range,Z31,
QA30.2,Contact with health services for other assisted fertilisation methods,no_range,Z31.3,
QA30.20,Contact with health services for controlled ovarian stimulation for assisted reproductive technology,no_range,Z31.3,
QA30.21,Contact with health services for controlled ovarian stimulation for non-assisted reproductive technology cycles,no_range,Z31.3,
QA30.22,Contact with health services for ovulation induction,no_range,Z31.3,
QA30.2Y,Contact with health services for other specified assisted fertilisation methods,no_range,Z31.3,
QA30.2Z,Contact with health services for unspecified assisted fertilisation methods,no_range,Z31.3,
QA30.Y,Other specified contact with health services for medically assisted reproduction,no_range,Z31,
QA30.Z,"Contact with health services for medically assisted reproduction, unspecified",no_range,Z31,
QA31,Contact with health services for genetic counselling,no_range,Z31.5,
QA32,Contact with health services for tuboplasty or vasoplasty after previous sterilisation,no_range,Z31.0,
QA33,Contact with health services for preconception counselling,no_range,Z31,
QA34,Contact with health services for fertility preservation counselling,no_range,Z31,
QA35,Contact with health services by gestational carrier,no_range,Z31,
QA3Y,Contact with health services for other specified procreative management,no_range,Z31.8,
QA3Z,"Contact with health services for procreative management, unspecified",no_range,Z31,
QA40,Pregnancy examination or test,no_range,Z32,
QA41,Pregnant state,no_range,Z33,
QA42,Supervision of normal pregnancy,no_range,Z34,
QA42.0,Supervision of normal first pregnancy,no_range,Z34.0,
QA42.Y,Supervision of other specified normal pregnancy,no_range,Z34.8,
QA42.Z,"Supervision of normal pregnancy, unspecified",no_range,Z34,
QA43,Supervision of high-risk pregnancy,no_range,Z35,
QA43.0,Supervision of pregnancy with history of infertility,no_range,Z35.0,
QA43.1,Supervision of pregnancy with history of abortive outcome,no_range,Z35.1,
QA43.2,Supervision of pregnancy with other poor reproductive or obstetric history,no_range,Z35.2,
QA43.3,Supervision of pregnancy with history of insufficient antenatal care,no_range,Z35.3,
QA43.30,Concealed pregnancy,no_range,Z35.3,
QA43.3Y,Other specified supervision of pregnancy with history of insufficient antenatal care,no_range,Z35.3,
QA43.3Z,"Supervision of pregnancy with history of insufficient antenatal care, unspecified",no_range,Z35.3,
QA43.4,Supervision of elderly primigravida,no_range,Z35.5,
QA43.5,Supervision of very young primigravida,no_range,Z35.6,
QA43.6,Supervision of high-risk pregnancy due to social problems,no_range,Z35.7,
QA43.Y,Other specified supervision of high-risk pregnancy,no_range,Z35.8,
QA43.Z,"Supervision of high-risk pregnancy, unspecified",no_range,Z35,
QA44,Expectant parent pre-birth visit,no_range,Z30-Z39,
QA45,Antenatal screening,no_range,Z36,
QA45.0,Antenatal screening for chromosomal anomalies,no_range,Z36.0,
QA45.1,Antenatal screening due to raised alphafetoprotein level,no_range,Z36.1,
QA45.Y,Other specified antenatal screening,no_range,Z36.8,
QA45.Z,"Antenatal screening, unspecified",no_range,Z36,
QA46,Outcome of delivery,no_range,Z37,
QA46.0,Single live birth,no_range,Z37.0,
QA46.1,Single stillbirth,no_range,Z37.1,
QA46.2,"Twins, both liveborn",no_range,Z37.2,
QA46.3,"Twins, one liveborn and one stillborn",no_range,Z37.3,
QA46.4,"Twins, both stillborn",no_range,Z37.4,
QA46.5,"Triplets, all liveborn",no_range,Z37,
QA46.6,"Triplets, some liveborn",no_range,Z37,
QA46.7,"Triplets, all stillborn",no_range,Z37,
QA46.8,"Quadruplets, all liveborn",no_range,Z37,
QA46.9,"Quadruplets, some liveborn",no_range,Z37,
QA46.A,"Quadruplets, all stillborn",no_range,Z37,
QA46.B,"Quintuplets, all liveborn",no_range,Z37,
QA46.C,"Quintuplets, some liveborn",no_range,Z37,
QA46.D,"Quintuplets, all stillborn",no_range,Z37,
QA46.E,"Sextuplets, all liveborn",no_range,Z37,
QA46.F,"Sextuplets, some liveborn",no_range,Z37,
QA46.G,"Sextuplets, all stillborn",no_range,Z37,
QA46.H,"Other multiple births, all liveborn",no_range,Z37.5,
QA46.J,"Other multiple births, some liveborn",no_range,Z37.6,
QA46.K,"Other multiple births, all stillborn",no_range,Z37.7,
QA46.Z,"Outcome of delivery, unspecified",no_range,Z37,
QA47,Liveborn infants according to place of birth,no_range,Z38,
QA47.0,"Singleton, born in hospital",no_range,Z38.0,
QA47.00,"Single liveborn infant, delivered vaginally",no_range,Z38.0,
QA47.01,"Single liveborn infant, delivered by caesarean",no_range,Z38.0,
QA47.0Y,"Other specified singleton, born in hospital",no_range,Z38.0,
QA47.0Z,"Singleton, born in hospital, unspecified",no_range,Z38.0,
QA47.1,"Singleton, born outside hospital",no_range,Z38.1,
QA47.2,"Singleton, unspecified as to place of birth",no_range,Z38.2,
QA47.3,"Twin, born in hospital",no_range,Z38.3,
QA47.30,"Twin liveborn infant, delivered vaginally",no_range,Z38.3,
QA47.31,"Twin liveborn infant, delivered by caesarean",no_range,Z38.3,
QA47.3Y,"Other specified twin, born in hospital",no_range,Z38.3,
QA47.3Z,"Twin, born in hospital, unspecified",no_range,Z38.3,
QA47.4,"Twin, born outside hospital",no_range,Z38.4,
QA47.5,"Twin, unspecified as to place of birth",no_range,Z38.5,
QA47.6,"Multiple other than twins, born in hospital",no_range,Z38.6,
QA47.60,"Multiple other than twins, delivered vaginally",no_range,Z38.6,
QA47.61,"Multiple other than twins, delivered by caesarean section",no_range,Z38.6,
QA47.6Y,"Other specified multiple other than twins, born in hospital",no_range,Z38.6,
QA47.6Z,"Multiple other than twins, born in hospital, unspecified",no_range,Z38.6,
QA47.7,"Multiple other than twins, born outside hospital",no_range,Z38.7,
QA47.8,"Other multiple, unspecified as to place of birth",no_range,Z38,
QA47.Z,"Liveborn infants according to place of birth, unspecified",no_range,Z38,
QA48,Postpartum care or examination,no_range,Z39,
QA48.0,Care or examination immediately after delivery,no_range,Z39.0,
QA48.1,Care or examination of lactating mother,no_range,Z39.1,
QA48.2,Routine postpartum follow-up,no_range,Z39.2,
QA48.Y,Other specified postpartum care or examination,no_range,Z39,
QA48.Z,"Postpartum care or examination, unspecified",no_range,Z39,
QA49,Problems related to unwanted pregnancy,no_range,Z64.0,
QA4A,Problems related to multiparity,no_range,Z64.1,
QA4B,Contact with health services for menopausal counselling,no_range,Z30-Z39,
QA4Y,Other specified contact with health services for reasons associated with reproduction,no_range,Z30-Z39,
QA4Z,"Contact with health services for reasons associated with reproduction, unspecified",no_range,Z30-Z39,
QA50,Embolisation without injury or harm,no_range,XXI,
QA51,Foreign body accidentally left in body without injury or harm,no_range,XXI,
QA52,Failure of sterile precautions without injury or harm,no_range,XXI,
QA53,Pressure as potential mode of injury without injury or harm,no_range,XXI,
QA5Y,"Other specified circumstances associated with a surgical or other medical procedure influencing the episode of care, without injury or harm",no_range,XXI,
QA5Z,"Circumstances associated with a surgical or other medical procedure influencing the episode of care, without injury or harm, unspecified",no_range,XXI,
QA60,Structural device failure without injury or harm,no_range,XXI,
QA61,Functional device failure without injury or harm,no_range,XXI,
QA62,"Dislodgement, misconnection or de-attachment of a surgical or medical device without injury or harm",no_range,XXI,
QA63,Obstruction of device without injury or harm,no_range,XXI,
QA64,Operator error without injury or harm,no_range,XXI,
QA65,Combination or interaction of operator error and device failure without injury or harm,no_range,XXI,
QA6Y,Other specified circumstances associated with a surgical or other medical device influencing the episode of care without injury or harm,no_range,XXI,
QA6Z,"Circumstances associated with a surgical or other medical device influencing the episode of care without injury or harm, unspecified",no_range,XXI,
QA70,Overdose of substance without injury or harm,no_range,XXI,
QA71,Underdosing without injury or harm,no_range,XXI,
QA72,Incorrect substance without injury or harm,no_range,XXI,
QA73,Incorrect route of administration without injury or harm,no_range,XXI,
QA75,Incorrect duration of administration or course of therapy without injury or harm,no_range,XXI,
QA76,Medication or substance that is known to be an allergen without injury or harm,no_range,XXI,
QA77,Medication or substance that is known to be contraindicated for the patient without injury or harm,no_range,XXI,
QA78,Expired or deteriorated medication or substance without injury or harm,no_range,XXI,
QA79,Drug or substance interactions without injury or harm,no_range,XXI,
QA7A,Inappropriate stoppage or discontinuation of drug without injury or harm,no_range,XXI,
QA7Y,"Other specified circumstances associated with exposure to a drug, medicament or biological substance influencing the episode of care without injury or harm",no_range,XXI,
QA7Z,"Circumstances associated with exposure to a drug, medicament or biological substance influencing the episode of care without injury or harm, unspecified",no_range,XXI,
QA80,Non-administration of necessary drug without injury or harm,no_range,XXI,
QA81,Non-provision of necessary procedure without injury or harm,no_range,XXI,
QA82,Problem associated with physical transfer of patient without injury or harm,no_range,XXI,
QA83,Mismatched blood used in transfusion without injury or harm,no_range,XXI,
QA84,Other problem with transfusion without injury or harm,no_range,XXI,
QA85,Problem with physical restraints without injury or harm,no_range,XXI,
QA86,Problem with isolation protocol without injury or harm,no_range,XXI,
QA87,Problem with clinical documentation without injury or harm,no_range,XXI,
QA88,Problem with clinical software without injury or harm,no_range,XXI,
QA89,Incorrect diagnosis without injury or harm,no_range,XXI,
QA8A,Delayed diagnosis without injury or harm,no_range,XXI,
QA8B,Delayed treatment without injury or harm,no_range,XXI,
QA8C,"Problem with transitions of care, hand offs, or handovers without injury or harm",no_range,XXI,
QA8D,Patient received diagnostic test or treatment intended for another patient without injury or harm,no_range,XXI,
QA8E,Fall in health care without injury or harm,no_range,XXI,
QA8F,Needle stick without injury or harm,no_range,XXI,
QA8Y,Other specified circumstances associated with other aspects of care influencing the episode of care without injury or harm,no_range,XXI,
QA8Z,"Circumstances associated with other aspects of care influencing the episode of care without injury or harm, unspecified",no_range,XXI,
QB0Y,Other specified health care related circumstances influencing the episode of care without injury or harm,no_range,XXI,
QB0Z,"Health care related circumstances influencing the episode of care without injury or harm, unspecified",no_range,XXI,
QB10,Medical services not available in home,no_range,Z75.0,
QB11,Person awaiting admission to adequate facility elsewhere,no_range,Z75.1,
QB12,Waiting period for investigation or treatment other than awaiting admission to adequate facility elsewhere,no_range,Z75.2,
QB12.0,Organ transplant candidate,no_range,Z75.2,
QB12.Y,Other specified waiting period for investigation or treatment other than awaiting admission to adequate facility elsewhere,no_range,Z75.2,
QB12.Z,"Waiting period for investigation or treatment other than awaiting admission to adequate facility elsewhere, unspecified",no_range,Z75.2,
QB13,Unavailability or inaccessibility of helping agencies other than health care facilities,no_range,Z75.4,
QB14,Unavailability or inaccessibility of health care facilities,no_range,Z75.3,
QB15,Medical services not available in current medical facility,no_range,Z75,
QB16,Respite care,no_range,Z75.5,
QB1Y,Other specified factors related to medical facilities or other health care,no_range,Z75.8,
QB1Z,"Factors related to medical facilities or other health care, unspecified",no_range,Z75,
QB20,Blood donor,no_range,Z52.0,
QB21,Bone marrow donor,no_range,Z52.3,
QB22,Kidney donor,no_range,Z52.4,
QB23,Cornea donor,no_range,Z52.5,
QB24,Liver donor,no_range,Z52.6,
QB25,Heart donor,no_range,Z52.7,
QB2Y,Donors of other specified organs or tissues,no_range,Z52.8,
QB2Z,"Donors of organs or tissues, unspecified",no_range,Z52,
QB30,Adjustment or management of implanted devices,no_range,Z45,
QB30.0,Adjustment or management of implanted hearing device,no_range,Z45.3,
QB30.00,Adjustment or management of bone conduction device,no_range,Z45.3,
QB30.01,Adjustment or management of cochlear device,no_range,Z45.3,
QB30.0Y,Adjustment or management of other implanted hearing device,no_range,Z45.3,
QB30.0Z,"Adjustment or management of implanted hearing device, unspecified",no_range,Z45.3,
QB30.1,Adjustment or management of infusion pump,no_range,Z45.1,
QB30.2,Adjustment or management of cardiac devices,no_range,Z45.0,
QB30.20,Adjustment or management of cardiac pacemaker,no_range,Z45.0,
QB30.21,Adjustment or management of cardiac resynchronization therapy defibrillator,no_range,Z45.0,
QB30.22,Adjustment or management of cardiac resynchronization therapy pacemaker,no_range,Z45.0,
QB30.23,Adjustment or management of cardioverter-defibrillator,no_range,Z45.0,
QB30.2Y,Other specified adjustment or management of cardiac devices,no_range,Z45.0,
QB30.2Z,"Adjustment or management of cardiac devices, unspecified",no_range,Z45.0,
QB30.3,Adjustment or management of vascular access device,no_range,Z45.2,
QB30.4,Adjustment or management of implanted gastric device,no_range,Z45,
QB30.5,Fitting or adjustment of urinary device,no_range,Z46.6,
QB30.6,Adjustment or management of breast implant,no_range,Z45,
QB30.7,Adjustment or removal of myringotomy stent or tube,no_range,Z45,
QB30.8,Adjustment and management of a neurostimulator,no_range,Z46.2,
QB30.9,Fitting or adjustment of cerebrospinal fluid drainage device,no_range,Z46.2,
QB30.A,Fitting or adjustment of neuropacemaker,no_range,Z46.2,
QB30.Y,"Fitting, adjustment or management of other specified implanted devices",no_range,Z45.8,
QB30.Z,"Adjustment or management of implanted devices, unspecified",no_range,Z45,
QB31,"Fitting, adjustment or management of external devices",no_range,Z46,
QB31.0,Fitting or adjustment of external prosthetic device,no_range,Z44,
QB31.00,Fitting or adjustment of artificial arm,no_range,Z44.0,
QB31.01,Fitting or adjustment of artificial leg,no_range,Z44.1,
QB31.02,Fitting or adjustment of artificial eye,no_range,Z44.2,
QB31.03,Fitting or adjustment of external breast prosthesis,no_range,Z44.3,
QB31.0Y,Other specified fitting or adjustment of external prosthetic device,no_range,Z44.8,
QB31.0Z,"Fitting or adjustment of external prosthetic device, unspecified",no_range,Z44,
QB31.1,Fitting or adjustment of orthopaedic device,no_range,Z46.7,
QB31.2,Fitting or adjustment of orthodontic device,no_range,Z46.4,
QB31.3,Fitting or adjustment of dental prosthetic device,no_range,Z46.3,
QB31.4,Fitting or adjustment of hearing aid,no_range,Z46.1,
QB31.5,Fitting or adjustment of spectacles or contact lenses,no_range,Z46.0,
QB31.Y,"Fitting, adjustment or management of other specified external devices",no_range,Z46,
QB31.Z,"Fitting, adjustment or management of external devices, unspecified",no_range,Z46,
QB3Z,"Fitting, adjustment or management of devices, unspecified",no_range,Z46,
QB40,Dependence on aspirator,no_range,Z99.0,
QB41,Dependence on respirator,no_range,Z99.1,
QB42,Dependence on renal dialysis,no_range,Z99.2,
QB43,Dependence on artificial heart,no_range,Z99,
QB44,Dependence on wheelchair,no_range,Z99.3,
QB4Y,Dependence on other specified machine or device,no_range,Z99.8,
QB4Z,Dependence on unspecified machine or device,no_range,Z99,
QB50,Presence of cardiac or vascular implants or grafts,no_range,Z95,
QB50.0,Presence of electronic cardiac devices,no_range,Z95.0,
QB50.00,Presence of cardiac pacemaker,no_range,Z95.0,
QB50.01,Presence of cardiac resynchronization therapy defibrillator,no_range,Z95.0,
QB50.02,Presence of cardiac resynchronization therapy pacemaker,no_range,Z95.0,
QB50.03,Presence of cardioverter-defibrillator,no_range,Z95.0,
QB50.0Y,Other specified presence of electronic cardiac devices,no_range,Z95.0,
QB50.0Z,"Presence of electronic cardiac devices, unspecified",no_range,Z95.0,
QB50.1,Presence of coronary artery bypass graft,no_range,Z95.1,
QB50.2,Presence of prosthetic heart valve,no_range,Z95.2,
QB50.21,Presence of mechanical heart valve,no_range,Z95.2,
QB50.24,Presence of bioprosthetic heart valve,no_range,Z95.3,
QB50.2Y,"Presence of prosthetic heart valve, other specified type",no_range,Z95.2,
QB50.2Z,"Presence of prosthetic heart valve, unspecified",no_range,Z95.2,
QB50.4,Presence of coronary angioplasty implant or graft,no_range,Z95.5,
QB50.Y,Presence of other specified cardiac or vascular implants or grafts,no_range,Z95.8,
QB50.Z,Presence of unspecified cardiac or vascular implants or grafts,no_range,Z95,
QB51,Presence of devices other than cardiac or vascular implants,no_range,Z96,
QB51.0,Presence of a neurostimulator,no_range,Z96,
QB51.1,Presence of urogenital implants,no_range,Z96.0,
QB51.2,Presence of intraocular lens,no_range,Z96.1,
QB51.3,Presence of otological or audiological implants,no_range,Z96.2,
QB51.4,Presence of artificial larynx,no_range,Z96.3,
QB51.5,Presence of endocrine implants,no_range,Z96.4,
QB51.6,Presence of tooth-root or mandibular implants,no_range,Z96.5,
QB51.7,Presence of orthopaedic joint implants,no_range,Z96.6,
QB51.8,Presence of artificial eye,no_range,Z97.0,
QB51.9,Presence of artificial limb,no_range,Z97.1,
QB51.A,Presence of dental prosthetic device,no_range,Z97.2,
QB51.B,Presence of external hearing-aid,no_range,Z97.4,
QB51.C,Presence of contraceptive device,no_range,Z97.5,
QB51.D,Presence of cerebrospinal fluid drainage device,no_range,Z98.2,
QB51.Y,Presence of other specified devices other than cardiac or vascular implants,no_range,Z96.8,
QB5Z,Presence of unspecified device,no_range,XXI,
QB60,Presence of arthrodesis,no_range,Z98.1,
QB61,Presence of artificial opening,no_range,Z93,
QB61.0,Presence of tracheostomy,no_range,Z93.0,
QB61.1,Presence of thoracostomy,no_range,Z93,
QB61.2,Presence of gastrostomy,no_range,Z93.1,
QB61.3,Presence of enterostomy,no_range,Z93,
QB61.30,Presence of ileostomy,no_range,Z93.2,
QB61.3Y,Other specified presence of enterostomy,no_range,Z93,
QB61.3Z,"Presence of enterostomy, unspecified",no_range,Z93,
QB61.4,Presence of colostomy,no_range,Z93.3,
QB61.5,Presence of cystostomy,no_range,Z93.5,
QB61.6,Presence of nephrostomy,no_range,Z93.6,
QB61.7,Presence of ureterostomy,no_range,Z93.6,
QB61.8,Presence of urethrostomy,no_range,Z93.6,
QB61.Y,Presence of other artificial opening,no_range,Z93.8,
QB61.Z,"Presence of artificial opening, unspecified",no_range,Z93,
QB62,Attention to artificial openings,no_range,Z43,
QB62.0,Attention to tracheostomy,no_range,Z43.0,
QB62.1,Attention to gastrostomy,no_range,Z43.1,
QB62.2,Attention to ileostomy,no_range,Z43.2,
QB62.3,Attention to colostomy,no_range,Z43.3,
QB62.4,Attention to cystostomy,no_range,Z43.5,
QB62.5,Attention to artificial vagina,no_range,Z43.7,
QB62.6,Attention to nephrostomy,no_range,Z43.6,
QB62.7,Attention to ureterostomy,no_range,Z43.6,
QB62.8,Attention to urethrostomy,no_range,Z43.6,
QB62.Y,Attention to other artificial openings,no_range,Z43.8,
QB62.Z,"Attention to artificial openings, unspecified",no_range,Z43,
QB63,Presence of transplanted organ or tissue,no_range,Z94,
QB63.0,Presence of transplanted kidney,no_range,Z94.0,
QB63.1,Presence of transplanted heart,no_range,Z94.1,
QB63.2,Presence of transplanted lung,no_range,Z94.2,
QB63.3,Presence of transplanted liver,no_range,Z94.4,
QB63.4,Presence of transplanted skin,no_range,Z94.5,
QB63.5,Presence of transplanted bone,no_range,Z94.6,
QB63.6,Presence of transplanted bone marrow,no_range,Z94,
QB63.7,Presence of transfused blood,no_range,Z94,
QB63.8,Presence of transplanted stem cell,no_range,Z94,
QB63.9,Presence of transplanted cornea,no_range,Z94.7,
QB63.Y,Presence of other transplanted organ or tissue,no_range,Z94.8,
QB63.Z,"Presence of transplanted organ or tissue, unspecified",no_range,Z94,
QB6Y,Other specified surgical or postsurgical states,no_range,Z98.8,
QB6Z,"Surgical or postsurgical states, unspecified",no_range,Z98,
QB70,Convalescence following chemotherapy,no_range,Z54.2,
QB71,Convalescence following psychotherapy,no_range,Z54.3,
QB72,Convalescence following treatment of fracture,no_range,Z54.4,
QB73,Convalescence following combined treatment,no_range,Z54.7,
QB7Y,Other specified convalescence,no_range,Z54.8,
QB7Z,"Convalescence, unspecified",no_range,Z54,
QB80,Contact with health services for prophylactic surgery,no_range,Z40,
QB80.0,Contact with health services for prophylactic surgery for risk-factors related to malignant neoplasms,no_range,Z40.0,
QB80.Y,Other specified contact with health services for prophylactic surgery,no_range,Z40.8,
QB80.Z,"Contact with health services for prophylactic surgery, unspecified",no_range,Z40,
QB81,Contact with health services for plastic surgery for unacceptable cosmetic appearance other than hair transplant,no_range,Z40-Z54,
QB82,Contact with health services for routine or ritual circumcision,no_range,Z41.2,
QB83,Follow-up care involving plastic surgery,no_range,Z42,
QB84,Follow-up care involving removal of fracture plate or other internal fixation device,no_range,Z47.0,
QB85,"Attention to surgical dressings, drains or sutures",no_range,Z48.0,
QB86,Contact with health services for hair transplant,no_range,Z41.0,
QB8Y,Contact with health services for other specified surgical interventions,no_range,Z40-Z54,
QB8Z,"Contact with health services for specific surgical interventions, unspecified",no_range,Z40-Z54,
QB90,Contact with health services for ear piercing,no_range,Z41.3,
QB91,Contact with health services for piercing of body site other than ear,no_range,XXI,
QB92,Contact with health services for issue of repeat prescription,no_range,Z76.0,
QB93,Contact with health services for orthodontic care,no_range,Z51.8,
QB94,Care involving dialysis,no_range,Z49,
QB94.0,Preparatory care for dialysis,no_range,Z49.0,
QB94.1,Care involving extracorporeal dialysis,no_range,Z49.1,
QB94.2,Care involving peritoneal dialysis,no_range,Z49.2,
QB94.Y,Care involving other specified dialysis,no_range,Z49,
QB94.Z,"Care involving dialysis, unspecified",no_range,Z49,
QB95,Care involving use of rehabilitation procedures,no_range,Z50,
QB95.0,Contact with health services for care involving use of cardiac rehabilitation,no_range,Z50.0,
QB95.1,Contact with health services for care involving use of physical rehabilitation,no_range,Z50.1,
QB95.2,Contact with health services for care involving use of alcohol rehabilitation,no_range,Z50.2,
QB95.3,Contact with health services for care involving use of drug rehabilitation,no_range,Z50.3,
QB95.4,Contact with health services for care involving use of psychotherapy,no_range,Z50.4,
QB95.5,Contact with health services for care involving use of speech therapy,no_range,Z50.5,
QB95.6,Contact with health services for care involving use of orthoptic training,no_range,Z50.6,
QB95.7,Contact with health services for care involving use of occupational therapy or vocational rehabilitation,no_range,Z50.7,
QB95.8,Contact with health services for care involving use of tobacco rehabilitation,no_range,Z50,
QB95.Y,Care involving use of other specified rehabilitation procedures,no_range,Z50.8,
QB95.Z,"Care involving use of rehabilitation procedures, unspecified",no_range,Z50,
QB96,Contact with health services for radiotherapy session,no_range,Z51.0,
QB97,Contact with health services for chemotherapy session for neoplasm,no_range,Z51.1,
QB98,Blood transfusion without reported diagnosis,no_range,Z51.3,
QB99,Apheresis,no_range,Z51.8,
QB9A,Preparatory care for subsequent treatment,no_range,Z51.4,
QB9B,Palliative care,no_range,Z51.5,
QB9C,Allergen immunotherapy,no_range,Z51.6,
QB9Y,Other specified contact with health services for nonsurgical interventions not involving devices,no_range,XXI,
QB9Z,"Contact with health services for nonsurgical interventions not involving devices, unspecified",no_range,XXI,
QC00,Need for immunization against single bacterial diseases,no_range,Z23,
QC00.0,Need for immunization against cholera alone,no_range,Z23.0,
QC00.1,Need for immunization against typhoid-paratyphoid alone,no_range,Z23.1,
QC00.2,Need for immunization against tuberculosis,no_range,Z23.2,
QC00.3,Need for immunization against plague,no_range,Z23.3,
QC00.4,Need for immunization against tularaemia,no_range,Z23.4,
QC00.5,Need for immunization against tetanus alone,no_range,Z23.5,
QC00.6,Need for immunization against diphtheria alone,no_range,Z23.6,
QC00.7,Need for immunization against pertussis alone,no_range,Z23.7,
QC00.Y,Other specified need for immunization against single bacterial diseases,no_range,Z23.8,
QC00.Z,"Need for immunization against single bacterial diseases, unspecified",no_range,Z23,
QC01,Need for immunization against certain single viral diseases,no_range,Z24,
QC01.0,Need for immunization against poliomyelitis,no_range,Z24.0,
QC01.1,Need for immunization against arthropod-borne viral encephalitis,no_range,Z24.1,
QC01.2,Need for immunization against rabies,no_range,Z24.2,
QC01.3,Need for immunization against yellow fever,no_range,Z24.3,
QC01.4,Need for immunization against measles alone,no_range,Z24.4,
QC01.5,Need for immunization against rubella alone,no_range,Z24.5,
QC01.6,Need for immunization against viral hepatitis,no_range,Z24.6,
QC01.7,Need for immunization against mumps alone,no_range,Z25.0,
QC01.8,Need for immunization against influenza,no_range,Z25.1,
QC01.9,Need for immunization against COVID-19,no_range,U11,
QC01.Y,Other specified need for immunization against certain single viral diseases,no_range,Z24,
QC01.Z,"Need for immunization against certain single viral diseases, unspecified",no_range,Z24,
QC02,Need for immunization against certain specified single infectious diseases,no_range,Z26,
QC02.0,Need for immunization against leishmaniasis,no_range,Z26.0,
QC02.Y,Other specified need for immunization against certain specified single infectious diseases,no_range,Z26.8,
QC02.Z,"Need for immunization against certain specified single infectious diseases, unspecified",no_range,Z26,
QC03,Need for immunization against combinations of infectious diseases,no_range,Z27,
QC03.0,Need for immunization against cholera with typhoid-paratyphoid,no_range,Z27.0,
QC03.1,"Need for immunization against diphtheria-tetanus-pertussis, combined",no_range,Z27.1,
QC03.2,Need for immunization against diphtheria-tetanus-pertussis with typhoid-paratyphoid,no_range,Z27.2,
QC03.3,Need for immunization against diphtheria-tetanus-pertussis with poliomyelitis,no_range,Z27.3,
QC03.4,Need for immunization against measles-mumps-rubella,no_range,Z27.4,
QC03.Y,Other specified need for immunization against combinations of infectious diseases,no_range,Z27.8,
QC03.Z,"Need for immunization against combinations of infectious diseases, unspecified",no_range,Z27,
QC04,Immunization not carried out,no_range,Z28,
QC04.0,Immunization not carried out due to patient having had the disease,no_range,Z28,
QC04.1,Immunization not carried out because of acute illness,no_range,Z28,
QC04.2,Immunization not carried out because of chronic illness or condition of patient,no_range,Z28,
QC04.3,Immunization not carried out because of immune-compromised state of patient,no_range,Z28,
QC04.4,Immunization not carried out because of patient allergy to vaccine or component,no_range,Z28,
QC04.5,Immunization not carried out because of patient refusal,no_range,Z28,
QC04.6,Immunization not carried out because of caregiver refusal,no_range,Z28,
QC04.7,Immunization not carried out due to lack of availability,no_range,Z28,
QC04.Y,Immunization not carried out for other reasons,no_range,Z28.8,
QC04.Z,Immunization not carried out for unspecified reason,no_range,Z28,
QC05,Need for certain specified other prophylactic measures,no_range,Z29,
QC05.0,Isolation,no_range,Z29.0,
QC05.1,Prophylactic immunotherapy,no_range,Z29.1,
QC05.Y,Other specified prophylactic measures,no_range,Z29.8,
QC05.Z,"Prophylactic measures, unspecified",no_range,Z29,
QC06,Underimmunization status,no_range,Z20-Z29,
QC0Y,Other specified contact with health services for immunizations or certain other prophylactic measures,no_range,Z20-Z29,
QC0Z,"Contact with health services for immunizations or certain other prophylactic measures, unspecified",no_range,Z20-Z29,
QC10,Procedure not carried out because of contraindication,no_range,Z53.0,
QC11,Procedure not carried out because of patient's decision for reasons of belief or group pressure,no_range,Z53.1,
QC12,Procedure not carried out because of patient's decision for reasons other than belief or group pressure,no_range,Z53.2,
QC1Y,Intervention not carried out for other reasons,no_range,Z53.8,
QC1Z,"Intervention not carried out, unspecified reason",no_range,Z53,
QC20,Person consulting on behalf of another person,no_range,Z71.0,
QC20.0,Partner illness problem,no_range,Z76.8,
QC20.1,Illness problem with child,no_range,Z76.8,
QC20.Y,Other specified person consulting on behalf of another person,no_range,Z71.0,
QC20.Z,"Person consulting on behalf of another person, unspecified",no_range,Z71.0,
QC21,Healthy person accompanying sick person,no_range,Z76.3,
QC22,Health supervision or care of abandoned infant,no_range,Z76.1,
QC2Y,Other specified contact with health services for the health of others,no_range,Z70-Z76,
QC2Z,"Contact with health services for the health of others, unspecified",no_range,Z70-Z76,
QC30,Malingering,no_range,Z76.5,
QC40,Personal history of malignant neoplasm,no_range,Z85,
QC40.0,Personal history of malignant neoplasm of digestive organs,no_range,Z85.0,
QC40.1,"Personal history of malignant neoplasm of trachea, bronchus or lung",no_range,Z85.1,
QC40.2,"Personal history of malignant neoplasm of respiratory or intrathoracic organs other than the digestive organs, trachea, bronchus or lung",no_range,Z85.2,
QC40.3,Personal history of malignant neoplasm of breast,no_range,Z85.3,
QC40.4,Personal history of malignant neoplasm of genital organs,no_range,Z85.4,
QC40.5,Personal history of malignant neoplasm of urinary tract,no_range,Z85.5,
QC40.6,Personal history of leukaemia,no_range,Z85.6,
QC40.7,"Personal history of other malignant neoplasms of lymphoid, haematopoietic or related tissues",no_range,Z85.7,
QC40.Y,Personal history of malignant neoplasm of other specified site,no_range,Z85.8,
QC40.Z,Personal history of malignant neoplasm of unspecified site,no_range,Z85,
QC41,Personal history of non-malignant neoplasms,no_range,Z86.0,
QC42,Personal history of infectious or parasitic diseases,no_range,Z86.1,
QC42.0,Personal history of COVID-19,no_range,U08.9,
QC42.Y,Other specified personal history of infectious or parasitic diseases,no_range,Z86.1,
QC42.Z,"Personal history of infectious or parasitic diseases, unspecified",no_range,Z86.1,
QC43,Personal history of diseases of the blood or blood-forming organs,no_range,Z86.2,
QC44,Personal history of diseases of the immune system,no_range,Z80-Z99,
QC44.0,Personal history of anaphylaxis,no_range,Z80-Z99,
QC44.1,Personal history of food-induced allergy or hypersensitivity,no_range,Z80-Z99,
QC44.2,"Personal history of allergy to drugs, medicaments or biological substances",no_range,Z88,
QC44.3,"Personal history of allergy, other than to drugs or biological substances",no_range,Z91.0,
QC44.Y,Other specified personal history of diseases of the immune system,no_range,Z80-Z99,
QC44.Z,"Personal history of diseases of the immune system, unspecified",no_range,Z80-Z99,
QC45,"Personal history of endocrine, nutritional or metabolic diseases",no_range,Z86.3,
QC46,Personal history of mental or behavioural disorder,no_range,Z86.5,
QC47,Personal history of diseases of the nervous system or sense organs,no_range,Z86.6,
QC48,Personal history of medical treatment,no_range,Z92,
QC48.0,Personal history of long-term use of anticoagulants,no_range,Z92.1,
QC48.Y,Other specified personal history of medical treatment,no_range,Z92.8,
QC48.Z,"Personal history of medical treatment, unspecified",no_range,Z92,
QC49,Personal history of noncompliance with medical treatment or regimen,no_range,Z91.1,
QC4A,Personal history of poor personal hygiene,no_range,Z91.2,
QC4B,Personal history of self-harm,no_range,Z91.5,
QC4Y,Personal history of other specified health problems,no_range,Z80-Z99,
QC4Z,"Personal history of health problems, unspecified",no_range,Z80-Z99,
QC50,"Late effect of prior health problem, not elsewhere classified",no_range,Z80-Z99,
QC60,Family history of infectious diseases,no_range,Z84,
QC61,Family history of malignant neoplasm,no_range,Z80,
QC61.0,Family history of malignant neoplasm of digestive organs,no_range,Z80.0,
QC61.1,"Family history of malignant neoplasm of trachea, bronchus or lung",no_range,Z80.1,
QC61.2,"Family history of malignant neoplasm of respiratory or intrathoracic organs other than digestive organs, trachea, bronchus or lung",no_range,Z80.2,
QC61.3,Family history of malignant neoplasm of breast,no_range,Z80.3,
QC61.4,Family history of malignant neoplasm of genital organs,no_range,Z80.4,
QC61.5,Family history of malignant neoplasm of urinary tract,no_range,Z80.5,
QC61.6,Family history of leukaemia,no_range,Z80.6,
QC61.7,"Family history of malignant neoplasms of lymphoid, haematopoietic or related tissues",no_range,Z80.7,
QC61.Y,Other specified family history of malignant neoplasm,no_range,Z80.8,
QC61.Z,"Family history of malignant neoplasm, unspecified",no_range,Z80,
QC62,Family history of diseases of the blood or blood-forming organs,no_range,Z83.2,
QC63,Family history of disorders involving the immune mechanism,no_range,Z84,
QC64,"Family history of endocrine, nutritional or metabolic diseases",no_range,Z83.4,
QC64.0,Family history of diabetes mellitus,no_range,Z83.3,
QC64.Y,"Other specified family history of endocrine, nutritional or metabolic diseases",no_range,Z83.4,
QC64.Z,"Family history of endocrine, nutritional or metabolic diseases, unspecified",no_range,Z83.4,
QC65,Family history of mental or behavioural disorder,no_range,Z81,
QC66,Family history of eye or ear disorders,no_range,Z83.5,
QC67,Family history of ischaemic heart disease or other diseases of the circulatory system,no_range,Z82.4,
QC68,Family history of consanguinity,no_range,Z84.3,
QC69,Family history of stroke,no_range,Z82.3,
QC6Y,Family history of other specified health problems,no_range,Z84.8,
QC6Z,"Family history of health problems, unspecified",no_range,Z84,
QC8Y,Other specified personal or family history or late effect of prior health problems,no_range,Z80-Z99,
QC8Z,"Personal or family history or late effect of prior health problems, unspecified",no_range,Z80-Z99,
QC90,Contact with or exposure to communicable diseases,no_range,Z20,
QC90.0,Contact with or exposure to intestinal infectious diseases,no_range,Z20.0,
QC90.00,Exposure to cholera,no_range,Z20.0,
QC90.0Y,Other specified contact with or exposure to intestinal infectious diseases,no_range,Z20.0,
QC90.0Z,"Contact with or exposure to intestinal infectious diseases, unspecified",no_range,Z20.0,
QC90.1,Contact with or exposure to tuberculosis,no_range,Z20.1,
QC90.2,Contact with or exposure to infections with a predominantly sexual mode of transmission,no_range,Z20.2,
QC90.3,Contact with or exposure to rabies,no_range,Z20.3,
QC90.4,Contact with or exposure to rubella,no_range,Z20.4,
QC90.5,Contact with or exposure to viral hepatitis,no_range,Z20.5,
QC90.6,Contact with or exposure to human immunodeficiency virus,no_range,Z20.6,
QC90.7,"Contact with or exposure to pediculosis, acariasis or other infestations",no_range,Z20.7,
QC90.Y,Contact with or exposure to other specified communicable diseases,no_range,Z20.8,
QC90.Z,"Contact with or exposure to communicable diseases, unspecified",no_range,Z20,
QD00,Carrier of salmonella typhi,no_range,Z22.0,
QD01,Carrier of intestinal infectious agents,no_range,Z22.1,
QD01.0,Asymptomatic enteric carriage of Entamoeba,no_range,Z22.1,
QD01.Y,Other specified carrier of intestinal infectious agents,no_range,Z22.1,
QD01.Z,"Carrier of intestinal infectious agents, unspecified",no_range,Z22.1,
QD02,Carrier of corynebacterium diphtheriae,no_range,Z22.2,
QD03,Carrier of infectious agents with a predominantly sexual mode of transmission,no_range,Z22.4,
QD04,Asymptomatic colonization of the skin by virulent or therapy resistant bacteria,no_range,Z22,
QD0Y,Carrier of other specified infectious disease agent,no_range,Z22.8,
QD0Z,"Carrier of infectious disease agent, unspecified",no_range,Z22,
QD2Y,Other specified health status associated with infectious or certain specified conditions,no_range,XXI,
QD2Z,Unspecified health status associated with infectious or certain specified conditions,no_range,XXI,
QD30,Concern about breast appearance,no_range,Z76.8,
QD31,Contact with health services for concerns about body image related to pregnancy,no_range,Z76.8,
QD3Y,Other specified concern about body appearance,no_range,Z76.8,
QD3Z,"Concern about body appearance, unspecified",no_range,Z76.8,
QD50,Poverty,no_range,Z59.5,
QD51,Low income,no_range,Z59.6,
QD5Y,Other specified problems associated with finances,no_range,Z59.8,
QD5Z,"Problems associated with finances, unspecified",no_range,Z59,
QD60,Problems associated with inadequate drinking-water,no_range,Z58.6,
QD61,Inadequate food,no_range,Z59.4,
QD6Z,"Problems associated with drinking water or nutrition, unspecified",no_range,XXI,
QD70,Problems associated with the natural environment or human-made changes to the environment,no_range,Z58,
QD70.0,Problems associated with exposure to noise,no_range,Z58.0,
QD70.1,Problems associated with exposure to air pollution,no_range,Z58.1,
QD70.2,Problems associated with exposure to water pollution,no_range,Z58.2,
QD70.3,Problems associated with exposure to soil pollution,no_range,Z58.3,
QD70.4,Problems associated with exposure to radiation,no_range,Z58.4,
QD70.5,Problems associated with exposure to tobacco smoke,no_range,Z58.7,
QD70.6,Problems associated with inadequate access to electricity,no_range,Z58,
QD70.Z,"Problems associated with the natural environment or human-made changes to the environment, unspecified",no_range,Z58,
QD71,Problems associated with housing,no_range,Z59,
QD71.0,Homelessness,no_range,Z59.0,
QD71.1,Inadequate housing,no_range,Z59.1,
QD71.2,Problems related to living in residential institution,no_range,Z59.3,
QD71.Z,"Problems associated with housing, unspecified",no_range,Z59,
QD7Y,Other specified problems associated with the environment,no_range,XXI,
QD7Z,"Problems associated with the environment, unspecified",no_range,XXI,
QD80,Problem associated with unemployment,no_range,Z56.0,
QD81,Problem associated with change of job,no_range,Z56.1,
QD82,Problem associated with threat of job loss,no_range,Z56.2,
QD83,Problem with employment conditions,no_range,Z56,
QD83.0,Problem associated with uncongenial work,no_range,Z56.5,
QD83.1,Problem associated with stressful work schedule,no_range,Z56.3,
QD83.Y,Other specified problem with employment conditions,no_range,Z56,
QD83.Z,"Problem with employment conditions, unspecified",no_range,Z56,
QD84,Occupational exposure to risk-factors,no_range,Z57,
QD84.0,Occupational exposure to dust,no_range,Z57.2,
QD84.1,Occupational exposure to toxic agents in agriculture,no_range,Z57.4,
QD84.2,Occupational exposure to toxic agents in industries other than agriculture,no_range,Z57.5,
QD84.3,Occupational exposure to vibration,no_range,Z57.7,
QD84.4,Occupational exposure to ergonomic risk,no_range,Z57,
QD84.Y,Other specified occupational exposure to risk-factors,no_range,Z57.8,
QD84.Z,"Occupational exposure to risk-factors, unspecified",no_range,Z57,
QD85,Burnout,no_range,Z73.0,
QD8Y,Other specified problems associated with employment or unemployment,no_range,Z56,
QD8Z,"Problems associated with employment or unemployment, unspecified",no_range,Z56,
QD90,Problem associated with illiteracy or low-level literacy,no_range,Z55.0,
QD91,Problem associated with education unavailable or unattainable,no_range,Z55.1,
QD92,Problem with educational progress,no_range,Z55.2,
QD9Y,Other specified problems associated with education,no_range,Z55.8,
QD9Z,"Problems associated with education, unspecified",no_range,Z55,
QE00,Acculturation difficulty,no_range,Z60.3,
QE01,"Stress, not elsewhere classified",no_range,Z73.3,
QE02,Social role conflict,no_range,Z73.5,
QE03,Social exclusion or rejection,no_range,Z60.4,
QE04,Target of perceived adverse discrimination or persecution,no_range,Z60.5,
QE0Y,Other specified problems associated with social or cultural environment,no_range,Z60.8,
QE0Z,"Problems associated with social or cultural environment, unspecified",no_range,Z60,
QE10,Hazardous alcohol use,no_range,Z72.1,
QE11,Hazardous drug use,no_range,Z72.2,
QE11.0,Hazardous use of opioids,no_range,Z72.2,
QE11.1,Hazardous use of cannabis,no_range,Z72.2,
QE11.2,"Hazardous use of sedatives, hypnotics or anxiolytics",no_range,Z72.2,
QE11.3,Hazardous use of cocaine,no_range,Z72.2,
QE11.4,Hazardous use of stimulants including amphetamines or methamphetamine,no_range,Z72.2,
QE11.5,Hazardous use of caffeine,no_range,Z72.2,
QE11.6,Hazardous use of MDMA or related drugs,no_range,Z72.2,
QE11.7,Hazardous use of dissociative drugs including ketamine or PCP,no_range,Z72.2,
QE11.8,Hazardous use of other specified psychoactive substances,no_range,Z72.2,
QE11.9,Hazardous use of unknown or unspecified psychoactive substances,no_range,Z72.2,
QE11.Y,Other specified hazardous drug use,no_range,Z72.2,
QE11.Z,"Hazardous drug use, unspecified",no_range,Z72.2,
QE12,Hazardous nicotine use,no_range,Z64.2,
QE13,Tobacco use,no_range,Z72.0,
QE1Y,Other specified hazardous substance use,no_range,Z64.2,
QE1Z,"Hazardous substance use, unspecified",no_range,Z64.2,
QE20,Lack of physical exercise,no_range,Z72.3,
QE21,Hazardous gambling or betting,no_range,Z72.6,
QE22,Hazardous gaming,no_range,Z64.3,
QE23,Problems with inappropriate diet or eating habits,no_range,Z72.4,
QE24,Problems with hygiene behaviours,no_range,Z72,
QE25,Problems with oral health behaviours,no_range,Z72,
QE26,Problem with sun exposure behaviour,no_range,Z64.3,
QE27,Problem with behaviours related to psychological health or wellbeing,no_range,Z72,
QE28,Problem with health literacy,no_range,Z72,
QE2Y,Problems with other specified health-related behaviours,no_range,Z72.8,
QE2Z,"Problem with health-related behaviours, unspecified",no_range,Z72,
QE30,Insufficient social insurance support,no_range,Z59.7,
QE30.0,"Insufficient social insurance support, aged",no_range,Z59.7,
QE30.1,"Insufficient social insurance support, disability",no_range,Z59.7,
QE30.2,"Insufficient social insurance support, unemployment",no_range,Z59.7,
QE30.3,"Insufficient social insurance support, family support",no_range,Z59.7,
QE30.Z,"Insufficient social insurance support, unspecified",no_range,Z59.7,
QE31,Insufficient social welfare support,no_range,Z59.7,
QE31.0,"Insufficient social welfare support, child protection",no_range,Z59.7,
QE31.1,"Insufficient social welfare support, protection against domestic violence",no_range,Z59.7,
QE31.2,"Insufficient social welfare support, protection against homelessness",no_range,Z59.7,
QE31.3,"Insufficient social welfare support, post prison services",no_range,Z59.7,
QE31.Z,"Insufficient social welfare support, unspecified",no_range,Z59.7,
QE3Y,Other specified problems associated with social insurance or welfare,no_range,Z59.8,
QE3Z,"Problems associated with social insurance or welfare, unspecified",no_range,Z59,
QE40,Problem associated with conviction in civil or criminal proceedings without imprisonment,no_range,Z65.0,
QE41,Problem associated with imprisonment or other incarceration,no_range,Z65.1,
QE42,Problem associated with release from prison,no_range,Z65.2,
QE4Y,Other specified problems associated with the justice system,no_range,Z65.8,
QE4Z,"Problems associated with the justice system, unspecified",no_range,Z65,
QE50,Problem associated with interpersonal interactions,no_range,Z60,
QE50.0,Problem associated with relationship with friend,no_range,Z60.8,
QE50.1,Relationships with teachers or classmates,no_range,Z55.4,
QE50.10,Dissatisfaction with school environment,no_range,Z55.4,
QE50.1Y,Other specified relationships with teachers or classmates,no_range,Z55.4,
QE50.1Z,"Relationships with teachers or classmates, unspecified",no_range,Z55.4,
QE50.2,Problem associated with relationships with people at work,no_range,Z56.4,
QE50.3,"Relationships with neighbours, tenant or landlord",no_range,Z59.2,
QE50.4,"Relationship with parents, in-laws or other family members",no_range,Z63.1,
QE50.5,Discord with counsellors,no_range,Z64.4,
QE50.6,Inadequate social skills,no_range,Z73.4,
QE50.7,Personality difficulty,no_range,Z73.1,
QE50.Y,Other specified problem associated with interpersonal interactions,no_range,Z60.8,
QE51,Problem associated with interactions with spouse or partner,no_range,Z63.0,
QE51.0,Relationship distress with spouse or partner,no_range,Z63.0,
QE51.1,History of spouse or partner violence,no_range,Z63.0,
QE51.Y,Other specified problem associated with interactions with spouse or partner,no_range,Z63.0,
QE51.Z,"Problem associated with interactions with spouse or partner, unspecified",no_range,Z63.0,
QE52,Problem associated with interpersonal interactions in childhood,no_range,Z61,
QE52.0,Caregiver-child relationship problem,no_range,Z61,
QE52.1,Loss of love relationship in childhood,no_range,Z61.0,
QE52.Y,Other specified problem associated with interpersonal interactions in childhood,no_range,Z61.8,
QE52.Z,"Problem associated with interpersonal interactions in childhood, unspecified",no_range,Z61,
QE5Y,Other specified problems associated with relationships,no_range,XXI,
QE5Z,"Problems associated with relationships, unspecified",no_range,XXI,
QE60,Absence of family member,no_range,Z63.3,
QE61,Disappearance or death of family member,no_range,Z63.4,
QE61.0,Loss or death of child,no_range,Z63.4,
QE61.Y,Disappearance or death of other family member,no_range,Z63.4,
QE62,Uncomplicated bereavement,no_range,XXI,
QE6Y,"Other specified problems associated with absence, loss or death of others",no_range,XXI,
QE6Z,"Problems associated with absence, loss or death of others, unspecified",no_range,XXI,
QE70,"Problems related to primary support group, including family circumstances",no_range,XXI,
QE70.0,Inadequate family support,no_range,Z63.2,
QE70.1,Disruption of family by separation or divorce,no_range,Z63.5,
QE70.2,Dependent relative needing care at home,no_range,Z63.6,
QE70.Z,"Problems related to primary support group, including family circumstances, unspecified",no_range,XXI,
QE80,Victim of crime or terrorism,no_range,Z65.4,
QE81,"Exposure to disaster, war or other hostilities",no_range,Z65.5,
QE82,Personal history of maltreatment,no_range,Z87.8,
QE82.0,Personal history of physical abuse,no_range,Z87.8,
QE82.1,Personal history of sexual abuse,no_range,Z87.8,
QE82.2,Personal history of psychological abuse,no_range,No Mapping,
QE82.3,Personal history of neglect,no_range,Z87.8,
QE82.Y,Other specified personal history of maltreatment,no_range,Z87.8,
QE82.Z,"Personal history of maltreatment, unspecified",no_range,Z87.8,
QE83,Personal frightening experience in childhood,no_range,Z61.7,
QE84,Acute stress reaction,no_range,F43.0,vas_98
QE8Y,Other specified problems associated with harmful or traumatic events,no_range,XXI,
QE8Z,"Problems associated with harmful or traumatic events, unspecified",no_range,XXI,
QE90,Inadequate parental supervision or control,no_range,Z62.0,
QE91,Parental overprotection,no_range,Z62.1,
QE92,Altered pattern of family relationships in childhood,no_range,Z61.2,
QE93,Removal from home in childhood,no_range,Z61.1,
QE94,Institutional upbringing,no_range,Z62.2,
QE95,Inappropriate parental pressure or other abnormal qualities of upbringing,no_range,Z62.6,
QE96,Events resulting in loss of self-esteem in childhood,no_range,Z61.3,
QE9Y,Other specified problems associated with upbringing,no_range,Z62.8,
QE9Z,"Problems associated with upbringing, unspecified",no_range,Z62,
QF00,Acquired absence of limb,no_range,Z89,
QF01,Acquired absence of organs,no_range,Z90,
QF01.0,Acquired absence of breast,no_range,Z90.1,
QF01.1,Acquired absence of genital organs,no_range,Z90.7,
QF01.10,Acquired absence of female genital organs,no_range,Z90.7,
QF01.11,Acquired absence of male genital organs,no_range,Z90.7,
QF01.Y,Other specified acquired absence of organs,no_range,Z90.8,
QF01.Z,"Acquired absence of organs, unspecified",no_range,Z90,
QF0Y,Other specified acquired absence of body structure,no_range,Z80-Z99,
QF0Z,"Acquired absence of body structure, unspecified",no_range,Z80-Z99,
QF10,Limited function or disability of body organ or system,no_range,Z73.6,
QF20,Difficulty or need for assistance with learning,no_range,Z74,
QF21,Difficulty or need for assistance with general life tasks or life management,no_range,Z60.0,
QF22,Difficulty or need for assistance with communication,no_range,Z74,
QF23,Difficulty or need for assistance with mobility,no_range,Z74.0,
QF24,Difficulty or need for assistance with self-care,no_range,Z74.1,
QF25,Difficulty or need for assistance with relationships,no_range,Z74,
QF26,Difficulty or need for assistance with household tasks,no_range,Z74.2,
QF27,Difficulty or need for assistance at home and no other household member able to render care,no_range,Z74,
QF28,Difficulty or need for assistance with work activities,no_range,Z74,
QF29,Difficulty or need for assistance with major areas of life,no_range,Z74.2,
QF2A,Difficulty or need for assistance with community participation,no_range,Z74,
QF2B,Need for continuous supervision,no_range,Z74.3,
QF2Y,Difficulty or need for assistance with other specified activity,no_range,Z74.8,
QF2Z,Difficulty or need for assistance with unspecified activity,no_range,Z74,
QF4Y,Other specified factors influencing health status or contact with health services,no_range,XXI,
QF4Z,"Factors influencing health status or contact with health services, unspecified",no_range,XXI,
RA00,Conditions of uncertain aetiology and emergency use,no_range,U00-U49,vas_01_13
RA00.0,Vaping related disorder,no_range,U07.0,vas_01_13
RA01,COVID-19,no_range,U00-U49,vas_01_13
RA02,Post COVID-19 condition,no_range,U09.9,
RA03,Multisystem inflammatory syndrome associated with COVID-19,no_range,U10,
RA04,International emergency code 05,no_range,U00-U49,vas_01_13
RA05,International emergency code 06,no_range,U00-U49,vas_01_13
RA06,International emergency code 07,no_range,U00-U49,vas_01_13
RA07,International emergency code 08,no_range,U00-U49,vas_01_13
RA08,International emergency code 09,no_range,U00-U49,vas_01_13
RA09,International emergency code 10,no_range,U00-U49,vas_01_13
RA20,National emergency code 01,no_range,XXII,
RA21,National emergency code 02,no_range,XXII,
RA22,National emergency code 03,no_range,XXII,
RA23,National emergency code 04,no_range,XXII,
RA24,National emergency code 05,no_range,XXII,
RA25,National emergency code 06,no_range,XXII,
RA26,National emergency code 07,no_range,XXII,
SA00,Hypochondrium pain disorder (TM1),no_range,,
SA01,Jaundice disorder (TM1),no_range,,
SA02,Liver distension disorder (TM1),no_range,,
SA03,Tympanites disorder (TM1),no_range,,
SA04,Liver abscess disorder (TM1),no_range,,
SA05,Gallbladder distension disorder (TM1),no_range,,
SA0Y,Other specified liver system disorders (TM1),no_range,,
SA0Z,"Liver system disorders (TM1), unspecified",no_range,,
SA10,Inducible palpitation disorder (TM1),no_range,,
SA11,Spontaneous palpitation disorder (TM1),no_range,,
SA1Y,Other specified palpitation disorders (TM1),no_range,,
SA1Z,"Palpitation disorders (TM1), unspecified",no_range,,
SA20,True heart pain disorder (TM1),no_range,,
SA2Y,Other specified chest impediment disorders (TM1),no_range,,
SA2Z,"Chest impediment disorders (TM1), unspecified",no_range,,
SA4Y,Other specified heart system disorders (TM1),no_range,,
SA4Z,"Heart system disorders (TM1), unspecified",no_range,,
SA50,Dysphagia disorder (TM1),no_range,,
SA51,Stomach ache disorder (TM1),no_range,,
SA52,Epigastric distension disorder (TM1),no_range,,
SA53,Epigastric upset disorder (TM1),no_range,,
SA54,Food retention disorder (TM1),no_range,,
SA55,Diarrhea disorder (TM1),no_range,,
SA56,Dysentery disorder (TM1),no_range,,
SA57,Constipation disorder (TM1),no_range,,
SA58,Abdominal pain disorder (TM1),no_range,,
SA59,Intestinal abscess disorder (TM1),no_range,,
SA5Y,Other specified spleen system disorders (TM1),no_range,,
SA5Z,"Spleen system disorders (TM1), unspecified",no_range,,
SA60,Common cold disorder (TM1),no_range,,
SA70,Cough with dyspnea disorder (TM1),no_range,,
SA7Y,Other specified cough disorders (TM1),no_range,,
SA7Z,"Cough disorders (TM1), unspecified",no_range,,
SA80,Dyspnea disorder (TM1),no_range,,
SA81,Wheezing disorder (TM1),no_range,,
SA82,Lung distension disorder (TM1),no_range,,
SA83,Pleural fluid retention disorder (TM1),no_range,,
SA84,Lung heat disorder (TM1),no_range,,
SA85,Lung withering disorder (TM1),no_range,,
SA86,Chest bind disorder (TM1),no_range,,
SA8Y,Other specified lung system disorders (TM1),no_range,,
SA8Z,"Lung system disorders (TM1), unspecified",no_range,,
SA90,Stony stranguria disorder (TM1),no_range,,
SA91,Heat stranguria disorder (TM1),no_range,,
SA9Y,Other specified strangury disorders (TM1),no_range,,
SA9Z,"Strangury disorders (TM1), unspecified",no_range,,
SB00,Kidney stagnation disorder (TM1),no_range,,
SB01,Flooding urine disorder (TM1),no_range,,
SB02,Enuresis disorder (TM1),no_range,,
SB03,Turbid urine disorder (TM1),no_range,,
SB04,Dribbling urinary block disorder (TM1),no_range,,
SB05,Block and repulsion disorder (TM1),no_range,,
SB06,Edema disorders (TM1),no_range,,
SB06.0,Kidney edema disorder (TM1),no_range,,
SB06.1,Wind edema disorder (TM1),no_range,,
SB06.Y,Other specified edema disorders (TM1),no_range,,
SB06.Z,"Edema disorders (TM1), unspecified",no_range,,
SB07,Lower abdominal colic disorder (TM1),no_range,,
SB08,Premature ejaculation disorder (TM1),no_range,,
SB09,Involuntary ejaculation disorder (TM1),no_range,,
SB0A,Persistent erection disorder (TM1),no_range,,
SB0B,Impotence disorder (TM1),no_range,,
SB0C,Male infertility disorder (TM1),no_range,,
SB0Y,Other specified kidney system disorders (TM1),no_range,,
SB0Z,"Kidney system disorders (TM1), unspecified",no_range,,
SB2Y,Other specified organ system disorders (TM1),no_range,,
SB2Z,"Organ system disorders (TM1), unspecified",no_range,,
SB30,Dampness sore disorder (TM1),no_range,,
SB31,Impetigo disorder (TM1),no_range,,
SB40,Septicemic furunculosis disorder (TM1),no_range,,
SB4Y,Other specified furuncle disorders (TM1),no_range,,
SB4Z,"Furuncle disorders (TM1), unspecified",no_range,,
SB50,Bed sore disorder (TM1),no_range,,
SB60,Deep multiple abscess disorder (TM1),no_range,,
SB61,Anal abscess disorder (TM1),no_range,,
SB6Y,Other specified abscess disorders (TM1),no_range,,
SB6Z,"Abscess disorders (TM1), unspecified",no_range,,
SB70,Headed carbuncle disorder (TM1),no_range,,
SB71,Foot dampness itch disorder (TM1),no_range,,
SB72,Tinea circinate disorder (TM1),no_range,,
SB73,Dry skin disorder (TM1),no_range,,
SB74,Gangrene disorder (TM1),no_range,,
SB75,Wart disorder (TM1),no_range,,
SB76,Hand dampness itch disorder (TM1),no_range,,
SB77,Erysipelas disorder (TM1),no_range,,
SB78,Cellulitis disorder (TM1),no_range,,
SB79,Thrush disorder (TM1),no_range,,
SB7A,Herpes zoster disorder (TM1),no_range,,
SB7B,Interior haemorrhoid disorder (TM1),no_range,,
SB7C,Fissured anus disorder (TM1),no_range,,
SB7Y,Other specified skin and mucosa system disorders (TM1),no_range,,
SB7Z,"Skin and mucosa system disorders (TM1), unspecified",no_range,,
SB80,Advanced menstruation disorder (TM1),no_range,,
SB81,Delayed menstruation disorder (TM1),no_range,,
SB82,Irregular menstruation disorders (TM1),no_range,,
SB8Y,Other specified menstruation cycle disorders (TM1),no_range,,
SB8Z,"Menstruation cycle disorders (TM1), unspecified",no_range,,
SB90,Menorrhagia disorder (TM1),no_range,,
SB91,Decreased menstruation disorder (TM1),no_range,,
SB92,Prolonged menstruation disorder (TM1),no_range,,
SB93,Metrorrhagia disorder (TM1),no_range,,
SB94,Amenorrhea disorder (TM1),no_range,,
SB95,Menopausal disorder (TM1),no_range,,
SB96,Dysmenorrhea disorder (TM1),no_range,,
SB9Y,Other specified menstruation associated disorders (TM1),no_range,,
SB9Z,"Menstruation associated disorders (TM1), unspecified",no_range,,
SC00,Morning sickness disorder (TM1),no_range,,
SC01,Unstable fetus disorder (TM1),no_range,,
SC02,Bladder pressure disorder (TM1),no_range,,
SC03,Eclampsia disorder (TM1),no_range,,
SC04,Floating sensation pregnancy disorder (TM1),no_range,,
SC0Y,Other specified pregnancy associated disorders (TM1),no_range,,
SC0Z,"Pregnancy associated disorders (TM1), unspecified",no_range,,
SC10,Puerperal abdominal pain disorder (TM1),no_range,,
SC11,Puerperal wind disorder (TM1),no_range,,
SC12,Hypogalactia disorder (TM1),no_range,,
SC13,Postpartum lochiorrhea disorder (TM1),no_range,,
SC1Y,Other specified puerperium associated disorders (TM1),no_range,,
SC1Z,"Puerperium associated disorders (TM1), unspecified",no_range,,
SC20,Leukorrhea disorder (TM1),no_range,,
SC21,Vaginal flatus disorder (TM1),no_range,,
SC22,Infertility disorder (TM1),no_range,,
SC23,Uterine mass disorder (TM1),no_range,,
SC24,Breast lump disorder (TM1),no_range,,
SC2Y,Other specified other female reproductive system associated disorders (TM1),no_range,,
SC2Z,"Other female reproductive system associated disorders (TM1), unspecified",no_range,,
SC4Y,Other specified female reproductive system disorders (TM1) (including childbirth),no_range,,
SC4Z,"Female reproductive system disorders (TM1) (including childbirth), unspecified",no_range,,
SC50,Cold impediment disorder (TM1),no_range,,
SC51,Wind impediment disorder (TM1),no_range,,
SC52,Dampness impediment disorder (TM1),no_range,,
SC5Y,Other specified joint impediment disorders (TM1),no_range,,
SC5Z,"Joint impediment disorders (TM1), unspecified",no_range,,
SC60,Muscle spasm disorder (TM1),no_range,,
SC61,Lumbago disorder (TM1),no_range,,
SC62,Numbness disorder (TM1),no_range,,
SC63,Wilting disorder (TM1),no_range,,
SC6Y,"Other specified bone, joint and muscle system disorders (TM1)",no_range,,
SC6Z,"Bone, joint and muscle system disorders (TM1), unspecified",no_range,,
SC70,Night blindness disorder (TM1),no_range,,
SC71,Wind glaucoma disorder (TM1),no_range,,
SC72,Inflammatory eyelid disorder (TM1),no_range,,
SC73,Non-inflammatory eyelid disorder (TM1),no_range,,
SC74,Corneal opacity disorder (TM1),no_range,,
SC75,Tinnitus disorder (TM1),no_range,,
SC80,Sudden deafness disorder (TM1),no_range,,
SC81,Gradual deafness disorder (TM1),no_range,,
SC8Y,Other specified deafness disorders (TM1),no_range,,
SC8Z,"Deafness disorders (TM1), unspecified",no_range,,
SC90,Allergic rhinitis disorder (TM1),no_range,,
SC91,Nasal sinusitis disorder (TM1),no_range,,
SC92,Hoarseness disorder (TM1),no_range,,
SC93,Tonsillitis disorder (TM1),no_range,,
SC9Y,"Other specified eye, ear, nose and throat system disorders (TM1)",no_range,,
SC9Z,"Eye, ear, nose and throat system disorders (TM1), unspecified",no_range,,
SD00,Facial paralysis disorder (TM1),no_range,,
SD10,Migraine disorder (TM1),no_range,,
SD11,Head wind disorder (TM1),no_range,,
SD1Y,Other specified headache disorders (TM1),no_range,,
SD1Z,"Headache disorders (TM1), unspecified",no_range,,
SD20,Convulsion disorder (TM1),no_range,,
SD21,Cerebral tinnitus disorder (TM1),no_range,,
SD22,Vertigo disorder (TM1),no_range,,
SD23,Forgetfulness disorder (TM1),no_range,,
SD24,Frequent protrusion of tongue disorder (TM1),no_range,,
SD30,Prodrome of wind stroke disorder (TM1),no_range,,
SD31,Sequela of wind stroke disorder (TM1),no_range,,
SD3Y,Other specified wind stroke disorders (TM1),no_range,,
SD3Z,"Wind stroke disorders (TM1), unspecified",no_range,,
SD40,Syncope disorder (TM1),no_range,,
SD4Y,Other specified brain system disorders (TM1),no_range,,
SD4Z,"Brain system disorders (TM1), unspecified",no_range,,
SD6Y,Other specified other body system disorders (TM1),no_range,,
SD6Z,"Other body system disorders (TM1), unspecified",no_range,,
SD70,Qi goiter disorder (TM1),no_range,,
SD71,Wasting thirst disorder (TM1),no_range,,
SD72,Consumptive disorder (TM1),no_range,,
SD7Y,"Other specified qi, blood and fluid disorders (TM1)",no_range,,
SD7Z,"Qi, blood and fluid disorders (TM1), unspecified",no_range,,
SD80,Lily disorder (TM1),no_range,,
SD81,Manic disorder (TM1),no_range,,
SD82,Depression disorder (TM1),no_range,,
SD83,Uneasiness disorder (TM1),no_range,,
SD84,Insomnia disorder (TM1),no_range,,
SD85,Somnolence disorder (TM1),no_range,,
SD86,Dementia disorder (TM1),no_range,,
SD87,Repressed fire disorder (TM1),no_range,,
SD8Y,Other specified mental and emotional disorders (TM1),no_range,,
SD8Z,"Mental and emotional disorders (TM1), unspecified",no_range,,
SD90,Seasonal cold disorder (TM1),no_range,,
SD91,Fatigue consumption disorder (TM1),no_range,,
SD92,Severe vomiting and diarrhoea disorder (TM1),no_range,,
SD93,Alternating fever and chills disorder (TM1),no_range,,
SD94,Parasitic disorder (TM1),no_range,,
SD95,Flowing phlegm disorder (TM1),no_range,,
SE00,Summer-heat disorder (TM1),no_range,,
SE01,Spring warmth disorder (TM1),no_range,,
SE02,Dampness and warmth disorder (TM1),no_range,,
SE0Y,Other specified warmth disorders (TM1),no_range,,
SE0Z,"Warmth disorders (TM1), unspecified",no_range,,
SE2Y,Other specified external contraction disorders (TM1),no_range,,
SE2Z,"External contraction disorders (TM1), unspecified",no_range,,
SE30,Developmental delay disorder (TM1),no_range,,
SE31,Growth fever disorder (TM1),no_range,,
SE32,Growth pain disorder (TM1),no_range,,
SE33,Acute convulsion disorder (TM1),no_range,,
SE34,Recurrent convulsion disorder (TM1),no_range,,
SE35,Fright seizure disorder (TM1),no_range,,
SE36,Night crying disorder (TM1),no_range,,
SE37,Infantile malnutrition disorder (TM1),no_range,,
SE38,Dribbling disorder (TM1),no_range,,
SE39,Diaper dermatitis disorder (TM1),no_range,,
SE3A,Infant stiffness disorder (TM1),no_range,,
SE3B,Infant limpness disorder (TM1),no_range,,
SE3Y,Other specified childhood and adolescence associated disorders (TM1),no_range,,
SE3Z,"Childhood and adolescence associated disorders (TM1), unspecified",no_range,,
SE5Y,Other specified traditional medicine disorders (TM1),no_range,,
SE5Z,"Traditional medicine disorders (TM1), unspecified",no_range,,
SE70,Yang pattern (TM1),no_range,,
SE71,Yin pattern (TM1),no_range,,
SE72,Heat pattern (TM1),no_range,,
SE73,Cold pattern (TM1),no_range,,
SE74,Excess pattern (TM1),no_range,,
SE75,Deficiency pattern (TM1),no_range,,
SE76,Exterior pattern (TM1),no_range,,
SE77,Interior pattern (TM1),no_range,,
SE78,Moderate (Heat/Cold) pattern (TM1),no_range,,
SE79,Medium (Excess/Deficiency) pattern (TM1),no_range,,
SE7A,Tangled cold and heat pattern (TM1),no_range,,
SE7Y,Other specified principle-based patterns (TM1),no_range,,
SE7Z,"Principle-based patterns (TM1), unspecified",no_range,,
SE80,Wind factor pattern (TM1),no_range,,
SE81,Cold factor pattern (TM1),no_range,,
SE82,Dampness factor pattern (TM1),no_range,,
SE83,Dryness factor pattern (TM1),no_range,,
SE84,Fire-heat factor pattern (TM1),no_range,,
SE85,Summer-heat factor pattern (TM1),no_range,,
SE86,Pestilent factor pattern (TM1),no_range,,
SE8Y,Other specified environmental factor patterns (TM1),no_range,,
SE8Z,"Environmental factor patterns (TM1), unspecified",no_range,,
SE90,Qi deficiency pattern (TM1),no_range,,
SE91,Qi stagnation pattern (TM1),no_range,,
SE92,Qi uprising pattern (TM1),no_range,,
SE93,Qi sinking pattern (TM1),no_range,,
SE94,Qi collapse pattern (TM1),no_range,,
SE9Y,Other specified qi patterns (TM1),no_range,,
SE9Z,"Qi patterns (TM1), unspecified",no_range,,
SF00,Blood deficiency pattern (TM1),no_range,,
SF01,Blood stasis pattern (TM1),no_range,,
SF02,Blood heat pattern (TM1),no_range,,
SF03,Blood cold pattern (TM1),no_range,,
SF04,Blood dryness pattern (TM1),no_range,,
SF0Y,Other specified blood patterns (TM1),no_range,,
SF0Z,"Blood patterns (TM1), unspecified",no_range,,
SF10,Fluid deficiency pattern (TM1),no_range,,
SF11,Fluid disturbance pattern (TM1),no_range,,
SF12,Dry-phlegm pattern (TM1),no_range,,
SF13,Damp phlegm pattern (TM1),no_range,,
SF14,Phlegm-fire harassing the heart system pattern (TM1),no_range,,
SF15,Wind-phlegm pattern (TM1),no_range,,
SF1Y,Other specified fluid patterns (TM1),no_range,,
SF1Z,"Fluid patterns (TM1), unspecified",no_range,,
SF20,Essence deficiency pattern (TM1),no_range,,
SF2Y,Other specified essence patterns (TM1),no_range,,
SF2Z,"Essence patterns (TM1), unspecified",no_range,,
SF4Y,Other specified body constituents patterns (TM1),no_range,,
SF4Z,"Body constituents patterns (TM1), unspecified",no_range,,
SF50,Liver yin deficiency pattern (TM1),no_range,,
SF51,Liver yang deficiency pattern (TM1),no_range,,
SF52,Liver yang ascendant hyperactivity pattern (TM1),no_range,,
SF53,Liver qi deficiency pattern (TM1),no_range,,
SF54,Liver blood deficiency pattern (TM1),no_range,,
SF55,Liver depression and blood stasis pattern (TM1),no_range,,
SF56,Liver wind stirring the interior pattern (TM1),no_range,,
SF57,Liver qi stagnation pattern (TM1),no_range,,
SF58,Liver fire flaming upward pattern (TM1),no_range,,
SF59,Liver heat stirring wind pattern (TM1),no_range,,
SF5A,Liver-gallbladder dampness-heat pattern (TM1),no_range,,
SF5B,Liver meridian dampness-heat pattern (TM1),no_range,,
SF5C,Liver meridian cold stagnation pattern (TM1),no_range,,
SF5D,Gallbladder qi deficiency pattern (TM1),no_range,,
SF5E,Gallbladder depression with phlegm harassment pattern (TM1),no_range,,
SF5F,Gallbladder heat pattern (TM1),no_range,,
SF5G,Gallbladder cold pattern (TM1),no_range,,
SF5H,Liver and kidney yin deficiency pattern (TM1),no_range,,
SF5J,Disharmony of liver and spleen systems pattern (TM1),no_range,,
SF5K,Disharmony of liver and stomach systems pattern (TM1),no_range,,
SF5L,Liver fire invading the stomach system pattern (TM1),no_range,,
SF5M,Liver fire invading the lung system pattern (TM1),no_range,,
SF5Y,Other specified liver system patterns (TM1),no_range,,
SF5Z,"Liver system patterns (TM1), unspecified",no_range,,
SF60,Heart qi deficiency pattern (TM1),no_range,,
SF61,Heart blood deficiency pattern (TM1),no_range,,
SF62,Dual deficiency of heart qi and blood pattern (TM1),no_range,,
SF63,Heart meridian obstruction pattern (TM1),no_range,,
SF64,Heart yin deficiency pattern (TM1),no_range,,
SF65,Deficiency of heart qi and yin pattern (TM1),no_range,,
SF66,Heart yang deficiency pattern (TM1),no_range,,
SF67,Heart yang collapse pattern (TM1),no_range,,
SF68,Heart fire flaming upward pattern (TM1),no_range,,
SF69,Fire harassing heart spirit pattern (TM1),no_range,,
SF6A,Water qi intimidating the heart system pattern (TM1),no_range,,
SF6B,Heart spirit restlessness pattern (TM1),no_range,,
SF6C,Anxiety damaging the spirit pattern (TM1),no_range,,
SF6D,Small intestine qi stagnation pattern (TM1),no_range,,
SF6E,Small intestine excess heat pattern (TM1),no_range,,
SF6F,Small intestine deficiency cold pattern (TM1),no_range,,
SF6G,Heart and liver blood deficiency pattern (TM1),no_range,,
SF6H,Heart and gallbladder qi deficiency pattern (TM1),no_range,,
SF6J,Heart and spleen systems deficiency pattern (TM1),no_range,,
SF6K,Heart and lung qi deficiency pattern (TM1),no_range,,
SF6L,Heart and kidney systems disharmony pattern (TM1),no_range,,
SF6M,Heart and kidney yang deficiency pattern (TM1),no_range,,
SF6Y,Other specified heart system patterns (TM1),no_range,,
SF6Z,"Heart system patterns (TM1), unspecified",no_range,,
SF70,Spleen qi deficiency pattern (TM1),no_range,,
SF71,Spleen qi sinking pattern (TM1),no_range,,
SF72,Spleen deficiency with qi stagnation pattern (TM1),no_range,,
SF73,Spleen deficiency with food retention pattern (TM1),no_range,,
SF74,Spleen failing to control the blood pattern (TM1),no_range,,
SF75,Spleen deficiency and blood depletion pattern (TM1),no_range,,
SF76,Spleen yin deficiency pattern (TM1),no_range,,
SF77,Spleen yang deficiency pattern (TM1),no_range,,
SF78,Dampness-heat encumbering the spleen system pattern (TM1),no_range,,
SF79,Spleen deficiency with dampness accumulation pattern (TM1),no_range,,
SF7A,Spleen deficiency with water flooding pattern (TM1),no_range,,
SF7B,Cold-dampness encumbering the spleen system pattern (TM1),no_range,,
SF7C,Stomach qi deficiency pattern (TM1),no_range,,
SF7D,Stomach qi uprising pattern (TM1),no_range,,
SF7E,Stomach yin deficiency pattern (TM1),no_range,,
SF7F,Stomach heat pattern (TM1),no_range,,
SF7G,Dampness in the intestines pattern (TM1),no_range,,
SF7H,Cold invading the stomach system pattern (TM1),no_range,,
SF7J,Intestine cold stagnation pattern (TM1),no_range,,
SF7K,Anxiety damaging the spleen system pattern (TM1),no_range,,
SF7L,Lung and spleen deficiency pattern (TM1),no_range,,
SF7M,Spleen and kidney yang deficiency pattern (TM1),no_range,,
SF7Y,Other specified spleen system patterns (TM1),no_range,,
SF7Z,"Spleen system patterns (TM1), unspecified",no_range,,
SF80,Lung qi deficiency pattern (TM1),no_range,,
SF81,Lung yin deficiency pattern (TM1),no_range,,
SF82,Lung and kidney yin deficiency pattern (TM1),no_range,,
SF83,Lung qi and yin deficiency pattern (TM1),no_range,,
SF84,Lung yang deficiency pattern (TM1),no_range,,
SF85,Cold phlegm obstructing the lung pattern (TM1),no_range,,
SF86,Turbid phlegm accumulation in the lung pattern (TM1),no_range,,
SF87,Exterior cold with lung heat pattern (TM1),no_range,,
SF88,Intense congestion of lung heat pattern (TM1),no_range,,
SF89,Phlegm heat obstructing the lung pattern (TM1),no_range,,
SF8A,Wind-heat invading the lung pattern (TM1),no_range,,
SF8B,Lung heat transmitting into the intestine pattern (TM1),no_range,,
SF8C,Wind-cold fettering the lung pattern (TM1),no_range,,
SF8D,Dryness invading the lung pattern (TM1),no_range,,
SF8E,Lung dryness with intestinal obstruction pattern (TM1),no_range,,
SF8F,Large intestine excess heat pattern (TM1),no_range,,
SF8G,Large intestine dampness heat pattern (TM1),no_range,,
SF8H,Large intestine fluid deficiency pattern (TM1),no_range,,
SF8J,Large intestine deficiency cold pattern (TM1),no_range,,
SF8Y,Other specified lung system patterns (TM1),no_range,,
SF8Z,"Lung system patterns (TM1), unspecified",no_range,,
SF90,Kidney qi deficiency pattern (TM1),no_range,,
SF91,Kidney failing to receive qi pattern (TM1),no_range,,
SF92,Kidney qi deficiency with water retention pattern (TM1),no_range,,
SF93,Kidney yin deficiency pattern (TM1),no_range,,
SF94,Kidney yin and yang deficiency pattern (TM1),no_range,,
SF95,Kidney deficiency with marrow depletion pattern (TM1),no_range,,
SF96,Kidney essence deficiency pattern (TM1),no_range,,
SF97,Kidney yang deficiency pattern (TM1),no_range,,
SF98,Fear damaging the kidney system pattern (TM1),no_range,,
SF99,Blood and heat accumulation in the uterus pattern (TM1),no_range,,
SF9A,Phlegm obstructing the uterus pattern (TM1),no_range,,
SF9B,Dampness-heat in the uterus pattern (TM1),no_range,,
SF9C,Cold stagnation in the uterus pattern (TM1),no_range,,
SF9D,Uterine deficiency cold pattern (TM1),no_range,,
SF9E,Blood accumulation in the bladder pattern (TM1),no_range,,
SF9F,Bladder heat accumulation pattern (TM1),no_range,,
SF9G,Bladder dampness-heat pattern (TM1),no_range,,
SF9H,Bladder water accumulation pattern (TM1),no_range,,
SF9J,Bladder deficiency cold pattern (TM1),no_range,,
SF9Y,Other specified kidney system patterns (TM1),no_range,,
SF9Z,"Kidney system patterns (TM1), unspecified",no_range,,
SG1Y,Other specified organ system patterns (TM1),no_range,,
SG1Z,"Organ system patterns (TM1), unspecified",no_range,,
SG20,Lung meridian pattern (TM1),no_range,,
SG21,Large intestine meridian pattern (TM1),no_range,,
SG22,Stomach meridian pattern (TM1),no_range,,
SG23,Spleen meridian pattern (TM1),no_range,,
SG24,Heart meridian pattern (TM1),no_range,,
SG25,Small intestine meridian pattern (TM1),no_range,,
SG26,Bladder meridian pattern (TM1),no_range,,
SG27,Kidney meridian pattern (TM1),no_range,,
SG28,Pericardium meridian pattern (TM1),no_range,,
SG29,Triple energizer meridian pattern (TM1),no_range,,
SG2A,Gallbladder meridian pattern (TM1),no_range,,
SG2B,Liver meridian pattern (TM1),no_range,,
SG2Y,Other specified main Meridian Patterns (TM1),no_range,,
SG2Z,"Main Meridian Patterns (TM1), unspecified",no_range,,
SG30,Governor vessel pattern (TM1),no_range,,
SG31,Conception vessel pattern (TM1),no_range,,
SG32,Yin heel vessel pattern (TM1),no_range,,
SG33,Yang heel vessel pattern (TM1),no_range,,
SG34,Yin link vessel pattern (TM1),no_range,,
SG35,Yang link vessel pattern (TM1),no_range,,
SG36,Thoroughfare vessel pattern (TM1),no_range,,
SG37,Belt vessel pattern (TM1),no_range,,
SG3Y,Other specified extra Meridian Patterns (TM1),no_range,,
SG3Z,"Extra Meridian Patterns (TM1), unspecified",no_range,,
SG5Y,Other specified meridian and collateral patterns (TM1),no_range,,
SG5Z,"Meridian and collateral patterns (TM1), unspecified",no_range,,
SG60,Early yang stage pattern (TM1),no_range,,
SG61,Middle yang stage pattern (TM1),no_range,,
SG62,Late yang stage pattern (TM1),no_range,,
SG63,Early yin stage pattern (TM1),no_range,,
SG64,Middle yin stage pattern (TM1),no_range,,
SG65,Late yin stage pattern (TM1),no_range,,
SG6Y,Other specified six stage patterns (TM1),no_range,,
SG6Z,"Six stage patterns (TM1), unspecified",no_range,,
SG70,Upper energizer stage patterns (TM1),no_range,,
SG71,Middle energizer stage patterns (TM1),no_range,,
SG72,Lower energizer stage patterns (TM1),no_range,,
SG7Y,Other specified triple energizer stage patterns (TM1),no_range,,
SG7Z,"Triple energizer stage patterns (TM1), unspecified",no_range,,
SG80,Dampness obstructing the defense yang pattern (TM1),no_range,,
SG81,Heat attacking the lung defense pattern (TM1),no_range,,
SG8Y,Other specified defense phase patterns (TM1),no_range,,
SG8Z,"Defense phase patterns (TM1), unspecified",no_range,,
SG90,Heat entering the qi phase pattern (TM1),no_range,,
SG91,Qi phase dampness and heat pattern (TM1),no_range,,
SG92,Dampness obstructing the qi phase pattern (TM1),no_range,,
SG9Y,Other specified qi phase patterns (TM1),no_range,,
SG9Z,"Qi phase patterns (TM1), unspecified",no_range,,
SH00,Nutrient qi and defense qi disharmony pattern (TM1),no_range,,
SH01,Heat in the nutrient phase pattern(TM1),no_range,,
SH02,Heat entering the nutrient and blood phase pattern (TM1),no_range,,
SH0Y,Other specified nutrient phase patterns (TM1),no_range,,
SH0Z,"Nutrient phase patterns (TM1), unspecified",no_range,,
SH10,Blood phase pattern (TM1),no_range,,
SH11,Heat entering the blood phase pattern(TM1),no_range,,
SH1Y,Other specified blood phase patterns (TM1),no_range,,
SH1Z,"Blood phase patterns (TM1), unspecified",no_range,,
SH3Y,Other specified four phase patterns (TM1),no_range,,
SH3Z,"Four phase patterns (TM1), unspecified",no_range,,
SH40,Large yang type exterior origin lower back pattern (TM1),no_range,,
SH41,Large yang type interior origin small intestine pattern (TM1),no_range,,
SH42,Large yang type exterior interior combined pattern (TM1),no_range,,
SH4Y,Other specified large yang type patterns (TM1),no_range,,
SH4Z,"Large yang type patterns (TM1), unspecified",no_range,,
SH50,Small yang type lesser yang wind damage pattern (TM1),no_range,,
SH51,Small yang type yin depletion pattern (TM1),no_range,,
SH52,Small yang type chest heat congested pattern (TM1),no_range,,
SH53,Small yang type yin deficit pattern (TM1),no_range,,
SH54,Small yang type exterior interior combined pattern (TM1),no_range,,
SH5Y,Other specified small yang type patterns (TM1),no_range,,
SH5Z,"Small yang type patterns (TM1), unspecified",no_range,,
SH60,Large yin type supraspinal exterior pattern (TM1),no_range,,
SH61,Large yin type esophagus cold pattern (TM1),no_range,,
SH62,Large yin type liver heat pattern (TM1),no_range,,
SH63,Large yin type dryness heat pattern (TM1),no_range,,
SH64,Large yin type exterior Interior combined pattern (TM1),no_range,,
SH6Y,Other specified large yin type patterns (TM1),no_range,,
SH6Z,"Large yin type patterns (TM1), unspecified",no_range,,
SH70,Small yin type congestive hyperpsychotic pattern (TM1),no_range,,
SH71,Small yin type yang depletion pattern (TM1),no_range,,
SH72,Small yin type greater yin pattern (TM1),no_range,,
SH73,Small yin type lesser yin pattern (TM1),no_range,,
SH74,Small yin type exterior interior combined pattern (TM1),no_range,,
SH7Y,Other specified small yin type patterns(TM1),no_range,,
SH7Z,"Small yin type patterns(TM1), unspecified",no_range,,
SH9Y,Other specified four constitution medicine patterns (TM1),no_range,,
SH9Z,"Four constitution medicine patterns (TM1), unspecified",no_range,,
SJ1Y,Other specified traditional medicine patterns (TM1),no_range,,
SJ1Z,"Traditional medicine patterns (TM1), unspecified",no_range,,
SK00,Cephalalgia disorder (TM2),no_range,,
SK01,Migraine disorder (TM2),no_range,,
SK0Y,Other specified headache disorders (TM2),no_range,,
SK0Z,"Headache disorders (TM2), unspecified",no_range,,
SK10,Vertigo and giddiness disorder (TM2),no_range,,
SK1Y,Other specified nervous system disorders (TM2),no_range,,
SK1Z,"Nervous system disorders (TM2), unspecified",no_range,,
SK20,Facial palsy disorder (TM2),no_range,,
SK21,Paraplegia disorder (TM2),no_range,,
SK22,Hemiplegia disorder (TM2),no_range,,
SK2Y,Other specified paralysis disorders (TM2),no_range,,
SK2Z,"Paralysis disorders (TM2), unspecified",no_range,,
SK30,Seizure disorder (TM2),no_range,,
SK31,Epilepsy disorder (TM2),no_range,,
SK3Y,Other specified paroxysmal disorders (TM2),no_range,,
SK3Z,"Paroxysmal disorders (TM2), unspecified",no_range,,
SK50,Scalp affliction disorder (TM2),no_range,,
SK51,Cervicobrachial pain disorder (TM2),no_range,,
SK52,Tremor disorder (TM2),no_range,,
SK53,Stammering disorder (TM2),no_range,,
SK54,Numbness disorder (TM2),no_range,,
SK55,Weakness of thighs due to vata disorder (TM2),no_range,,
SK5Y,"Other specified head, brain, nerve and movement disorders (TM2)",no_range,,
SK5Z,"Head, brain, nerve and movement disorders (TM2), unspecified",no_range,,
SK60,Ocular hyperemia disorder (TM2),no_range,,
SK61,Prolapse iris disorder (TM2),no_range,,
SK62,Blepharitis disorder (TM2),no_range,,
SK63,Day blindness disorder (TM2),no_range,,
SK64,Night blindness disorder (TM2),no_range,,
SK65,Cataract disorder (TM2),no_range,,
SK66,Conjunctivitis disorder (TM2),no_range,,
SK67,Corneal disorder (TM2),no_range,,
SK68,Tear sac swelling disorder (TM2),no_range,,
SK69,Eyelid cyst disorder (TM2),no_range,,
SK6A,Dry eye disorder (TM2),no_range,,
SK6B,Ectropion disorder (TM2),no_range,,
SK6C,Pterygium disorder (TM2),no_range,,
SK6D,Lacrimation disorder (TM2),no_range,,
SK6E,Trichiasis disorder (TM2),no_range,,
SK6F,Eyelid tumour disorder (TM2),no_range,,
SK6G,Hard swelling of eyelid disorder (TM2),no_range,,
SK6H,Eyelid wart disorder (TM2),no_range,,
SK6J,Excessive blinking disorder (TM2),no_range,,
SK6K,Eyelid haematoma disorder (TM2),no_range,,
SK6L,Ptosis disorder (TM2),no_range,,
SK6M,Sticky eyelids disorder (TM2),no_range,,
SK6N,Chalazion disorder (TM2),no_range,,
SK6P,Stye disorder (TM2),no_range,,
SK6Q,Ptilosis disorder (TM2),no_range,,
SK6R,Non-inflammatory swelling of eye disorder (TM2),no_range,,
SK6S,Periorbital polyp disorder (TM2),no_range,,
SK6T,Phlyctenular nodule disorder (TM2),no_range,,
SK6U,Trachoma disorder (TM2),no_range,,
SK6V,Corneal opacity disorder (TM2),no_range,,
SK6W,Panopthalmitis disorder (TM2),no_range,,
SK6X,Phthisis bulbi disorder (TM2),no_range,,
SK7Y,Other specified eye disorders (TM2),no_range,,
SK7Z,"Eye disorders (TM2), unspecified",no_range,,
SK80,Ear abscess disorder (TM2),no_range,,
SK81,Deafness disorder (TM2),no_range,,
SK82,Otorrhoea disorder (TM2),no_range,,
SK83,Pruritus of ear disorder (TM2),no_range,,
SK84,Dysacousia disorder (TM2),no_range,,
SK85,Impacted cerumen disorder (TM2),no_range,,
SK86,Tinnitus disorder (TM2),no_range,,
SK87,Otalgia disorder (TM2),no_range,,
SK88,Otitis disorder (TM2),no_range,,
SK89,Pustules of pinna disorder (TM2),no_range,,
SK8Y,Other specified ear disorders (TM2),no_range,,
SK8Z,"Ear disorders (TM2), unspecified",no_range,,
SK90,Epistaxis disorder (TM2),no_range,,
SK91,Anosmia disorder (TM2),no_range,,
SK92,Dry nose disorder (TM2),no_range,,
SK93,Atrophic rhinitis disorder (TM2),no_range,,
SK94,Nasal polyp disorder (TM2),no_range,,
SK95,Rhinitis disorder (TM2),no_range,,
SK96,Coryza and catarrh disorder (TM2),no_range,,
SK97,Nasal obstruction disorder (TM2),no_range,,
SK98,Ozaena disorder (TM2),no_range,,
SK99,Sinusitis disorder (TM2),no_range,,
SK9A,Adenoiditis disorder (TM2),no_range,,
SK9Y,Other specified nose disorders (TM2),no_range,,
SK9Z,"Nose disorders (TM2), unspecified",no_range,,
SL00,Throat tumour disorder (TM2),no_range,,
SL01,Retropharyngeal abscess disorder (TM2),no_range,,
SL02,Hoarseness of voice disorder (TM2),no_range,,
SL03,Indistinct- abnormal voice disorder (TM2),no_range,,
SL04,Severe throat inflammation disorder (TM2),no_range,,
SL05,Pharyngitis disorder (TM2),no_range,,
SL06,Tonsillitis disorder (TM2),no_range,,
SL07,Speech disorder (TM2),no_range,,
SL08,Lymphadenopathy in throat region disorder (TM2),no_range,,
SL09,Laryngitis disorder (TM2),no_range,,
SL0Y,Other specified neck and throat disorders (TM2),no_range,,
SL0Z,"Neck and throat disorders (TM2), unspecified",no_range,,
SL20,Excessive sneezing disorder (TM2),no_range,,
SL21,Hypernasal speech disorder (TM2),no_range,,
SL2Y,"Other specified eye, ear, nose, throat and neck disorders (TM2)",no_range,,
SL2Z,"Eye, ear, nose, throat and neck disorders (TM2), unspecified",no_range,,
SL40,Bronchial asthma disorder (TM2),no_range,,
SL41,Cough disorder (TM2),no_range,,
SL42,Dyspnoea disorder (TM2),no_range,,
SL4Y,Other specified respiratory system disorders (TM2),no_range,,
SL4Z,"Respiratory system disorders (TM2), unspecified",no_range,,
SL60,Slow heart disorder (TM2),no_range,,
SL61,Heart pain disorder (TM2),no_range,,
SL62,Palpitation disorder (TM2),no_range,,
SL6Y,Other specified heart disorders (TM2),no_range,,
SL6Z,"Heart disorders (TM2), unspecified",no_range,,
SL70,Varicose veins disorder (TM2),no_range,,
SL71,Varicose ulcer disorder (TM2),no_range,,
SL72,Thickened arteries disorder (TM2),no_range,,
SL7Y,Other specified circulatory disorders (TM2),no_range,,
SL7Z,"Circulatory disorders (TM2), unspecified",no_range,,
SL80,Anaemia disorder (TM2),no_range,,
SL81,Bleeding disorder disorder (TM2),no_range,,
SL8Y,Other specified blood related disorders (TM2),no_range,,
SL8Z,"Blood related disorders (TM2), unspecified",no_range,,
SM00,Lymphadenopathy disorder (TM2),no_range,,
SM01,Elephantiasis disorder (TM2),no_range,,
SM0Y,"Other specified heart, blood and circulatory disorders (TM2)",no_range,,
SM0Z,"Heart, blood and circulatory disorders (TM2), unspecified",no_range,,
SM10,Stomatitis disorder (TM2),no_range,,
SM11,Dental abscess disorder (TM2),no_range,,
SM12,Bruxism disorder (TM2),no_range,,
SM13,Pyorrhoea disorder (TM2),no_range,,
SM14,Gingivitis disorder (TM2),no_range,,
SM15,Halitosis disorder (TM2),no_range,,
SM16,Sialorrhoea disorder (TM2),no_range,,
SM17,Palatitis disorder (TM2),no_range,,
SM18,Uvulitis disorder (TM2),no_range,,
SM19,Ludwig’s angina disorder (TM2),no_range,,
SM1A,Odontalgia disorder (TM2),no_range,,
SM1B,Bleeding gum disorder (TM2),no_range,,
SM1C,Ranula disorder (TM2),no_range,,
SM1D,Parotitis disorder (TM2),no_range,,
SM1E,Dental caries disorder (TM2),no_range,,
SM1F,Dental plaque disorder (TM2),no_range,,
SM1G,Discolouration of teeth disorder (TM2),no_range,,
SM1H,Odontoseisis disorder (TM2),no_range,,
SM1J,Sensitive teeth disorder (TM2),no_range,,
SM1K,Lip chapping and bleeding disorder (TM2),no_range,,
SM1L,Itchy swollen lip diorder (TM2),no_range,,
SM1M,Dry chapped lip disorder (TM2),no_range,,
SM1N,Xerostomia disorder (TM2),no_range,,
SM1P,Ageusia disorder (TM2),no_range,,
SM1Y,Other specified oral cavity disorders (TM2),no_range,,
SM1Z,"Oral cavity disorders (TM2), unspecified",no_range,,
SM30,Haematemesis disorder (TM2),no_range,,
SM31,Abdominal distension disorder (TM2),no_range,,
SM32,Ascites disorder (TM2),no_range,,
SM33,Abdominal pain disorder (TM2),no_range,,
SM34,Constipation disorder (TM2),no_range,,
SM35,Volvulus disorder (TM2),no_range,,
SM36,Malabsorption disorder (TM2),no_range,,
SM37,Diarrhoea disorder (TM2),no_range,,
SM38,Dysentery disorder (TM2),no_range,,
SM39,Dyspepsia disorder (TM2),no_range,,
SM3A,Hyperacidity disorder (TM2),no_range,,
SM3B,Indigestion disorder (TM2),no_range,,
SM3C,Food stasis indigestion disorder (TM2),no_range,,
SM3D,Duodenal ulcer disorder (TM2),no_range,,
SM3E,Gastric ulcer disorder (TM2),no_range,,
SM3F,Gastritis disorder (TM2),no_range,,
SM3G,Hernia disorder (TM2),no_range,,
SM3H,Nausea disorder (TM2),no_range,,
SM3J,Retching disorder (TM2),no_range,,
SM3K,Abdominal lumps disorder (TM2),no_range,,
SM3L,Vomiting disorder (TM2),no_range,,
SM3Y,Other specified abdominal cavity disorders (TM2),no_range,,
SM3Z,"Abdominal cavity disorders (TM2), unspecified",no_range,,
SM40,Liver abscess disorder (TM2),no_range,,
SM41,Jaundice disorder (TM2),no_range,,
SM42,Hepatomegaly disorder (TM2),no_range,,
SM43,Hepatitis disorder (TM2),no_range,,
SM44,Splenomegaly disorder (TM2),no_range,,
SM4Y,Other specified liver and Spleen disorders (TM2),no_range,,
SM4Z,"Liver and Spleen disorders (TM2), unspecified",no_range,,
SM50,Proctalgia disorder (TM2),no_range,,
SM51,Anal fissure disorder (TM2),no_range,,
SM52,Fistula in ano disorder (TM2),no_range,,
SM53,Haemorrhoids disorder (TM2),no_range,,
SM54,Proctitis disorder (TM2),no_range,,
SM55,Rectal prolapse disorder (TM2),no_range,,
SM56,Anal abscess disorder (TM2),no_range,,
SM5Y,Other specified anorectal disorders (TM2),no_range,,
SM5Z,"Anorectal disorders (TM2), unspecified",no_range,,
SM70,Flank pain disorder (TM2),no_range,,
SM71,Anorexia disorder (TM2),no_range,,
SM72,Bowel inflammation disorder (TM2),no_range,,
SM73,Infantile tenesmus disorder (TM2),no_range,,
SM74,Hiccough disorder (TM2),no_range,,
SM75,Dynamic intestinal obstruction disorder (TM2),no_range,,
SM76,Severe vomiting and diarrhoea disorder (TM2),no_range,,
SM7Y,Other specified gastro-intestinal disorders (TM2),no_range,,
SM7Z,"Gastro-intestinal disorders (TM2), unspecified",no_range,,
SM80,Renal abscess disorder (TM2),no_range,,
SM81,Retention of urine disorder (TM2),no_range,,
SM82,Insufficiency of the urinary bladder disorder (TM2),no_range,,
SM83,Renal colic disorder (TM2),no_range,,
SM84,Nephritis disorder (TM2),no_range,,
SM85,Cystitis disorder (TM2),no_range,,
SM86,Wound of the urinary bladder disorder (TM2),no_range,,
SM87,Dysuria disorder (TM2),no_range,,
SM88,Dribbling of urine disorder (TM2),no_range,,
SM89,Thick urine disorder (TM2),no_range,,
SM8A,Haematuria disorder (TM2),no_range,,
SM8B,Urinary incontinence disorder (TM2),no_range,,
SM8C,Urinary stone disorder (TM2),no_range,,
SM8D,Polyuria disorder (TM2),no_range,,
SM8E,Oliguria disorder (TM2),no_range,,
SM8Y,Other specified urinary system disorders (TM2),no_range,,
SM8Z,"Urinary system disorders (TM2), unspecified",no_range,,
SM90,Amenorrhoea disorder (TM2),no_range,,
SM91,Endocervicitis disorder (TM2),no_range,,
SM92,Bartholin's cyst disorder (TM2),no_range,,
SM93,Leucorrhoea disorder (TM2),no_range,,
SM94,Female infertility disorder (TM2),no_range,,
SM95,Vaginitis disorder (TM2),no_range,,
SM96,Dysmenorrhoea disorder (TM2),no_range,,
SM97,Hypomenorrhoea disorder (TM2),no_range,,
SM98,Dysfunctional uterine bleeding disorder (TM2),no_range,,
SM99,Uterine polyps disorder (TM2),no_range,,
SM9A,Uterine prolapse disorder (TM2),no_range,,
SM9B,Vaginismus disorder (TM2),no_range,,
SM9C,Metritis disorder (TM2),no_range,,
SM9Y,Other specified female Reproductive System disorders (TM2),no_range,,
SM9Z,"Female Reproductive System disorders (TM2), unspecified",no_range,,
SN00,Balanitis disorder (TM2),no_range,,
SN01,Hydrocele disorder (TM2),no_range,,
SN02,Erectile dysfunction disorder (TM2),no_range,,
SN03,Oligospermia disorder (TM2),no_range,,
SN04,Mustard- size boils on penis disorder (TM2),no_range,,
SN05,Orchitis disorder (TM2),no_range,,
SN06,Penile growth disorder (TM2),no_range,,
SN07,Priapism disorder (TM2),no_range,,
SN08,Prostatic enlargement disorder (TM2),no_range,,
SN09,Spermatorrhoea disorder (TM2),no_range,,
SN0A,Phimosis disorder (TM2),no_range,,
SN0Y,Other specified male Reproductive System disorders (TM2),no_range,,
SN0Z,"Male Reproductive System disorders (TM2), unspecified",no_range,,
SN10,Decreased breastmilk disorder (TM2),no_range,,
SN11,Vitiated breast milk disorder (TM2),no_range,,
SN12,Recurrent pregnancy loss disorder (TM2),no_range,,
SN1Y,Other specified pregnancy and childbirth related disorders (TM2),no_range,,
SN1Z,"Pregnancy and childbirth related disorders (TM2), unspecified",no_range,,
SN30,Gonorrhoea disorder (TM2),no_range,,
SN31,Syphillis disorder (TM2),no_range,,
SN3Y,Other specified urinary and reproductive system disorders (TM2),no_range,,
SN3Z,"Urinary and reproductive system disorders (TM2), unspecified",no_range,,
SN40,Dermatitis disorder (TM2),no_range,,
SN41,Discoloration of body disorder (TM2),no_range,,
SN42,Dryness of skin disorder (TM2),no_range,,
SN43,Eczema disorder (TM2),no_range,,
SN44,Foul body smelling disorder (TM2),no_range,,
SN45,Excess of sweat disorder (TM2),no_range,,
SN46,Scabies disorder (TM2),no_range,,
SN47,Dracunculosis disorder (TM2),no_range,,
SN48,Intertrigo disorder (TM2),no_range,,
SN49,Integumentary disorder (TM2),no_range,,
SN4A,Psoriasis disorder (TM2),no_range,,
SN4B,Ichthyosis disorder (TM2),no_range,,
SN4C,Scaling of scalp and forehead skin disorder (TM2),no_range,,
SN4D,Vitiligo disorder (TM2),no_range,,
SN4E,Lentigo disorder (TM2),no_range,,
SN4F,Birth mark - blackish red disorder (TM2),no_range,,
SN4G,Melasma disorder (TM2),no_range,,
SN4H,Mole disorder (TM2),no_range,,
SN4J,Black red skin lesion disorder (TM2),no_range,,
SN4K,Urticaria disorder (TM2),no_range,,
SN4L,Wheal disorder (TM2),no_range,,
SN4M,Boil disorder (TM2),no_range,,
SN4N,Prickly heat disorder (TM2),no_range,,
SN4P,Pemphigus vulgaris disorder (TM2),no_range,,
SN4Q,Scar marks disorder (TM2),no_range,,
SN4R,Roughness of skin disorder (TM2),no_range,,
SN4S,Verruca disorder (TM2),no_range,,
SN4T,Herpes disorder (TM2),no_range,,
SN4U,Ring worm infection disorder (TM2),no_range,,
SN4V,Acne disorder (TM2),no_range,,
SN4W,Ulcer disorder (TM2),no_range,,
SN5Y,Other specified skin disorders (TM2),no_range,,
SN5Z,"Skin disorders (TM2), unspecified",no_range,,
SN60,Brittle nails disorder (TM2),no_range,,
SN6Y,Other specified nail disorders (TM2),no_range,,
SN6Z,"Nail disorders (TM2), unspecified",no_range,,
SN70,Furunculosis of scalp disorder (TM2),no_range,,
SN71,Baldness disorder (TM2),no_range,,
SN72,Folliculitis disorder (TM2),no_range,,
SN73,Premature greying of hair disorder (TM2),no_range,,
SN7Y,Other specified hair disorders (TM2),no_range,,
SN7Z,"Hair disorders (TM2), unspecified",no_range,,
SN90,Patchy alopecia disorder (TM2),no_range,,
SN91,Dandruff disorder (TM2),no_range,,
SN92,Carbuncle disorder (TM2),no_range,,
SN9Y,"Other specified skin, nail and hair disorders (TM2)",no_range,,
SN9Z,"Skin, nail and hair disorders (TM2), unspecified",no_range,,
SP00,Osteoporosis disorder (TM2),no_range,,
SP0Y,Other specified bone disorders (TM2),no_range,,
SP0Z,"Bone disorders (TM2), unspecified",no_range,,
SP10,Polyarthritis disorder (TM2),no_range,,
SP11,Rheumatism disorder (TM2),no_range,,
SP12,Osteoarthritis disorder (TM2),no_range,,
SP13,Hip joint pain disorder (TM2),no_range,,
SP14,Gout disorder (TM2),no_range,,
SP15,Frozen shoulder disorder (TM2),no_range,,
SP1Y,Other specified joint disorders (TM2),no_range,,
SP1Z,"Joint disorders (TM2), unspecified",no_range,,
SP20,"Muscle pain, twisting disorder (TM2)",no_range,,
SP21,Atony disorder (TM2),no_range,,
SP2Y,Other specified muscle disorders (TM2),no_range,,
SP2Z,"Muscle disorders (TM2), unspecified",no_range,,
SP40,Achillodynia disorder (TM2),no_range,,
SP41,Sciatica disorder (TM2),no_range,,
SP42,Lumbar spondylosis disorder (TM2),no_range,,
SP43,Lumbo-sacroiliac disorder (TM2),no_range,,
SP44,Torticollis disorder (TM2),no_range,,
SP45,Cervical spondylosis disorder (TM2),no_range,,
SP4Y,"Other specified bone, joint and muscle disorders (TM2)",no_range,,
SP4Z,"Bone, joint and muscle disorders (TM2), unspecified",no_range,,
SP50,Enteric fever disorder (TM2),no_range,,
SP51,Fever disorder (TM2),no_range,,
SP52,Fever disorder with excessive salivation (TM2),no_range,,
SP53,High fever disorder with yellow discouloration (TM2),no_range,,
SP54,Fever with body pain disorder (TM2),no_range,,
SP55,Fever with chills disorder (TM2),no_range,,
SP56,High grade fever disorder (TM2),no_range,,
SP57,Intermittent fever disorder (TM2),no_range,,
SP58,Continuous fever disorder (TM2),no_range,,
SP59,Fever disorder due to external factor (TM2),no_range,,
SP5A,Inflammation with morbid matter disorder (TM2),no_range,,
SP5B,Consumptive disorder (TM2),no_range,,
SP5Y,Other specified febricity disorders (TM2),no_range,,
SP5Z,"Febricity disorders (TM2), unspecified",no_range,,
SP60,Diabetes mellitus disorder (TM2),no_range,,
SP61,Emaciation disorder (TM2),no_range,,
SP62,High fat disorder (TM2),no_range,,
SP63,Polydipsia disorder (TM2),no_range,,
SP64,Obesity disorder (TM2),no_range,,
SP6Y,Other specified metabolic disorders (TM2),no_range,,
SP6Z,"Metabolic disorders (TM2), unspecified",no_range,,
SP70,Lipoma disorder (TM2),no_range,,
SP71,Benign tumour disorder (TM2),no_range,,
SP72,Deep rooted spreading tumour disorder (TM2),no_range,,
SP7Y,Other specified tumours disorders (TM2),no_range,,
SP7Z,"Tumours disorders (TM2), unspecified",no_range,,
SP90,Abscess disorder (TM2),no_range,,
SP91,Generalised oedema disorder (TM2),no_range,,
SP92,Oedema disorder (TM2),no_range,,
SP93,Impaired immunity disorder (TM2),no_range,,
SP94,Inflammation disorder (TM2),no_range,,
SP95,Excessive yawning disorder (TM2),no_range,,
SP96,Laziness disorder (TM2),no_range,,
SP97,Severe fatigue disorder (TM2),no_range,,
SP98,Syncope disorder (TM2),no_range,,
SP99,Pruritus disorder (TM2),no_range,,
SP9A,General debility disorder (TM2),no_range,,
SP9Y,Other specified disorders affecting the whole body (TM2),no_range,,
SP9Z,"Disorders affecting the whole body (TM2), unspecified",no_range,,
SQ00,Delirium disorder (TM2),no_range,,
SQ01,Hallucination disorder (TM2),no_range,,
SQ02,Hysteria disorder (TM2),no_range,,
SQ03,Insanity disorder (TM2),no_range,,
SQ04,Depressive disorder (TM2),no_range,,
SQ05,"Lack of concentration, confusion disorder (TM2)",no_range,,
SQ0Y,Other specified mental disorders (TM2),no_range,,
SQ0Z,"Mental disorders (TM2), unspecified",no_range,,
SQ10,Anxiety ephemeral fever disorder (TM2),no_range,,
SQ1Y,Other specified emotional disorders (TM2),no_range,,
SQ1Z,"Emotional disorders (TM2), unspecified",no_range,,
SQ20,Alcoholism disorder (TM2),no_range,,
SQ21,Egomania disorder (TM2),no_range,,
SQ22,Non alcoholic intoxication disorder (TM2),no_range,,
SQ23,Panic attack disorder (TM2),no_range,,
SQ24,Insomnia disorder (TM2),no_range,,
SQ2Y,Other specified behavioural disorders (TM2),no_range,,
SQ2Z,"Behavioural disorders (TM2), unspecified",no_range,,
SQ40,Hypersomnia disorder (TM2),no_range,,
SQ41,Lycanthropy disorder (TM2),no_range,,
SQ4Y,"Other specified mental, emotional and behavioural disorders (TM2)",no_range,,
SQ4Z,"Mental, emotional and behavioural disorders (TM2), unspecified",no_range,,
SQ50,Worm infestation disorder (TM2),no_range,,
SQ5Y,Other specified infestation disorders (TM2),no_range,,
SQ5Z,"Infestation disorders (TM2), unspecified",no_range,,
SQ60,Pseudo poisoning disorder (TM2),no_range,,
SQ61,Artificial poison disorder (TM2),no_range,,
SQ6Y,Other specified poisoning disorders (TM2),no_range,,
SQ6Z,"Poisoning disorders (TM2), unspecified",no_range,,
SQ80,Inadequate diet disorders (TM2),no_range,,
SQ8Y,Other specified external factors disorders (TM2),no_range,,
SQ8Z,"External factors disorders (TM2), unspecified",no_range,,
SR00,Marasmus disorder (TM2),no_range,,
SR01,Bed wetting disorder (TM2),no_range,,
SR02,Infantile dysentry disorder (TM2),no_range,,
SR03,Infantile epilepsy disorder (TM2),no_range,,
SR04,Ophthalmia neonatarum disorder (TM2),no_range,,
SR05,Childhood malnutrition disorder (TM2),no_range,,
SR06,Oral thrush in babies disorder (TM2),no_range,,
SR0Y,Other specified childhood disorders (TM2),no_range,,
SR0Z,"Childhood disorders (TM2), unspecified",no_range,,
SR10,Vitiation of vāta pattern (TM2),no_range,,
SR11,Accumulation of Vata pattern (TM2),no_range,,
SR12,Aggravation of vata pattern (TM2),no_range,,
SR13,Spreading of vata pattern (TM2),no_range,,
SR14,Depletion of vata pattern (TM2),no_range,,
SR15,Vitiation of pitta pattern (TM2),no_range,,
SR16,Accumulation of pitta pattern (TM2),no_range,,
SR17,Aggravation of pitta pattern (TM2),no_range,,
SR18,Spreading of pitta pattern (TM2),no_range,,
SR19,Depletion of pitta pattern (TM2),no_range,,
SR1A,Vitiation of kapha pattern (TM2),no_range,,
SR1B,Accumulation of kapha pattern (TM2),no_range,,
SR1C,Aggravation of kapha pattern (TM2),no_range,,
SR1D,Spreading of kapha pattern (TM2),no_range,,
SR1E,Depletion of kapha pattern (TM2),no_range,,
SR1F,Increase of Vaḷi pattern (TM2),no_range,,
SR1G,Increase of Aẕal pattern (TM2),no_range,,
SR1H,Increase of Aiyam pattern (TM2),no_range,,
SR1J,Decrease of Vaḷi pattern (TM2),no_range,,
SR1K,Decrease of Aẕal pattern (TM2),no_range,,
SR1L,Decrease of Aiyam pattern (TM2),no_range,,
SR1M,Predominance of Dam pattern (TM2),no_range,,
SR1N,Predominance of Ṣafrā’ pattern (TM2),no_range,,
SR1P,Predominance of Balgham pattern (TM2),no_range,,
SR1Q,Predominance of Sawdā’ pattern (TM2),no_range,,
SR1R,Blood thickening pattern (TM2),no_range,,
SR1S,Blood thinning pattern (TM2),no_range,,
SR1T,Blood deficiency pattern (TM2),no_range,,
SR1U,Blood hyperviscosity pattern (TM2),no_range,,
SR1V,Spoilage of humors pattern (TM2),no_range,,
SR1W,Burning of humors pattern (TM2),no_range,,
SR1X,Thickening of humors pattern (TM2),no_range,,
SR20,Pattern of occlusion (TM2),no_range,,
SR2Y,Other specified functional elements and humoral derangement patterns (TM2),no_range,,
SR2Z,"Functional elements and humoral derangement patterns (TM2), unspecified",no_range,,
SR40,Vitiation of 'primary structural components of the body' pattern (TM2),no_range,,
SR41,Aggravation of primary circulating nutrient fluid pattern (TM2),no_range,,
SR42,Depletion of primary circulating nutrient fluid pattern (TM2),no_range,,
SR43,Morbid increase of blood pattern (TM2),no_range,,
SR44,Depletion of blood pattern (TM2),no_range,,
SR45,Excessive increase of muscular tissues pattern (TM2),no_range,,
SR46,Depletion of muscular tissues pattern (TM2),no_range,,
SR47,Increase of adipose tissues pattern (TM2),no_range,,
SR48,Depletion of adipose tissues pattern (TM2),no_range,,
SR49,Increase of bone tissues pattern (TM2),no_range,,
SR4A,Depletion of bone tissues pattern (TM2),no_range,,
SR4B,Increase of bone marrow pattern (TM2),no_range,,
SR4C,Depletion of bone marrow pattern (TM2),no_range,,
SR4D,Increase of reproductive tissues and semen pattern (TM2),no_range,,
SR4E,Depletion of reproductive tissues and semen pattern (TM2),no_range,,
SR4F,Diminution of Ojas pattern (TM2),no_range,,
SR4G,Derangement of Ojas pattern (TM2),no_range,,
SR4H,Dislodgement of Ojas pattern (TM2),no_range,,
SR4J,Increased menstrual flow pattern (TM2),no_range,,
SR4K,Diminution of menstrual flow pattern (TM2),no_range,,
SR4L,Increased secretion of breast milk pattern (TM2),no_range,,
SR4M,Decreased secretion of breast milk pattern (TM2),no_range,,
SR50,Derangement of channels carrying essense of digested food pattern (TM2),no_range,,
SR51,Derangement of channels enriching blood pattern (TM2),no_range,,
SR52,Derangement of channels enriching muscle tissue pattern (TM2),no_range,,
SR53,Derangement of channels carrying fat pattern (TM2),no_range,,
SR54,Derangement of channels enriching bone pattern (TM2),no_range,,
SR55,Derangement of channels enriching bone marrow pattern (TM2),no_range,,
SR56,Derangement of channels enriching seminal fluid pattern (TM2),no_range,,
SR57,Derangement of channels enriching vital life force pattern (TM2),no_range,,
SR58,Derangement of channels for fluid circulation pattern (TM2),no_range,,
SR59,Derangement of digestive tract pattern (TM2),no_range,,
SR5A,Derangement of channels of faeces pattern (TM2),no_range,,
SR5B,Derangement of urinary tract pattern (TM2),no_range,,
SR5C,Derangement of channels producing sweat pattern (TM2),no_range,,
SR5D,Derangement of channels enriching breast milk pattern (TM2),no_range,,
SR5E,Derangement of mind related channels pattern (TM2),no_range,,
SR5Y,Other specified derangement of channels pattern (TM2),no_range,,
SR5Z,"Derangement of channels pattern (TM2), unspecified",no_range,,
SR60,Increase of female reproductive tissue pattern (TM2),no_range,,
SR61,Decrease of female reproductive tissue pattern (TM2),no_range,,
SR62,Pattern resulting in abnormal number of organs and appendages (TM2),no_range,,
SR63,Pattern of abnormal positioning of organs and appendages (TM2),no_range,,
SR64,Pattern of abnormal relative position of organs (TM2),no_range,,
SR65,Loss of continuity pattern (TM2),no_range,,
SR66,Rīḥ pattern (TM2),no_range,,
SR67,Bukhārāt pattern (TM2),no_range,,
SR68,Compound pattern (TM2),no_range,,
SR69,Pattern of quantity (TM2),no_range,,
SR6Y,Other specified physical constituent derangement patterns (TM2),no_range,,
SR6Z,"Physical constituent derangement patterns (TM2), unspecified",no_range,,
SR80,Morbid increase of feces pattern (TM2),no_range,,
SR81,Depletion of faeces pattern (TM2),no_range,,
SR82,Excessive urine pattern (TM2),no_range,,
SR83,Reduced urine pattern (TM2),no_range,,
SR84,Hyperhidrosis pattern (TM2),no_range,,
SR85,Anhidrosis pattern (TM2),no_range,,
SR86,Faeces with undigested food residues pattern (TM2),no_range,,
SR87,Urine of over heat pattern (TM2),no_range,,
SR88,Urine colour of excessive cold pattern (TM2),no_range,,
SR89,"Urine colour of excessive depravement of Vaḷi, Aẕal and Aiyam pattern (TM2)",no_range,,
SR8A,Urine like colour of raw-meat washings pattern (TM2),no_range,,
SR8B,Delayed passing of stool pattern (TM2),no_range,,
SR8C,Dry stool pattern (TM2),no_range,,
SR8D,Larger quantity of stool pattern (TM2),no_range,,
SR8E,Sharp smelling sweat pattern (TM2),no_range,,
SR8F,Sour smelling sweat pattern (TM2),no_range,,
SR8G,Sweat of thick consistency pattern (TM2),no_range,,
SR8H,Sweat of thin consistency pattern (TM2),no_range,,
SR8J,Lack of sweat pattern (TM2),no_range,,
SR8K,Excess of sputum pattern (TM2),no_range,,
SR8L,Lack of sputum pattern (TM2),no_range,,
SR8M,Moderate quantity of sputum during convalescence pattern (TM2),no_range,,
SR8N,Excess of sweat pattern due to decreased vitality (TM2),no_range,,
SR8Y,Other specified excretory products derangement patterns (TM2),no_range,,
SR8Z,"Excretory products derangement patterns (TM2), unspecified",no_range,,
SS10,Derangement of digestive power pattern (TM2),no_range,,
SS11,Irregular digestive power pattern (TM2),no_range,,
SS12,Elevated digestive power pattern (TM2),no_range,,
SS13,Subdued digestive power pattern (TM2),no_range,,
SS14,Highly elevated digestive power pattern (TM2),no_range,,
SS15,"State of incomplete digestion, transformation or metabolism pattern (TM2)",no_range,,
SS16,Natural digestive fire pattern (TM2),no_range,,
SS17,Strong digestive fire pattern (TM2),no_range,,
SS18,Toxic digestive fire pattern (TM2),no_range,,
SS19,Weak digestive fire pattern (TM2),no_range,,
SS1Y,Other specified digestive fire based patterns (TM2),no_range,,
SS1Z,"Digestive fire based patterns (TM2), unspecified",no_range,,
SS20,Suppression of breath pattern (TM2),no_range,,
SS21,Suppression of yawning pattern (TM2),no_range,,
SS22,Suppression of hunger and thirst together pattern (TM2),no_range,,
SS23,Suppression of semen pattern (TM2),no_range,,
SS24,Suppression of cough pattern (TM2),no_range,,
SS25,Suppression of micturition pattern (TM2),no_range,,
SS26,Suppression of sleep pattern (TM2),no_range,,
SS27,Suppression of sneeze pattern (TM2),no_range,,
SS28,Suppression of tears pattern (TM2),no_range,,
SS29,Suppression of vomiting pattern (TM2),no_range,,
SS2A,Suppression of stool pattern (TM2),no_range,,
SS2B,Supression of exertional hyperpnea pattern (TM2),no_range,,
SS2C,Suppression of hunger pattern (TM2),no_range,,
SS2D,Suppression of thirst pattern (TM2),no_range,,
SS2E,Suppression of flatus pattern (TM2),no_range,,
SS2F,Pattern of humour accumulated with air (TM2),no_range,,
SS2G,Pattern of humour accumulated with excess cold (TM2),no_range,,
SS2H,Pattern of humour accumulated with excess heat (TM2),no_range,,
SS2Y,Other specified chronic accumulation patterns (TM2),no_range,,
SS2Z,"Chronic accumulation patterns (TM2), unspecified",no_range,,
SS30,Physical faculties derangement pattern (TM2),no_range,,
SS31,Nutritive faculty derangement pattern (TM2),no_range,,
SS32,Collecting faculty derangement pattern (TM2),no_range,,
SS33,Adhesive faculty derangement pattern (TM2),no_range,,
SS34,Assimilation faculty derangement pattern (TM2),no_range,,
SS35,Absorptive faculty derangement pattern (TM2),no_range,,
SS36,Retentive faculty derangement pattern (TM2),no_range,,
SS37,Digestive faculty derangement pattern (TM2),no_range,,
SS38,Expulsive faculty derangement pattern (TM2),no_range,,
SS39,Growth faculty derangement pattern (TM2),no_range,,
SS3A,Reproductive faculties derangement pattern (TM2),no_range,,
SS3B,Vital faculty derangement pattern (TM2),no_range,,
SS3C,Psychic faculties derangement pattern (TM2),no_range,,
SS3D,Debility of organs pattern (TM2),no_range,,
SS3E,Innate heat weakness pattern (TM2),no_range,,
SS3F,Disruption of innate heat pattern (TM2),no_range,,
SS3G,Weakness of psychic spirit pattern (TM2),no_range,,
SS3H,Weakness of natural spirit pattern (TM2),no_range,,
SS3J,Weakness of vital spirit pattern (TM2),no_range,,
SS3Y,Other specified power derangement patterns (TM2),no_range,,
SS3Z,"Power derangement patterns (TM2), unspecified",no_range,,
SS4Y,Other specified power derangement and chronic accumulation patterns (TM2),no_range,,
SS4Z,"Power derangement and chronic accumulation patterns (TM2), unspecified",no_range,,
SS50,Vata constitution pattern (TM2),no_range,,
SS51,Pitta constitution pattern (TM2),no_range,,
SS52,Kapha constitution pattern (TM2),no_range,,
SS53,Vata-Pitta constitution pattern (TM2),no_range,,
SS54,Pitta-Kapha constitution pattern (TM2),no_range,,
SS55,Kapha-Vata constitution pattern (TM2),no_range,,
SS56,Body constitution with a predominance of all three dosha pattern (TM2),no_range,,
SS57,Vaḷi body constitution pattern (TM2),no_range,,
SS58,Aẕal body constitution pattern (TM2),no_range,,
SS59,Aiyam body constitution pattern (TM2),no_range,,
SS5A,Vaḷi-predominant Aẕal body constitution pattern (TM2),no_range,,
SS5B,Vaḷi-predominant Aiyam body constitution pattern (TM2),no_range,,
SS5C,Aẕal-predominant Vaḷi body constitution pattern (TM2),no_range,,
SS5D,Aẕal-predominant Aiyam body constitution pattern (TM2),no_range,,
SS5E,Aiya-predominant Aẕal body constitution pattern (TM2),no_range,,
SS5F,Aiya-predominant Vaḷi body constitution pattern (TM2),no_range,,
SS5Y,Other specified constitution patterns (TM2),no_range,,
SS5Z,"Constitution patterns (TM2), unspecified",no_range,,
SS60,"Personality with a calm, composed mindset (TM2)",no_range,,
SS61,"Personality with an agitated, reactive mindset (TM2)",no_range,,
SS62,"Personality with a confused, negative mindset (TM2)",no_range,,
SS6Y,Other specified personality patterns (TM2),no_range,,
SS6Z,"Personality patterns (TM2), unspecified",no_range,,
SS70,Human temperament pattern (TM2),no_range,,
SS71,Temperament according to age pattern (TM2),no_range,,
SS72,Dam predominant temperament pattern (TM2),no_range,,
SS73,Ṣafrā’ predominant temperament pattern (TM2),no_range,,
SS74,Balgham predominant temperament pattern (TM2),no_range,,
SS75,Sawdā’ predominant temperament pattern (TM2),no_range,,
SS7Y,Other specified temperament based patterns (TM2),no_range,,
SS7Z,"Temperament based patterns (TM2), unspecified",no_range,,
SS80,Kapha predominant age pattern (TM2),no_range,,
SS81,Pitta predominant age pattern (TM2),no_range,,
SS82,Vata predominant age pattern (TM2),no_range,,
SS83,Childhood age pattern (TM2),no_range,,
SS84,Adult age pattern (TM2),no_range,,
SS85,Old age pattern (TM2),no_range,,
SS86,Hot and moist predominant temperament age pattern (TM2),no_range,,
SS87,Hot predominant temperament with lesser degree of moistness age pattern (TM2),no_range,,
SS88,Cold and dry predominant temperament age pattern (TM2),no_range,,
SS89,Cold predominant temperament with greater degree of dryness age pattern (TM2),no_range,,
SS8Y,Other specified age dependent patterns (TM2),no_range,,
SS8Z,"Age dependent patterns (TM2), unspecified",no_range,,
ST00,Abnormal temperament pattern (TM2),no_range,,
ST01,Simple morbid temperament pattern (TM2),no_range,,
ST02,Simple abnormal temperament without substance pattern (TM2),no_range,,
ST03,Abnormal hot temperament pattern (TM2),no_range,,
ST04,Abnormal cold temperament pattern (TM2),no_range,,
ST05,Abnormal moist temperament pattern (TM2),no_range,,
ST06,Abnormal dry temperament pattern (TM2),no_range,,
ST07,Abnormal temperament associated with substance pattern (TM2),no_range,,
ST08,Abnormal hot temperament with substance pattern (TM2),no_range,,
ST09,Abnormal cold temperament with substance pattern (TM2),no_range,,
ST0A,Abnormal moist temperament with substance pattern (TM2),no_range,,
ST0B,Abnormal dry temperament with substance pattern (TM2),no_range,,
ST0C,Compound morbid temperament pattern (TM2),no_range,,
ST0D,Simple compound abnormal temperament pattern (TM2),no_range,,
ST0E,Simple hot and moist abnormal temperament pattern (TM2),no_range,,
ST0F,Simple hot and dry abnormal temperament pattern (TM2),no_range,,
ST0G,Simple cold and moist abnormal temperament pattern (TM2),no_range,,
ST0H,Simple cold and dry abnormal temperament pattern (TM2),no_range,,
ST0J,Compound abnormal temperament associated with substance pattern (TM2),no_range,,
ST0K,Abnormal hot and moist temperament associated with substance pattern (TM2),no_range,,
ST0L,Abnormal hot and dry temperament associated with substance pattern (TM2),no_range,,
ST0M,Abnormal cold and moist temperament associated with substance pattern (TM2),no_range,,
ST0N,Abnormal cold and dry temperament associated with substance pattern (TM2),no_range,,
ST0P,Stable abnormal temperament pattern (TM2),no_range,,
ST0Q,Unstable abnormal temperament pattern (TM2),no_range,,
ST0R,Thickening of moisture pattern (TM2),no_range,,
ST0S,Presence of foreign moisture pattern (TM2),no_range,,
ST0T,Thinning of moistures pattern (TM2),no_range,,
ST0U,Infection of moistures pattern (TM2),no_range,,
ST0V,Change of temperament of psychic Rūḥ pattern (TM2),no_range,,
ST0W,Predominance of hotness pattern (TM2),no_range,,
ST0X,Predominance of coldness pattern (TM2),no_range,,
ST10,Predominance of moistness pattern (TM2),no_range,,
ST11,Predominance of dryness pattern (TM2),no_range,,
ST1Y,Other specified body constitution and temperament patterns (TM2),no_range,,
ST1Z,"Body constitution and temperament patterns (TM2), unspecified",no_range,,
ST20,Injury pattern in the varmam or marmam (TM2),no_range,,
ST2Y,Other specified varmam and Marmam patterns (TM2),no_range,,
ST2Z,"Varmam and Marmam patterns (TM2), unspecified",no_range,,
VD00,Attention functions [WHODAS],no_range,,
VD01,Memory functions [WHODAS],no_range,,
VD02,Solving problems [WHODAS],no_range,,
VD03,Basic learning [WHODAS],no_range,,
VD04,Communicating with - receiving - spoken messages [WHODAS],no_range,,
VD05,Conversation [WHODAS],no_range,,
VD10,Maintaining a standing position [WHODAS],no_range,,
VD11,Changing body position - standing [WHODAS],no_range,,
VD12,Moving around within the home [WHODAS],no_range,,
VD13,Moving around outside the home and other buildings [WHODAS],no_range,,
VD14,Walking [WHODAS],no_range,,
VD20,Washing oneself [WHODAS],no_range,,
VD21,Dressing [WHODAS],no_range,,
VD22,Eating [WHODAS],no_range,,
VD23,Carrying out daily routine [WHODAS],no_range,,
VD30,Relating with strangers [WHODAS],no_range,,
VD31,Informal relationship with friends - maintaining [WHODAS],no_range,,
VD32,Family relationships [WHODAS],no_range,,
VD33,Informal relationship with friends - making new friends [WHODAS],no_range,,
VD34,Intimate relationships [WHODAS],no_range,,
VD40,Taking care of household responsibilities [WHODAS],no_range,,
VD41,Doing most important household tasks [WHODAS],no_range,,
VD42,Doing housework [WHODAS],no_range,,
VD42.0,Getting all needed housework done [WHODAS],no_range,,
VD42.1,Getting household work done quickly [WHODAS],no_range,,
VD42.Y,Other specified doing housework [WHODAS],no_range,,
VD42.Z,"Doing housework [WHODAS], unspecified",no_range,,
VD43,Remunerative employment [WHODAS],no_range,,
VD43.0,Difficulties in daily work or school [WHODAS],no_range,,
VD43.1,Doing most important work or school task [WHODAS],no_range,,
VD43.2,Getting all needed work or school work done [WHODAS],no_range,,
VD43.3,Getting remunerative work or school work done quickly [WHODAS],no_range,,
VD43.Y,Other specified remunerative employment [WHODAS],no_range,,
VD43.Z,"Remunerative employment [WHODAS], unspecified",no_range,,
VD50,Recreation and leisure [WHODAS],no_range,,
VD51,Problems by barriers [WHODAS],no_range,,
VD52,Human rights [WHODAS],no_range,,
VD53,Time spent on health condition [WHODAS],no_range,,
VD54,Emotional effect of health condition [WHODAS],no_range,,
VD55,Health drain on financial resources [WHODAS],no_range,,
VD56,Health problems causing family problems [WHODAS],no_range,,
VD57,Problems in relaxation or pleasure [WHODAS],no_range,,
VE00,Seeing and related functions [BMDS],no_range,,
VE01,Hearing and vestibular functions [BMDS],no_range,,
VE10,Energy and drive functions [BMDS],no_range,,
VE11,Sleep functions [BMDS],no_range,,
VE12,Emotional functions [BMDS],no_range,,
VE13,Attention functions [BMDS],no_range,,
VE14,Memory functions [BMDS],no_range,,
VE20,Sensation of pain [BMDS],no_range,,
VV00,Energy and drive functions,no_range,,
VV01,Sleep functions,no_range,,
VV02,Attention functions,no_range,,
VV03,Memory functions,no_range,,
VV04,Emotional functions,no_range,,
VV0Y,Other specified mental functions,no_range,,
VV0Z,"Mental functions, unspecified",no_range,,
VV10,Seeing and related functions,no_range,,
VV11,Hearing and vestibular functions,no_range,,
VV12,Sensation of pain,no_range,,
VV1Y,Other specified sensory functions and pain,no_range,,
VV1Z,"Sensory functions and pain, unspecified",no_range,,
VV20,Voice functions,no_range,,
VV2Y,Other specified voice and speech functions,no_range,,
VV2Z,"Voice and speech functions, unspecified",no_range,,
VV30,Exercise tolerance functions,no_range,,
VV3Y,"Other specified functions of the cardiovascular, haematological, immunological and respiratory systems",no_range,,
VV3Z,"Functions of the cardiovascular, haematological, immunological and respiratory systems, unspecified",no_range,,
VV40,Functions related to the digestive system,no_range,,
VV4Y,"Other specified functions of the digestive, metabolic and endocrine systems",no_range,,
VV4Z,"Functions of the digestive, metabolic and endocrine systems, unspecified",no_range,,
VV50,Urination functions,no_range,,
VV51,Sexual functions,no_range,,
VV5Y,Other specified genitourinary and reproductive functions,no_range,,
VV5Z,"Genitourinary and reproductive functions, unspecified",no_range,,
VV60,Mobility of joint functions,no_range,,
VV61,Muscle power functions,no_range,,
VV6Y,Other specified neuromusculoskeletal and movement-related functions,no_range,,
VV6Z,"Neuromusculoskeletal and movement-related functions, unspecified",no_range,,
VV70,Functions of the skin,no_range,,
VV7Y,Other specified functions of the skin and related structures,no_range,,
VV7Z,"Functions of the skin and related structures, unspecified",no_range,,
VV80,Basic learning,no_range,,
VV81,Solving problems,no_range,,
VV8Y,Other specified learning and applying knowledge,no_range,,
VV8Z,"Learning and applying knowledge, unspecified",no_range,,
VV90,Carrying out daily routine,no_range,,
VV91,Handling stress and other psychological demands,no_range,,
VV9Y,Other specified general tasks and demands,no_range,,
VV9Z,"General tasks and demands, unspecified",no_range,,
VW00,Communicating with - receiving - spoken messages,no_range,,
VW01,Conversation,no_range,,
VW0Y,Other specified communication,no_range,,
VW0Z,"Communication, unspecified",no_range,,
VW10,Maintaining a standing position,no_range,,
VW11,Transferring oneself,no_range,,
VW12,"Carrying, moving and handling objects",no_range,,
VW13,Walking,no_range,,
VW14,Moving around within the home,no_range,,
VW15,Moving around using equipment,no_range,,
VW16,Using transportation,no_range,,
VW1Y,Other specified mobility,no_range,,
VW1Z,"Mobility, unspecified",no_range,,
VW20,Washing oneself,no_range,,
VW21,Caring for body parts,no_range,,
VW22,Toileting,no_range,,
VW23,Dressing,no_range,,
VW24,Eating,no_range,,
VW25,Looking after one's health,no_range,,
VW2Y,Other specified self-care,no_range,,
VW2Z,"Self-care, unspecified",no_range,,
VW30,Preparing meals,no_range,,
VW31,Doing housework,no_range,,
VW32,Assisting others,no_range,,
VW3Y,Other specified domestic life,no_range,,
VW3Z,"Domestic life, unspecified",no_range,,
VW40,Basic interpersonal interactions,no_range,,
VW41,Relating with strangers,no_range,,
VW42,Intimate relationships,no_range,,
VW4Y,Other specified interpersonal interactions and relationships,no_range,,
VW4Z,"Interpersonal interactions and relationships, unspecified",no_range,,
VW50,Remunerative employment,no_range,,
VW5Y,Other specified major life areas,no_range,,
VW5Z,"Major life areas, unspecified",no_range,,
VW60,Recreation and leisure,no_range,,
VW61,Human rights,no_range,,
VW6Y,"Other specified community, social and civic life",no_range,,
VW6Z,"Community, social and civic life, unspecified",no_range,,
VW8Y,Other specified generic functioning domains,no_range,,
VW8Z,"Generic functioning domains, unspecified",no_range,,
