review_type,code,title,va_code,token,detail,decision
range_past_end,,,VAs-01.99,1C10-1C11.Y,covers descendants after its end: 1C11.Z,owner decision 4
range_issue,,,VAs-98,5C52.Y-5C52-Z,"not a code or a two-ended range; skipped (corrected range, if any, is in the decisions file)",owner decision 4
range_issue,,,VAs-02.03,2C20-2C2Z,endpoint not in catalogue: 2C2Z; covers 73 codes lexically,owner decision 4
range_past_end,,,VAs-02.99,2B00-2B56.2,covers descendants after its end: 2B56.3 2B56.Y 2B56.Z,owner decision 4
range_issue,,,VAs-02.99,2B67-2B6Y,endpoint not in catalogue: 2B6Y; covers 40 codes lexically,owner decision 4
range_issue,,,VAs-02.99,2C30-2C5Z,endpoint not in catalogue: 2C5Z; covers 49 codes lexically,owner decision 4
range_issue,,,VAs-03.01,3A00-3A4.Z,endpoint not in catalogue: 3A4.Z; covers 70 codes lexically,owner decision 4
node_matched_by_label,,,VAs-09.0,,Ruptured uterus -> vas_09_08,
range_past_end,,,VAs-09.99,JB0A.2-JB0D.1,covers descendants after its end: JB0D.2 JB0D.3 JB0D.4 JB0D.5 JB0D.6 JB0D.7 JB0D.8 JB0D.Y,owner decision 4
pa_split,PA00,Unintentional land transport traffic event injuring a pedestrian,VAs-12.01,PA0x land transport traffic event,title fits,
pa_split,PA01,Unintentional land transport traffic event injuring the user of a pedestrian conveyance,VAs-12.01,PA0x land transport traffic event,title fits,
pa_split,PA02,Unintentional land transport traffic event injuring a pedal cyclist,VAs-12.01,PA0x land transport traffic event,title fits,
pa_split,PA03,Unintentional land transport traffic event injuring a motor cyclist,VAs-12.01,PA0x land transport traffic event,title fits,
pa_split,PA04,Unintentional land transport traffic event injuring a car occupant,VAs-12.01,PA0x land transport traffic event,title fits,
pa_split,PA05,Unintentional land transport traffic event injuring an occupant of a bus or coach,VAs-12.01,PA0x land transport traffic event,title fits,
pa_split,PA06,Unintentional land transport traffic event injuring an occupant of a light goods vehicle,VAs-12.01,PA0x land transport traffic event,title fits,
pa_split,PA07,Unintentional land transport traffic event injuring an occupant of a heavy goods vehicle,VAs-12.01,PA0x land transport traffic event,title fits,
pa_split,PA08,Unintentional land transport traffic event injuring an occupant of a streetcar or tram,VAs-12.01,PA0x land transport traffic event,title fits,
pa_split,PA09,Unintentional land transport traffic event injuring an occupant of a low powered passenger vehicle,VAs-12.01,PA0x land transport traffic event,title fits,
pa_split,PA0A,Unintentional land transport traffic event injuring a user of a special vehicle mainly used in agriculture,VAs-12.01,PA0x land transport traffic event,title fits,
pa_split,PA0B,Unintentional land transport traffic event injuring a user of a special vehicle mainly used on industrial premises,VAs-12.01,PA0x land transport traffic event,title fits,
pa_split,PA0C,Unintentional land transport traffic event injuring a user of a special construction vehicle,VAs-12.01,PA0x land transport traffic event,title fits,
pa_split,PA0D,Unintentional land transport traffic event injuring a user of an all-terrain vehicle,VAs-12.01,PA0x land transport traffic event,title fits,
pa_split,PA0E,Unintentional land transport traffic event injuring a rider of an animal,VAs-12.01,PA0x land transport traffic event,title fits,
pa_split,PA0F,Unintentional land transport traffic event injuring an occupant of an animal-drawn vehicle,VAs-12.01,PA0x land transport traffic event,title fits,
pa_split,PA0Y,Unintentional land transport traffic event injuring a user of other specified land transport,VAs-12.01,PA0x land transport traffic event,title fits,
pa_split,PA0Z,Unintentional land transport traffic event injuring a user of unspecified land transport,VAs-12.01,PA0x land transport traffic event,title fits,
pa_split,PA10,Unintentional land transport nontraffic event injuring a pedestrian,VAs-12.02,"PA1x-PA5x nontraffic, rail, water, air or other transport",title fits,
pa_split,PA11,Unintentional land transport nontraffic event injuring the user of a pedestrian conveyance,VAs-12.02,"PA1x-PA5x nontraffic, rail, water, air or other transport",title fits,
pa_split,PA12,Unintentional land transport nontraffic event injuring a pedal cyclist,VAs-12.02,"PA1x-PA5x nontraffic, rail, water, air or other transport",title fits,
pa_split,PA13,Unintentional land transport nontraffic event injuring a motor cyclist,VAs-12.02,"PA1x-PA5x nontraffic, rail, water, air or other transport",title fits,
pa_split,PA14,Unintentional land transport nontraffic event injuring a car occupant,VAs-12.02,"PA1x-PA5x nontraffic, rail, water, air or other transport",title fits,
pa_split,PA15,Unintentional land transport nontraffic event injuring an occupant of a bus or coach,VAs-12.02,"PA1x-PA5x nontraffic, rail, water, air or other transport",title fits,
pa_split,PA16,Unintentional land transport nontraffic event injuring an occupant of a light goods vehicle,VAs-12.02,"PA1x-PA5x nontraffic, rail, water, air or other transport",title fits,
pa_split,PA17,Unintentional land transport nontraffic event injuring an occupant of a heavy goods vehicle,VAs-12.02,"PA1x-PA5x nontraffic, rail, water, air or other transport",title fits,
pa_split,PA18,Unintentional land transport nontraffic event injuring an occupant of a streetcar or tram,VAs-12.02,"PA1x-PA5x nontraffic, rail, water, air or other transport",title fits,
pa_split,PA19,Unintentional land transport nontraffic event injuring an occupant of a low powered passenger vehicle,VAs-12.02,"PA1x-PA5x nontraffic, rail, water, air or other transport",title fits,
pa_split,PA1A,Unintentional land transport nontraffic event injuring a user of a special vehicle mainly used in agriculture,VAs-12.02,"PA1x-PA5x nontraffic, rail, water, air or other transport",title fits,
pa_split,PA1B,Unintentional land transport nontraffic event injuring a user of a special vehicle mainly used on industrial premises,VAs-12.02,"PA1x-PA5x nontraffic, rail, water, air or other transport",title fits,
pa_split,PA1C,Unintentional land transport nontraffic event injuring a user of a special construction vehicle,VAs-12.02,"PA1x-PA5x nontraffic, rail, water, air or other transport",title fits,
pa_split,PA1D,Unintentional land transport nontraffic event injuring a user of an all-terrain vehicle,VAs-12.02,"PA1x-PA5x nontraffic, rail, water, air or other transport",title fits,
pa_split,PA1E,Unintentional land transport nontraffic event injuring a rider of an animal,VAs-12.02,"PA1x-PA5x nontraffic, rail, water, air or other transport",title fits,
pa_split,PA1F,Unintentional land transport nontraffic event injuring an occupant of an animal-drawn vehicle,VAs-12.02,"PA1x-PA5x nontraffic, rail, water, air or other transport",title fits,
pa_split,PA1Y,Unintentional land transport nontraffic event injuring a user of other specified land transport,VAs-12.02,"PA1x-PA5x nontraffic, rail, water, air or other transport",title fits,
pa_split,PA1Z,Unintentional land transport nontraffic event injuring a user of unknown or unspecified land transport,VAs-12.02,"PA1x-PA5x nontraffic, rail, water, air or other transport",title fits,
pa_split,PA20,Unintentional land transport event unknown whether traffic or nontraffic injuring a pedestrian,VAs-12.02,"PA1x-PA5x nontraffic, rail, water, air or other transport",unknown whether traffic -> Other transport,owner decision 3
pa_split,PA21,Unintentional land transport event unknown whether traffic or nontraffic injuring the user of a pedestrian conveyance,VAs-12.02,"PA1x-PA5x nontraffic, rail, water, air or other transport",unknown whether traffic -> Other transport,owner decision 3
pa_split,PA22,Unintentional land transport event unknown whether traffic or nontraffic injuring a pedal cyclist,VAs-12.02,"PA1x-PA5x nontraffic, rail, water, air or other transport",unknown whether traffic -> Other transport,owner decision 3
pa_split,PA23,Unintentional land transport event unknown whether traffic or nontraffic injuring a motor cyclist,VAs-12.02,"PA1x-PA5x nontraffic, rail, water, air or other transport",unknown whether traffic -> Other transport,owner decision 3
pa_split,PA24,Unintentional land transport event unknown whether traffic or nontraffic injuring a car occupant,VAs-12.02,"PA1x-PA5x nontraffic, rail, water, air or other transport",unknown whether traffic -> Other transport,owner decision 3
pa_split,PA25,Unintentional land transport event unknown whether traffic or nontraffic injuring an occupant of a bus or coach,VAs-12.02,"PA1x-PA5x nontraffic, rail, water, air or other transport",unknown whether traffic -> Other transport,owner decision 3
pa_split,PA26,Unintentional land transport event unknown whether traffic or nontraffic injuring an occupant of a light goods vehicle,VAs-12.02,"PA1x-PA5x nontraffic, rail, water, air or other transport",unknown whether traffic -> Other transport,owner decision 3
pa_split,PA27,Unintentional land transport event unknown whether traffic or nontraffic injuring an occupant of a heavy goods vehicle,VAs-12.02,"PA1x-PA5x nontraffic, rail, water, air or other transport",unknown whether traffic -> Other transport,owner decision 3
pa_split,PA28,Unintentional land transport event unknown whether traffic or nontraffic injuring an occupant of a streetcar or tram,VAs-12.02,"PA1x-PA5x nontraffic, rail, water, air or other transport",unknown whether traffic -> Other transport,owner decision 3
pa_split,PA29,Unintentional land transport event unknown whether traffic or nontraffic injuring an occupant of a low powered passenger vehicle,VAs-12.02,"PA1x-PA5x nontraffic, rail, water, air or other transport",unknown whether traffic -> Other transport,owner decision 3
pa_split,PA2A,Unintentional land transport event unknown whether traffic or nontraffic injuring an occupant of a special vehicle mainly used in agriculture,VAs-12.02,"PA1x-PA5x nontraffic, rail, water, air or other transport",unknown whether traffic -> Other transport,owner decision 3
pa_split,PA2B,Unintentional land transport event unknown whether traffic or nontraffic injuring an occupant of a special vehicle mainly used on industrial premises,VAs-12.02,"PA1x-PA5x nontraffic, rail, water, air or other transport",unknown whether traffic -> Other transport,owner decision 3
pa_split,PA2C,Unintentional land transport event unknown whether traffic or nontraffic injuring an occupant of a special construction vehicle,VAs-12.02,"PA1x-PA5x nontraffic, rail, water, air or other transport",unknown whether traffic -> Other transport,owner decision 3
pa_split,PA2D,Unintentional land transport event unknown whether traffic or nontraffic injuring an occupant of an all-terrain vehicle,VAs-12.02,"PA1x-PA5x nontraffic, rail, water, air or other transport",unknown whether traffic -> Other transport,owner decision 3
pa_split,PA2E,Unintentional land transport event unknown whether traffic or nontraffic injuring a rider of an animal,VAs-12.02,"PA1x-PA5x nontraffic, rail, water, air or other transport",unknown whether traffic -> Other transport,owner decision 3
pa_split,PA2F,Unintentional land transport event unknown whether traffic or nontraffic injuring an occupant of an animal-drawn vehicle,VAs-12.02,"PA1x-PA5x nontraffic, rail, water, air or other transport",unknown whether traffic -> Other transport,owner decision 3
pa_split,PA2Y,Unintentional land transport injury event unknown whether traffic or nontraffic injuring a user of other specified transport,VAs-12.02,"PA1x-PA5x nontraffic, rail, water, air or other transport",unknown whether traffic -> Other transport,owner decision 3
pa_split,PA2Z,Unintentional land transport injury event unknown whether traffic or nontraffic injuring a user of unspecified transport,VAs-12.02,"PA1x-PA5x nontraffic, rail, water, air or other transport",unknown whether traffic -> Other transport,owner decision 3
pa_split,PA30,Unintentional railway transport injury event with collision or derailment,VAs-12.02,"PA1x-PA5x nontraffic, rail, water, air or other transport",title fits,
pa_split,PA31,Unintentional railway transport injury event without collision or derailment,VAs-12.02,"PA1x-PA5x nontraffic, rail, water, air or other transport",title fits,
pa_split,PA3Z,Unintentional railway transport injury event of unspecified type,VAs-12.02,"PA1x-PA5x nontraffic, rail, water, air or other transport",title fits,
pa_split,PA40,"Unintentional water transport injury event with water vessel not damaged, disabled or destroyed",VAs-12.02,"PA1x-PA5x nontraffic, rail, water, air or other transport",title fits,
pa_split,PA40.0,"Unintentional water transport injury event with water vessel not damaged, disabled or destroyed, causing submersion or drowning",VAs-12.02,"PA1x-PA5x nontraffic, rail, water, air or other transport",title fits,
pa_split,PA40.1,"Unintentional water transport injury event with water vessel not damaged, disabled or destroyed, causing other injury",VAs-12.02,"PA1x-PA5x nontraffic, rail, water, air or other transport",title fits,
pa_split,PA40.Z,"Unintentional water transport injury event with water vessel not damaged, disabled or destroyed, causing unspecified injury",VAs-12.02,"PA1x-PA5x nontraffic, rail, water, air or other transport",title fits,
pa_split,PA41,"Unintentional water transport injury event with water vessel damaged, disabled or destroyed",VAs-12.02,"PA1x-PA5x nontraffic, rail, water, air or other transport",title fits,
pa_split,PA41.0,"Unintentional water transport injury event with water vessel damaged, disabled or destroyed, causing submersion or drowning",VAs-12.02,"PA1x-PA5x nontraffic, rail, water, air or other transport",title fits,
pa_split,PA41.Z,"Unintentional water transport injury event with water vessel damaged, disabled or destroyed, causing unspecified injury",VAs-12.02,"PA1x-PA5x nontraffic, rail, water, air or other transport",title fits,
pa_split,PA4Z,Unintentional water transport injury event with damage to water vessel unspecified,VAs-12.02,"PA1x-PA5x nontraffic, rail, water, air or other transport",title fits,
pa_split,PA50,Unintentional air or space transport injury event,VAs-12.02,"PA1x-PA5x nontraffic, rail, water, air or other transport",title fits,
pa_split,PA50.0,"Unintentional air or space transport injury event with aircraft or spacecraft not damaged, disabled or destroyed",VAs-12.02,"PA1x-PA5x nontraffic, rail, water, air or other transport",title fits,
pa_split,PA50.1,"Unintentional air or space transport injury event with aircraft or spacecraft damaged, disabled or destroyed",VAs-12.02,"PA1x-PA5x nontraffic, rail, water, air or other transport",title fits,
pa_split,PA50.Z,"Unintentional air or space transport injury event, unspecified",VAs-12.02,"PA1x-PA5x nontraffic, rail, water, air or other transport",title fits,
pa_split,PA5Y,Other specified unintentional transport injury event,VAs-12.02,"PA1x-PA5x nontraffic, rail, water, air or other transport",title fits,
pa_split,PA5Z,"Unintentional transport injury event, unspecified",VAs-12.02,"PA1x-PA5x nontraffic, rail, water, air or other transport",title fits,
pj2x_split,PJ20,Physical maltreatment,VAs-12.09,VAs-12.09 PJ20-PJ2Z (5); VAs-12.99 PJ20-PJ2Z (5),maltreatment by others -> Assault,owner decision 2
pj2x_split,PJ21,Sexual maltreatment,VAs-12.09,VAs-12.09 PJ20-PJ2Z (5); VAs-12.99 PJ20-PJ2Z (5),maltreatment by others -> Assault,owner decision 2
pj2x_split,PJ22,Psychological maltreatment,VAs-12.09,VAs-12.09 PJ20-PJ2Z (5); VAs-12.99 PJ20-PJ2Z (5),maltreatment by others -> Assault,owner decision 2
pj2x_split,PJ2Y,Other specified maltreatment,VAs-12.09,VAs-12.09 PJ20-PJ2Z (5); VAs-12.99 PJ20-PJ2Z (5),maltreatment by others -> Assault,owner decision 2
pj2x_split,PJ2Z,"Maltreatment, unspecified",VAs-12.09,VAs-12.09 PJ20-PJ2Z (5); VAs-12.99 PJ20-PJ2Z (5),maltreatment by others -> Assault,owner decision 2
crosswalk_disagreement,1B12.40,Tuberculosis of bones or joints,VAs-01.99,M90.0,generated vas_01_99; WHO_2022_VA vas_98; WHO_2022_VA_2026 ICD-10 vas_98,accepted: native bucket (owner decision 1)
crosswalk_disagreement,1B12.7,Tuberculosis of the digestive system,VAs-01.99,K93.0,generated vas_01_99; WHO_2022_VA vas_98; WHO_2022_VA_2026 ICD-10 vas_98,accepted: native bucket (owner decision 1)
crosswalk_disagreement,1B1Y,Other specified tuberculosis,VAs-01.99,A15-A19,generated vas_01_99; WHO_2022_VA multiple:vas_01_09|vas_01_99; WHO_2022_VA_2026 ICD-10 multiple:vas_01_09|vas_01_99,accepted: native bucket (owner decision 1)
crosswalk_disagreement,1B1Z,"Tuberculosis, unspecified",VAs-01.99,A15-A19,generated vas_01_99; WHO_2022_VA multiple:vas_01_09|vas_01_99; WHO_2022_VA_2026 ICD-10 multiple:vas_01_09|vas_01_99,accepted: native bucket (owner decision 1)
crosswalk_disagreement,1B51,Streptococcal pharyngitis,VAs-01.99,J02.0,generated vas_01_99; WHO_2022_VA vas_01_02; WHO_2022_VA_2026 ICD-10 vas_01_02,accepted: native bucket (owner decision 1)
crosswalk_disagreement,1B70.1,Streptococcal cellulitis of skin,VAs-01.99,L03,generated vas_01_99; WHO_2022_VA vas_98; WHO_2022_VA_2026 ICD-10 vas_98,accepted: native bucket (owner decision 1)
crosswalk_disagreement,1B70.2,Staphylococcal cellulitis of skin,VAs-01.99,L03,generated vas_01_99; WHO_2022_VA vas_98; WHO_2022_VA_2026 ICD-10 vas_98,accepted: native bucket (owner decision 1)
crosswalk_disagreement,1B71,Necrotising fasciitis,VAs-01.99,M72.6,generated vas_01_99; WHO_2022_VA vas_98; WHO_2022_VA_2026 ICD-10 vas_98,accepted: native bucket (owner decision 1)
crosswalk_disagreement,1B71.0,Streptococcal necrotising fasciitis,VAs-01.99,M72.6,generated vas_01_99; WHO_2022_VA vas_98; WHO_2022_VA_2026 ICD-10 vas_98,accepted: native bucket (owner decision 1)
crosswalk_disagreement,1B71.1,Polymicrobial necrotising fasciitis,VAs-01.99,M72.6,generated vas_01_99; WHO_2022_VA vas_98; WHO_2022_VA_2026 ICD-10 vas_98,accepted: native bucket (owner decision 1)
crosswalk_disagreement,1B71.2,Neonatal necrotising fasciitis,VAs-01.99,M72.6,generated vas_01_99; WHO_2022_VA vas_98; WHO_2022_VA_2026 ICD-10 vas_98,accepted: native bucket (owner decision 1)
crosswalk_disagreement,1B71.Y,Necrotising fasciitis due to other specified bacterial infection,VAs-01.99,M72.6,generated vas_01_99; WHO_2022_VA vas_98; WHO_2022_VA_2026 ICD-10 vas_98,accepted: native bucket (owner decision 1)
crosswalk_disagreement,1B71.Z,"Necrotising fasciitis, unspecified",VAs-01.99,M72.6,generated vas_01_99; WHO_2022_VA vas_98; WHO_2022_VA_2026 ICD-10 vas_98,accepted: native bucket (owner decision 1)
crosswalk_disagreement,1B72,Impetigo,VAs-01.99,L01,generated vas_01_99; WHO_2022_VA vas_98; WHO_2022_VA_2026 ICD-10 vas_98,accepted: native bucket (owner decision 1)
crosswalk_disagreement,1B72.0,Bullous impetigo,VAs-01.99,L01,generated vas_01_99; WHO_2022_VA vas_98; WHO_2022_VA_2026 ICD-10 vas_98,accepted: native bucket (owner decision 1)
crosswalk_disagreement,1B72.1,Non-bullous impetigo,VAs-01.99,L01,generated vas_01_99; WHO_2022_VA vas_98; WHO_2022_VA_2026 ICD-10 vas_98,accepted: native bucket (owner decision 1)
crosswalk_disagreement,1B72.2,Secondary impetiginisation of the skin,VAs-01.99,L01.1,generated vas_01_99; WHO_2022_VA vas_98; WHO_2022_VA_2026 ICD-10 vas_98,accepted: native bucket (owner decision 1)
crosswalk_disagreement,1B72.Y,Other specified impetigo,VAs-01.99,L01,generated vas_01_99; WHO_2022_VA vas_98; WHO_2022_VA_2026 ICD-10 vas_98,accepted: native bucket (owner decision 1)
crosswalk_disagreement,1B72.Z,"Impetigo, unspecified",VAs-01.99,L01,generated vas_01_99; WHO_2022_VA vas_98; WHO_2022_VA_2026 ICD-10 vas_98,accepted: native bucket (owner decision 1)
crosswalk_disagreement,1B75.0,Furuncle,VAs-01.99,L02,generated vas_01_99; WHO_2022_VA vas_98; WHO_2022_VA_2026 ICD-10 vas_98,accepted: native bucket (owner decision 1)
crosswalk_disagreement,1B75.1,Carbuncle,VAs-01.99,L02,generated vas_01_99; WHO_2022_VA vas_98; WHO_2022_VA_2026 ICD-10 vas_98,accepted: native bucket (owner decision 1)
crosswalk_disagreement,1B75.2,Furunculosis,VAs-01.99,L02,generated vas_01_99; WHO_2022_VA vas_98; WHO_2022_VA_2026 ICD-10 vas_98,accepted: native bucket (owner decision 1)
crosswalk_disagreement,1B75.3,Pyogenic abscess of the skin,VAs-01.99,L02,generated vas_01_99; WHO_2022_VA vas_98; WHO_2022_VA_2026 ICD-10 vas_98,accepted: native bucket (owner decision 1)
crosswalk_disagreement,1C1G.13,Lyme arthritis,VAs-01.99,M01.2,generated vas_01_99; WHO_2022_VA vas_98; WHO_2022_VA_2026 ICD-10 vas_98,accepted: native bucket (owner decision 1)
crosswalk_disagreement,1C21,Chlamydial peritonitis,VAs-01.99,K67.0,generated vas_01_99; WHO_2022_VA vas_98; WHO_2022_VA_2026 ICD-10 vas_98,accepted: native bucket (owner decision 1)
crosswalk_disagreement,1C44,Non-pyogenic bacterial infections of the skin,VAs-01.99,L08.8,generated vas_01_99; WHO_2022_VA vas_98; WHO_2022_VA_2026 ICD-10 vas_98,accepted: native bucket (owner decision 1)
crosswalk_disagreement,1C80,"Viral encephalitis, not elsewhere classified",VAs-01.07,A80-A89,generated vas_01_07; WHO_2022_VA vas_01_99; WHO_2022_VA_2026 ICD-10 vas_01_07,accepted: native bucket (owner decision 1)
crosswalk_disagreement,1C81,Acute poliomyelitis,VAs-01.07,A80.9,generated vas_01_07; WHO_2022_VA vas_01_99; WHO_2022_VA_2026 ICD-10 vas_01_07,accepted: native bucket (owner decision 1)
crosswalk_disagreement,1C82,Rabies,VAs-01.07,A82.9,generated vas_01_07; WHO_2022_VA vas_01_99; WHO_2022_VA_2026 ICD-10 vas_01_07,accepted: native bucket (owner decision 1)
crosswalk_disagreement,1C83,Western equine encephalitis,VAs-01.07,A83.1,generated vas_01_07; WHO_2022_VA vas_01_99; WHO_2022_VA_2026 ICD-10 vas_01_07,accepted: native bucket (owner decision 1)
crosswalk_disagreement,1C84,Eastern equine encephalitis,VAs-01.07,A83.2,generated vas_01_07; WHO_2022_VA vas_01_99; WHO_2022_VA_2026 ICD-10 vas_01_07,accepted: native bucket (owner decision 1)
crosswalk_disagreement,1C85,Japanese encephalitis,VAs-01.07,A83.0,generated vas_01_07; WHO_2022_VA vas_01_99; WHO_2022_VA_2026 ICD-10 vas_01_07,accepted: native bucket (owner decision 1)
crosswalk_disagreement,1C86,St Louis encephalitis,VAs-01.07,A83.3,generated vas_01_07; WHO_2022_VA vas_01_99; WHO_2022_VA_2026 ICD-10 vas_01_07,accepted: native bucket (owner decision 1)
crosswalk_disagreement,1C87,Rocio viral encephalitis,VAs-01.07,A83.6,generated vas_01_07; WHO_2022_VA vas_01_99; WHO_2022_VA_2026 ICD-10 vas_01_07,accepted: native bucket (owner decision 1)
crosswalk_disagreement,1C88,Murray Valley encephalitis,VAs-01.07,A83.4,generated vas_01_07; WHO_2022_VA vas_01_99; WHO_2022_VA_2026 ICD-10 vas_01_07,accepted: native bucket (owner decision 1)
crosswalk_disagreement,1C8B,California encephalitis,VAs-01.07,A83.5,generated vas_01_07; WHO_2022_VA vas_01_99; WHO_2022_VA_2026 ICD-10 vas_01_07,accepted: native bucket (owner decision 1)
crosswalk_disagreement,1C8C,Venezuelan equine encephalitis,VAs-01.07,A92.2,generated vas_01_07; WHO_2022_VA vas_01_11; WHO_2022_VA_2026 ICD-10 vas_01_11,owner review (digitva-712.6)
crosswalk_disagreement,1C8D,La Crosse encephalitis,VAs-01.07,A83.5,generated vas_01_07; WHO_2022_VA vas_01_99; WHO_2022_VA_2026 ICD-10 vas_01_07,accepted: native bucket (owner decision 1)
crosswalk_disagreement,1C8E.1,Enteroviral meningitis,VAs-01.07,A87.0,generated vas_01_07; WHO_2022_VA vas_01_99; WHO_2022_VA_2026 ICD-10 vas_01_07,accepted: native bucket (owner decision 1)
crosswalk_disagreement,1C8E.2,Meningitis due to adenovirus,VAs-01.07,A87.1,generated vas_01_07; WHO_2022_VA vas_01_99; WHO_2022_VA_2026 ICD-10 vas_01_07,accepted: native bucket (owner decision 1)
crosswalk_disagreement,1C8F,Lymphocytic choriomeningitis,VAs-01.07,A87.2,generated vas_01_07; WHO_2022_VA vas_01_99; WHO_2022_VA_2026 ICD-10 vas_01_07,accepted: native bucket (owner decision 1)
crosswalk_disagreement,1C8G,Tick-borne encephalitis,VAs-01.07,A84.9,generated vas_01_07; WHO_2022_VA vas_01_99; WHO_2022_VA_2026 ICD-10 vas_01_07,owner decision 5a
crosswalk_disagreement,1C8G.0,Far Eastern tick-borne encephalitis,VAs-01.07,A84.0,generated vas_01_07; WHO_2022_VA vas_01_99; WHO_2022_VA_2026 ICD-10 vas_01_07,owner decision 5a
crosswalk_disagreement,1C8G.1,Central European tick-borne encephalitis,VAs-01.07,A84.1,generated vas_01_07; WHO_2022_VA vas_01_99; WHO_2022_VA_2026 ICD-10 vas_01_07,owner decision 5a
crosswalk_disagreement,1C8G.2,Siberian tick-borne encephalitis,VAs-01.07,A84.9,generated vas_01_07; WHO_2022_VA vas_01_99; WHO_2022_VA_2026 ICD-10 vas_01_07,owner decision 5a
crosswalk_disagreement,1C8G.Z,"Tick-borne encephalitis, unspecified",VAs-01.07,A84.9,generated vas_01_07; WHO_2022_VA vas_01_99; WHO_2022_VA_2026 ICD-10 vas_01_07,owner decision 5a
crosswalk_disagreement,1C8H,"Viral myelitis, not elsewhere classified",VAs-01.07,A80-A89,generated vas_01_07; WHO_2022_VA vas_01_99; WHO_2022_VA_2026 ICD-10 vas_01_07,owner decision 5a
crosswalk_disagreement,1C8Y,Other specified viral infections of the central nervous system,VAs-01.99,A80-A89,generated vas_01_99; WHO_2022_VA vas_01_99; WHO_2022_VA_2026 ICD-10 vas_01_07,accepted: native bucket (owner decision 1)
crosswalk_disagreement,1C8Z,"Viral infections of the central nervous system, unspecified",VAs-01.99,A80-A89,generated vas_01_99; WHO_2022_VA vas_01_99; WHO_2022_VA_2026 ICD-10 vas_01_07,accepted: native bucket (owner decision 1)
crosswalk_disagreement,1D01,"Infectious meningitis, not elsewhere classified",VAs-01.07,G00-G09,generated vas_01_07; WHO_2022_VA multiple:vas_01_07|vas_98; WHO_2022_VA_2026 ICD-10 multiple:vas_01_07|vas_98,accepted: native bucket (owner decision 1)
crosswalk_disagreement,1D01.2,Parasitic or protozoal meningitis,VAs-01.07,G00-G09,generated vas_01_07; WHO_2022_VA multiple:vas_01_07|vas_98; WHO_2022_VA_2026 ICD-10 multiple:vas_01_07|vas_98,accepted: native bucket (owner decision 1)
crosswalk_disagreement,1D01.Y,"Other specified infectious meningitis, not elsewhere classified",VAs-01.07,G00-G09,generated vas_01_07; WHO_2022_VA multiple:vas_01_07|vas_98; WHO_2022_VA_2026 ICD-10 multiple:vas_01_07|vas_98,accepted: native bucket (owner decision 1)
crosswalk_disagreement,1D01.Z,"Infectious meningitis, unspecified",VAs-01.07,G00-G09,generated vas_01_07; WHO_2022_VA multiple:vas_01_07|vas_98; WHO_2022_VA_2026 ICD-10 multiple:vas_01_07|vas_98,accepted: native bucket (owner decision 1)
crosswalk_disagreement,1D03,Infectious abscess of the central nervous system,VAs-01.99,G00-G09,generated vas_01_99; WHO_2022_VA multiple:vas_01_07|vas_98; WHO_2022_VA_2026 ICD-10 multiple:vas_01_07|vas_98,accepted: native bucket (owner decision 1)
crosswalk_disagreement,1D03.0,Intraspinal intramedullary abscess,VAs-01.99,G00-G09,generated vas_01_99; WHO_2022_VA multiple:vas_01_07|vas_98; WHO_2022_VA_2026 ICD-10 multiple:vas_01_07|vas_98,accepted: native bucket (owner decision 1)
crosswalk_disagreement,1D03.1,Intraspinal subdural abscess,VAs-01.99,G00-G09,generated vas_01_99; WHO_2022_VA multiple:vas_01_07|vas_98; WHO_2022_VA_2026 ICD-10 multiple:vas_01_07|vas_98,accepted: native bucket (owner decision 1)
crosswalk_disagreement,1D03.2,Intraspinal extradural abscess,VAs-01.99,G00-G09,generated vas_01_99; WHO_2022_VA multiple:vas_01_07|vas_98; WHO_2022_VA_2026 ICD-10 multiple:vas_01_07|vas_98,accepted: native bucket (owner decision 1)
crosswalk_disagreement,1D03.3,Intracranial abscess,VAs-01.99,G06.0,generated vas_01_99; WHO_2022_VA vas_98; WHO_2022_VA_2026 ICD-10 vas_98,accepted: native bucket (owner decision 1)
crosswalk_disagreement,1D03.30,Deep cerebral hemispheric abscess,VAs-01.99,G06.0,generated vas_01_99; WHO_2022_VA vas_98; WHO_2022_VA_2026 ICD-10 vas_98,accepted: native bucket (owner decision 1)
crosswalk_disagreement,1D03.31,Abscess of the corpus callosum,VAs-01.99,G06.0,generated vas_01_99; WHO_2022_VA vas_98; WHO_2022_VA_2026 ICD-10 vas_98,accepted: native bucket (owner decision 1)
crosswalk_disagreement,1D03.32,Pituitary abscess,VAs-01.99,G06.0,generated vas_01_99; WHO_2022_VA vas_98; WHO_2022_VA_2026 ICD-10 vas_98,accepted: native bucket (owner decision 1)
crosswalk_disagreement,1D03.33,Multiple or widespread intracranial abscess,VAs-01.99,G06.0,generated vas_01_99; WHO_2022_VA vas_98; WHO_2022_VA_2026 ICD-10 vas_98,accepted: native bucket (owner decision 1)
crosswalk_disagreement,1D03.3Y,Other specified intracranial abscess,VAs-01.99,G06.0,generated vas_01_99; WHO_2022_VA vas_98; WHO_2022_VA_2026 ICD-10 vas_98,accepted: native bucket (owner decision 1)
crosswalk_disagreement,1D03.3Z,"Intracranial abscess, unspecified",VAs-01.99,G06.0,generated vas_01_99; WHO_2022_VA vas_98; WHO_2022_VA_2026 ICD-10 vas_98,accepted: native bucket (owner decision 1)
crosswalk_disagreement,1D03.4,Intraspinal epidural abscess,VAs-01.99,G00-G09,generated vas_01_99; WHO_2022_VA multiple:vas_01_07|vas_98; WHO_2022_VA_2026 ICD-10 multiple:vas_01_07|vas_98,accepted: native bucket (owner decision 1)
crosswalk_disagreement,1D03.5,Spinal cord abscess,VAs-01.99,G00-G09,generated vas_01_99; WHO_2022_VA multiple:vas_01_07|vas_98; WHO_2022_VA_2026 ICD-10 multiple:vas_01_07|vas_98,accepted: native bucket (owner decision 1)
crosswalk_disagreement,1D03.Y,Other specified site of infectious abscess of the central nervous system,VAs-01.99,G00-G09,generated vas_01_99; WHO_2022_VA multiple:vas_01_07|vas_98; WHO_2022_VA_2026 ICD-10 multiple:vas_01_07|vas_98,accepted: native bucket (owner decision 1)
crosswalk_disagreement,1D03.Z,"Infectious abscess of the central nervous system, site unspecified",VAs-01.99,G00-G09,generated vas_01_99; WHO_2022_VA multiple:vas_01_07|vas_98; WHO_2022_VA_2026 ICD-10 multiple:vas_01_07|vas_98,accepted: native bucket (owner decision 1)
crosswalk_disagreement,1D04,Infectious granulomas of the central nervous system,VAs-01.99,G00-G09,generated vas_01_99; WHO_2022_VA multiple:vas_01_07|vas_98; WHO_2022_VA_2026 ICD-10 multiple:vas_01_07|vas_98,accepted: native bucket (owner decision 1)
crosswalk_disagreement,1D04.0,Parasitic intracerebral granuloma,VAs-01.99,G00-G09,generated vas_01_99; WHO_2022_VA multiple:vas_01_07|vas_98; WHO_2022_VA_2026 ICD-10 multiple:vas_01_07|vas_98,accepted: native bucket (owner decision 1)
crosswalk_disagreement,1D04.1,Intracranial granuloma,VAs-01.99,G06.0,generated vas_01_99; WHO_2022_VA vas_98; WHO_2022_VA_2026 ICD-10 vas_98,accepted: native bucket (owner decision 1)
crosswalk_disagreement,1D04.10,Fungal intracranial granuloma,VAs-01.99,G06.0,generated vas_01_99; WHO_2022_VA vas_98; WHO_2022_VA_2026 ICD-10 vas_98,accepted: native bucket (owner decision 1)
crosswalk_disagreement,1D04.1Y,Other specified intracranial granuloma,VAs-01.99,G06.0,generated vas_01_99; WHO_2022_VA vas_98; WHO_2022_VA_2026 ICD-10 vas_98,accepted: native bucket (owner decision 1)
crosswalk_disagreement,1D04.1Z,"Intracranial granuloma, unspecified",VAs-01.99,G06.0,generated vas_01_99; WHO_2022_VA vas_98; WHO_2022_VA_2026 ICD-10 vas_98,accepted: native bucket (owner decision 1)
crosswalk_disagreement,1D04.2,Intraspinal intramedullary granuloma,VAs-01.99,G00-G09,generated vas_01_99; WHO_2022_VA multiple:vas_01_07|vas_98; WHO_2022_VA_2026 ICD-10 multiple:vas_01_07|vas_98,accepted: native bucket (owner decision 1)
crosswalk_disagreement,1D04.3,Intraspinal subdural granuloma,VAs-01.99,G00-G09,generated vas_01_99; WHO_2022_VA multiple:vas_01_07|vas_98; WHO_2022_VA_2026 ICD-10 multiple:vas_01_07|vas_98,accepted: native bucket (owner decision 1)
crosswalk_disagreement,1D04.4,Intraspinal extradural granuloma,VAs-01.99,G00-G09,generated vas_01_99; WHO_2022_VA multiple:vas_01_07|vas_98; WHO_2022_VA_2026 ICD-10 multiple:vas_01_07|vas_98,accepted: native bucket (owner decision 1)
crosswalk_disagreement,1D04.5,Intraspinal epidural granuloma,VAs-01.99,G00-G09,generated vas_01_99; WHO_2022_VA multiple:vas_01_07|vas_98; WHO_2022_VA_2026 ICD-10 multiple:vas_01_07|vas_98,accepted: native bucket (owner decision 1)
crosswalk_disagreement,1D04.Y,Other specified site of infectious granulomas of the central nervous system,VAs-01.99,G00-G09,generated vas_01_99; WHO_2022_VA multiple:vas_01_07|vas_98; WHO_2022_VA_2026 ICD-10 multiple:vas_01_07|vas_98,accepted: native bucket (owner decision 1)
crosswalk_disagreement,1D04.Z,"Infectious granulomas of the central nervous system, site unspecified",VAs-01.99,G00-G09,generated vas_01_99; WHO_2022_VA multiple:vas_01_07|vas_98; WHO_2022_VA_2026 ICD-10 multiple:vas_01_07|vas_98,accepted: native bucket (owner decision 1)
crosswalk_disagreement,1D05,Infectious cysts of the central nervous system,VAs-01.99,G00-G09,generated vas_01_99; WHO_2022_VA multiple:vas_01_07|vas_98; WHO_2022_VA_2026 ICD-10 multiple:vas_01_07|vas_98,accepted: native bucket (owner decision 1)
crosswalk_disagreement,1D05.0,Epidural infectious cyst,VAs-01.99,G00-G09,generated vas_01_99; WHO_2022_VA multiple:vas_01_07|vas_98; WHO_2022_VA_2026 ICD-10 multiple:vas_01_07|vas_98,accepted: native bucket (owner decision 1)
crosswalk_disagreement,1D05.1,Subdural infectious cyst,VAs-01.99,G00-G09,generated vas_01_99; WHO_2022_VA multiple:vas_01_07|vas_98; WHO_2022_VA_2026 ICD-10 multiple:vas_01_07|vas_98,accepted: native bucket (owner decision 1)
crosswalk_disagreement,1D05.Y,Other specified infectious cysts of the central nervous system,VAs-01.99,G00-G09,generated vas_01_99; WHO_2022_VA multiple:vas_01_07|vas_98; WHO_2022_VA_2026 ICD-10 multiple:vas_01_07|vas_98,accepted: native bucket (owner decision 1)
crosswalk_disagreement,1D05.Z,"Infectious cysts of the central nervous system, unspecified",VAs-01.99,G00-G09,generated vas_01_99; WHO_2022_VA multiple:vas_01_07|vas_98; WHO_2022_VA_2026 ICD-10 multiple:vas_01_07|vas_98,accepted: native bucket (owner decision 1)
crosswalk_disagreement,1D0Y,Other specified non-viral or unspecified infections of the central nervous system,VAs-01.99,G00-G09,generated vas_01_99; WHO_2022_VA multiple:vas_01_07|vas_98; WHO_2022_VA_2026 ICD-10 multiple:vas_01_07|vas_98,accepted: native bucket (owner decision 1)
crosswalk_disagreement,1D0Z,"Non-viral or unspecified infections of the central nervous system, unspecified",VAs-01.99,G00-G09,generated vas_01_99; WHO_2022_VA multiple:vas_01_07|vas_98; WHO_2022_VA_2026 ICD-10 multiple:vas_01_07|vas_98,accepted: native bucket (owner decision 1)
crosswalk_disagreement,1D4C,Alkhurma haemorrhagic fever,VAs-01.11,A92-A99,generated vas_01_11; WHO_2022_VA multiple:vas_01_11|vas_01_12; WHO_2022_VA_2026 ICD-10 multiple:vas_01_11|vas_01_12,accepted: native bucket (owner decision 1)
crosswalk_disagreement,1D4D,Ross River disease,VAs-01.11,B33.1,generated vas_01_11; WHO_2022_VA vas_01_99; WHO_2022_VA_2026 ICD-10 vas_01_99,accepted: native bucket (owner decision 1)
crosswalk_disagreement,1D4E,Severe fever with thrombocytopenia syndrome,VAs-01.11,A92-A99,generated vas_01_11; WHO_2022_VA multiple:vas_01_11|vas_01_12; WHO_2022_VA_2026 ICD-10 multiple:vas_01_11|vas_01_12,accepted: native bucket (owner decision 1)
crosswalk_disagreement,1D4Y,Other specified arthropod-borne viral fevers,VAs-01.11,A92-A99,generated vas_01_11; WHO_2022_VA multiple:vas_01_11|vas_01_12; WHO_2022_VA_2026 ICD-10 multiple:vas_01_11|vas_01_12,accepted: native bucket (owner decision 1)
crosswalk_disagreement,1D4Z,"Arthropod-borne viral fever, virus unspecified",VAs-01.11,A92-A99,generated vas_01_11; WHO_2022_VA multiple:vas_01_11|vas_01_12; WHO_2022_VA_2026 ICD-10 multiple:vas_01_11|vas_01_12,accepted: native bucket (owner decision 1)
crosswalk_disagreement,1D62.1,Hantavirus pulmonary syndrome,VAs-01.11,B33.4,generated vas_01_11; WHO_2022_VA vas_01_99; WHO_2022_VA_2026 ICD-10 vas_01_99,accepted: native bucket (owner decision 1)
crosswalk_disagreement,1D64,Middle East respiratory syndrome,VAs-01.11,J12.9,generated vas_01_11; WHO_2022_VA vas_01_02; WHO_2022_VA_2026 ICD-10 vas_01_02,owner review (digitva-712.6)
crosswalk_disagreement,1E82,Warts of lips or oral cavity,VAs-01.99,B00-B09,generated vas_01_99; WHO_2022_VA multiple:vas_01_06|vas_01_99; WHO_2022_VA_2026 ICD-10 multiple:vas_01_06|vas_01_99,accepted: native bucket (owner decision 1)
crosswalk_disagreement,1E82.0,Focal epithelial hyperplasia of oral mucous membranes,VAs-01.99,B00-B09,generated vas_01_99; WHO_2022_VA multiple:vas_01_06|vas_01_99; WHO_2022_VA_2026 ICD-10 multiple:vas_01_06|vas_01_99,accepted: native bucket (owner decision 1)
crosswalk_disagreement,1E8Z,"Viral warts, not elsewhere classified",VAs-01.99,B00-B09,generated vas_01_99; WHO_2022_VA multiple:vas_01_06|vas_01_99; WHO_2022_VA_2026 ICD-10 multiple:vas_01_06|vas_01_99,accepted: native bucket (owner decision 1)
crosswalk_disagreement,1F02.1,Rubella arthritis,VAs-01.99,M01.4,generated vas_01_99; WHO_2022_VA vas_98; WHO_2022_VA_2026 ICD-10 vas_98,accepted: native bucket (owner decision 1)
crosswalk_disagreement,1F05,Picornavirus infections presenting in the skin or mucous membranes,VAs-01.99,B00-B09,generated vas_01_99; WHO_2022_VA multiple:vas_01_06|vas_01_99; WHO_2022_VA_2026 ICD-10 multiple:vas_01_06|vas_01_99,accepted: native bucket (owner decision 1)
crosswalk_disagreement,1F05.2,Enteroviral exanthematous fever,VAs-01.99,A88.0,generated vas_01_99; WHO_2022_VA vas_01_99; WHO_2022_VA_2026 ICD-10 vas_01_07,accepted: native bucket (owner decision 1)
crosswalk_disagreement,1F05.Y,Other specified picornavirus infections presenting in the skin or mucous membranes,VAs-01.99,B00-B09,generated vas_01_99; WHO_2022_VA multiple:vas_01_06|vas_01_99; WHO_2022_VA_2026 ICD-10 multiple:vas_01_06|vas_01_99,accepted: native bucket (owner decision 1)
crosswalk_disagreement,1F05.Z,"Picornavirus infections presenting in the skin or mucous membranes, unspecified",VAs-01.99,B00-B09,generated vas_01_99; WHO_2022_VA multiple:vas_01_06|vas_01_99; WHO_2022_VA_2026 ICD-10 multiple:vas_01_06|vas_01_99,accepted: native bucket (owner decision 1)
crosswalk_disagreement,1F0Y,Other specified viral infections characterised by skin or mucous membrane lesions,VAs-01.99,B00-B09,generated vas_01_99; WHO_2022_VA multiple:vas_01_06|vas_01_99; WHO_2022_VA_2026 ICD-10 multiple:vas_01_06|vas_01_99,accepted: native bucket (owner decision 1)
crosswalk_disagreement,1F0Z,"Viral infections characterised by skin or mucous membrane lesions, unspecified",VAs-01.99,B00-B09,generated vas_01_99; WHO_2022_VA multiple:vas_01_06|vas_01_99; WHO_2022_VA_2026 ICD-10 multiple:vas_01_06|vas_01_99,accepted: native bucket (owner decision 1)
crosswalk_disagreement,1F4Z,"Malaria, unspecified",VAs-01.05,B50-B64,generated vas_01_05; WHO_2022_VA multiple:vas_01_05|vas_01_99; WHO_2022_VA_2026 ICD-10 multiple:vas_01_05|vas_01_99,accepted: native bucket (owner decision 1)
crosswalk_disagreement,1G40,Sepsis without septic shock,VAs-01.01,A30-A49,generated vas_01_01; WHO_2022_VA multiple:vas_01_01|vas_01_07|vas_01_08|vas_01_10|vas_01_99|vas_10_05; WHO_2022_VA_2026 ICD-10 multiple:vas_01_01|vas_01_07|vas_01_08|vas_01_10|vas_01_99|vas_10_05,accepted: native bucket (owner decision 1)
crosswalk_disagreement,1G41,Sepsis with septic shock,VAs-01.01,R57.2,generated vas_01_01; WHO_2022_VA vas_99; WHO_2022_VA_2026 ICD-10 vas_99,accepted: native bucket (owner decision 1)
crosswalk_disagreement,2A60.40,Transient abnormal myelopoiesis,VAs-02.99,D61.9,generated vas_02_99; WHO_2022_VA vas_03_01; WHO_2022_VA_2026 ICD-10 vas_03_01,accepted: native bucket (owner decision 1)
crosswalk_disagreement,2B31.0,Juvenile xanthogranuloma,VAs-02.99,D76.3,generated vas_02_99; WHO_2022_VA vas_98; WHO_2022_VA_2026 ICD-10 vas_98,accepted: native bucket (owner decision 1)
crosswalk_disagreement,2B32.1,Reactive plasmacytic hyperplasia,VAs-02.99,D75.8,generated vas_02_99; WHO_2022_VA vas_98; WHO_2022_VA_2026 ICD-10 vas_98,accepted: native bucket (owner decision 1)
crosswalk_disagreement,2C26.0,Mesothelioma of pleura,VAs-02.03,C45.0,generated vas_02_03; WHO_2022_VA vas_02_99; WHO_2022_VA_2026 ICD-10 vas_02_99,accepted: native bucket (owner decision 1)
crosswalk_disagreement,2D3Y,"Other specified malignant neoplasms, stated or presumed to be primary, of specified sites, except of lymphoid, haematopoietic, central nervous system or related tissues",VAs-02.99,C00-C75,generated vas_02_99; WHO_2022_VA multiple:vas_02_01|vas_02_02|vas_02_03|vas_02_04|vas_02_05|vas_02_06|vas_02_99; WHO_2022_VA_2026 ICD-10 multiple:vas_02_01|vas_02_02|vas_02_03|vas_02_04|vas_02_05|vas_02_06|vas_02_99,accepted: native bucket (owner decision 1)
crosswalk_disagreement,2D3Z,"Malignant neoplasms, stated or presumed to be primary, of specified sites, except of lymphoid, haematopoietic, central nervous system or related tissues, unspecified",VAs-02.99,C00-C75,generated vas_02_99; WHO_2022_VA multiple:vas_02_01|vas_02_02|vas_02_03|vas_02_04|vas_02_05|vas_02_06|vas_02_99; WHO_2022_VA_2026 ICD-10 multiple:vas_02_01|vas_02_02|vas_02_03|vas_02_04|vas_02_05|vas_02_06|vas_02_99,accepted: native bucket (owner decision 1)
crosswalk_disagreement,2F21.0,Seborrhoeic keratosis,VAs-02.99,L82,generated vas_02_99; WHO_2022_VA vas_98; WHO_2022_VA_2026 ICD-10 vas_98,accepted: native bucket (owner decision 1)
crosswalk_disagreement,2F26,Lobular capillary haemangioma,VAs-02.99,L98.0,generated vas_02_99; WHO_2022_VA vas_98; WHO_2022_VA_2026 ICD-10 vas_98,accepted: native bucket (owner decision 1)
crosswalk_disagreement,3A10,Hereditary haemolytic anaemia,VAs-03.01,D55-D59,generated vas_03_01; WHO_2022_VA multiple:vas_03_01|vas_04_03; WHO_2022_VA_2026 ICD-10 multiple:vas_03_01|vas_04_03,accepted: native bucket (owner decision 1)
crosswalk_disagreement,3A10.Y,Other specified hereditary haemolytic anaemia,VAs-03.01,D55-D59,generated vas_03_01; WHO_2022_VA multiple:vas_03_01|vas_04_03; WHO_2022_VA_2026 ICD-10 multiple:vas_03_01|vas_04_03,accepted: native bucket (owner decision 1)
crosswalk_disagreement,3A10.Z,"Hereditary haemolytic anaemia, unspecified",VAs-03.01,D55-D59,generated vas_03_01; WHO_2022_VA multiple:vas_03_01|vas_04_03; WHO_2022_VA_2026 ICD-10 multiple:vas_03_01|vas_04_03,accepted: native bucket (owner decision 1)
crosswalk_disagreement,3A1Y,Other specified congenital haemolytic anaemia,VAs-03.01,D55-D59,generated vas_03_01; WHO_2022_VA multiple:vas_03_01|vas_04_03; WHO_2022_VA_2026 ICD-10 multiple:vas_03_01|vas_04_03,accepted: native bucket (owner decision 1)
crosswalk_disagreement,3A4Z,"Haemolytic anaemias, unspecified",VAs-03.01,D55-D59,generated vas_03_01; WHO_2022_VA multiple:vas_03_01|vas_04_03; WHO_2022_VA_2026 ICD-10 multiple:vas_03_01|vas_04_03,owner decision 5a
crosswalk_disagreement,3A60,Congenital pure red cell aplasia,VAs-98,D61.0,generated vas_98; WHO_2022_VA vas_03_01; WHO_2022_VA_2026 ICD-10 vas_03_01,accepted: native bucket (owner decision 1)
crosswalk_disagreement,3A60.0,Congenital non-inherited pure red cell aplasia,VAs-98,D61.0,generated vas_98; WHO_2022_VA vas_03_01; WHO_2022_VA_2026 ICD-10 vas_03_01,accepted: native bucket (owner decision 1)
crosswalk_disagreement,3A60.1,Hereditary pure red cell aplasia,VAs-98,D61.0,generated vas_98; WHO_2022_VA vas_03_01; WHO_2022_VA_2026 ICD-10 vas_03_01,accepted: native bucket (owner decision 1)
crosswalk_disagreement,3A60.Z,"Congenital pure red cell aplasia, unspecified",VAs-98,D61.0,generated vas_98; WHO_2022_VA vas_03_01; WHO_2022_VA_2026 ICD-10 vas_03_01,accepted: native bucket (owner decision 1)
crosswalk_disagreement,3A80,Congenital polycythaemia,VAs-03.01,D75.0,generated vas_03_01; WHO_2022_VA vas_98; WHO_2022_VA_2026 ICD-10 vas_98,accepted: native bucket (owner decision 1)
crosswalk_disagreement,3A80.0,Primary inherited erythrocytosis,VAs-03.01,D75.0,generated vas_03_01; WHO_2022_VA vas_98; WHO_2022_VA_2026 ICD-10 vas_98,accepted: native bucket (owner decision 1)
crosswalk_disagreement,3A80.Y,Other specified congenital polycythaemia,VAs-03.01,D75.0,generated vas_03_01; WHO_2022_VA vas_98; WHO_2022_VA_2026 ICD-10 vas_98,accepted: native bucket (owner decision 1)
crosswalk_disagreement,3A80.Z,"Congenital polycythaemia, unspecified",VAs-03.01,D75.0,generated vas_03_01; WHO_2022_VA vas_98; WHO_2022_VA_2026 ICD-10 vas_98,accepted: native bucket (owner decision 1)
crosswalk_disagreement,3A81,Acquired polycythaemia,VAs-03.01,D75.1,generated vas_03_01; WHO_2022_VA vas_98; WHO_2022_VA_2026 ICD-10 vas_98,accepted: native bucket (owner decision 1)
crosswalk_disagreement,3A81.0,"Polycythaemia due to hypoxia, including high altitude",VAs-03.01,D75.1,generated vas_03_01; WHO_2022_VA vas_98; WHO_2022_VA_2026 ICD-10 vas_98,accepted: native bucket (owner decision 1)
crosswalk_disagreement,3A81.1,Polycythaemia due to over-transfusion or blood doping,VAs-03.01,D75.1,generated vas_03_01; WHO_2022_VA vas_98; WHO_2022_VA_2026 ICD-10 vas_98,accepted: native bucket (owner decision 1)
crosswalk_disagreement,3A81.2,Relative polycythaemia,VAs-03.01,D75.1,generated vas_03_01; WHO_2022_VA vas_98; WHO_2022_VA_2026 ICD-10 vas_98,accepted: native bucket (owner decision 1)
crosswalk_disagreement,3A81.Y,Other specified acquired polycythaemia,VAs-03.01,D75.1,generated vas_03_01; WHO_2022_VA vas_98; WHO_2022_VA_2026 ICD-10 vas_98,accepted: native bucket (owner decision 1)
crosswalk_disagreement,3A81.Z,"Acquired polycythaemia, unspecified",VAs-03.01,D75.1,generated vas_03_01; WHO_2022_VA vas_98; WHO_2022_VA_2026 ICD-10 vas_98,accepted: native bucket (owner decision 1)
crosswalk_disagreement,3A91,Congenital methaemoglobinaemia,VAs-03.01,D74.0,generated vas_03_01; WHO_2022_VA vas_98; WHO_2022_VA_2026 ICD-10 vas_98,accepted: native bucket (owner decision 1)
crosswalk_disagreement,3A92,Hereditary methaemoglobinaemia,VAs-03.01,D74.0,generated vas_03_01; WHO_2022_VA vas_98; WHO_2022_VA_2026 ICD-10 vas_98,accepted: native bucket (owner decision 1)
crosswalk_disagreement,3A93,Acquired methaemoglobinaemia,VAs-03.01,D74.8,generated vas_03_01; WHO_2022_VA vas_98; WHO_2022_VA_2026 ICD-10 vas_98,accepted: native bucket (owner decision 1)
crosswalk_disagreement,3B63,Thrombocytosis,VAs-98,D47.3,generated vas_98; WHO_2022_VA vas_02_99; WHO_2022_VA_2026 ICD-10 vas_02_99,accepted: native bucket (owner decision 1)
crosswalk_disagreement,3B63.0,Congenital thrombocytosis,VAs-98,D47.3,generated vas_98; WHO_2022_VA vas_02_99; WHO_2022_VA_2026 ICD-10 vas_02_99,accepted: native bucket (owner decision 1)
crosswalk_disagreement,3B63.1,Acquired thrombocytosis,VAs-98,D47.3,generated vas_98; WHO_2022_VA vas_02_99; WHO_2022_VA_2026 ICD-10 vas_02_99,accepted: native bucket (owner decision 1)
crosswalk_disagreement,3B63.10,Secondary thrombocytosis,VAs-98,D47.3,generated vas_98; WHO_2022_VA vas_02_99; WHO_2022_VA_2026 ICD-10 vas_02_99,accepted: native bucket (owner decision 1)
crosswalk_disagreement,3B63.1Y,Other specified acquired thrombocytosis,VAs-98,D47.3,generated vas_98; WHO_2022_VA vas_02_99; WHO_2022_VA_2026 ICD-10 vas_02_99,accepted: native bucket (owner decision 1)
crosswalk_disagreement,3B63.1Z,"Acquired thrombocytosis, unspecified",VAs-98,D47.3,generated vas_98; WHO_2022_VA vas_02_99; WHO_2022_VA_2026 ICD-10 vas_02_99,accepted: native bucket (owner decision 1)
crosswalk_disagreement,3B63.Y,Other specified thrombocytosis,VAs-98,D47.3,generated vas_98; WHO_2022_VA vas_02_99; WHO_2022_VA_2026 ICD-10 vas_02_99,accepted: native bucket (owner decision 1)
crosswalk_disagreement,3B63.Z,"Thrombocytosis, unspecified",VAs-98,D47.3,generated vas_98; WHO_2022_VA vas_02_99; WHO_2022_VA_2026 ICD-10 vas_02_99,accepted: native bucket (owner decision 1)
crosswalk_disagreement,4A44.6,Sneddon syndrome,VAs-98,I77.8,generated vas_98; WHO_2022_VA vas_04_99; WHO_2022_VA_2026 ICD-10 vas_04_99,accepted: native bucket (owner decision 1)
crosswalk_disagreement,4A44.7,Primary angiitis of the central nervous system,VAs-98,I67.7,generated vas_98; WHO_2022_VA vas_04_02; WHO_2022_VA_2026 ICD-10 vas_04_02,accepted: native bucket (owner decision 1)
crosswalk_disagreement,4A44.8,Thromboangiitis obliterans,VAs-98,I73.1,generated vas_98; WHO_2022_VA vas_04_99; WHO_2022_VA_2026 ICD-10 vas_04_99,accepted: native bucket (owner decision 1)
crosswalk_disagreement,4A44.9,Immune complex small vessel vasculitis,VAs-98,I77.6,generated vas_98; WHO_2022_VA vas_04_99; WHO_2022_VA_2026 ICD-10 vas_04_99,accepted: native bucket (owner decision 1)
crosswalk_disagreement,4A44.9Y,Other specified immune complex small vessel vasculitis,VAs-98,I77.6,generated vas_98; WHO_2022_VA vas_04_99; WHO_2022_VA_2026 ICD-10 vas_04_99,accepted: native bucket (owner decision 1)
crosswalk_disagreement,4A44.9Z,"Immune complex small vessel vasculitis, unspecified",VAs-98,I77.6,generated vas_98; WHO_2022_VA vas_04_99; WHO_2022_VA_2026 ICD-10 vas_04_99,accepted: native bucket (owner decision 1)
crosswalk_disagreement,4A44.A,Antineutrophil cytoplasmic antibody-associated vasculitis,VAs-98,I77.6,generated vas_98; WHO_2022_VA vas_04_99; WHO_2022_VA_2026 ICD-10 vas_04_99,accepted: native bucket (owner decision 1)
crosswalk_disagreement,4A44.AY,Other specified antineutrophil cytoplasmic antibody-associated vasculitis,VAs-98,I77.6,generated vas_98; WHO_2022_VA vas_04_99; WHO_2022_VA_2026 ICD-10 vas_04_99,accepted: native bucket (owner decision 1)
crosswalk_disagreement,4A44.AZ,"Antineutrophil cytoplasmic antibody-associated vasculitis, unspecified",VAs-98,I77.6,generated vas_98; WHO_2022_VA vas_04_99; WHO_2022_VA_2026 ICD-10 vas_04_99,accepted: native bucket (owner decision 1)
crosswalk_disagreement,5A44,Insulin-resistance syndromes,VAs-98,E10-E14,generated vas_98; WHO_2022_VA vas_03_03; WHO_2022_VA_2026 ICD-10 vas_03_03,accepted: native bucket (owner decision 1)
crosswalk_disagreement,5B71,Protein deficiency,VAs-03.02,E63,generated vas_03_02; WHO_2022_VA vas_98; WHO_2022_VA_2026 ICD-10 vas_98,accepted: native bucket (owner decision 1)
crosswalk_disagreement,5B7Y,Other specified undernutrition,VAs-03.02,E90,generated vas_03_02; WHO_2022_VA vas_98; WHO_2022_VA_2026 ICD-10 vas_98,accepted: native bucket (owner decision 1)
crosswalk_disagreement,5B7Z,Unspecified undernutrition,VAs-03.02,E90,generated vas_03_02; WHO_2022_VA vas_98; WHO_2022_VA_2026 ICD-10 vas_98,accepted: native bucket (owner decision 1)
crosswalk_disagreement,5C58.03,Progressive familial intrahepatic cholestasis,VAs-98,K76.8,generated vas_98; WHO_2022_VA other_gastrointestinal_diseases; WHO_2022_VA_2026 ICD-10 other_gastrointestinal_diseases,accepted: native bucket (owner decision 1)
crosswalk_disagreement,6D72,Amnestic disorder,VAs-98,R41.8,generated vas_98; WHO_2022_VA -; WHO_2022_VA_2026 ICD-10 vas_99,accepted: native bucket (owner decision 1)
crosswalk_disagreement,6D72.Y,"Amnestic disorder, other specified cause",VAs-98,R41.8,generated vas_98; WHO_2022_VA -; WHO_2022_VA_2026 ICD-10 vas_99,accepted: native bucket (owner decision 1)
crosswalk_disagreement,6D72.Z,"Amnestic disorder, unknown or unspecified cause",VAs-98,R41.8,generated vas_98; WHO_2022_VA -; WHO_2022_VA_2026 ICD-10 vas_99,accepted: native bucket (owner decision 1)
crosswalk_disagreement,7A00,Chronic insomnia,VAs-99,F51.0,generated vas_99; WHO_2022_VA vas_98; WHO_2022_VA_2026 ICD-10 vas_98,owner decision 10
crosswalk_disagreement,7A01,Short-term insomnia,VAs-99,F51.0,generated vas_99; WHO_2022_VA vas_98; WHO_2022_VA_2026 ICD-10 vas_98,owner decision 10
crosswalk_disagreement,7A23,Hypersomnia due to a medical condition,VAs-99,F51.9,generated vas_99; WHO_2022_VA vas_98; WHO_2022_VA_2026 ICD-10 vas_98,owner decision 10
crosswalk_disagreement,7A25,Hypersomnia associated with a mental disorder,VAs-99,F51.9,generated vas_99; WHO_2022_VA vas_98; WHO_2022_VA_2026 ICD-10 vas_98,owner decision 10
crosswalk_disagreement,7A26,Insufficient sleep syndrome,VAs-99,F51.1,generated vas_99; WHO_2022_VA vas_98; WHO_2022_VA_2026 ICD-10 vas_98,owner decision 10
crosswalk_disagreement,7A2Y,Other specified hypersomnolence disorders,VAs-99,F51.9,generated vas_99; WHO_2022_VA vas_98; WHO_2022_VA_2026 ICD-10 vas_98,owner decision 10
crosswalk_disagreement,7A2Z,"Hypersomnolence disorders, unspecified",VAs-99,F51.9,generated vas_99; WHO_2022_VA vas_98; WHO_2022_VA_2026 ICD-10 vas_98,owner decision 10
crosswalk_disagreement,7A40.1,Primary central sleep apnoea of infancy,VAs-99,P28.3,generated vas_99; WHO_2022_VA vas_10_99; WHO_2022_VA_2026 ICD-10 vas_10_99,owner decision 10
crosswalk_disagreement,7A42.0,Obesity hypoventilation syndrome,VAs-99,E66.2,generated vas_99; WHO_2022_VA vas_98; WHO_2022_VA_2026 ICD-10 vas_98,owner decision 10
crosswalk_disagreement,7A80,Restless legs syndrome,VAs-99,G25.8,generated vas_99; WHO_2022_VA vas_98; WHO_2022_VA_2026 ICD-10 vas_98,owner decision 10
crosswalk_disagreement,7A81,Periodic limb movement disorder,VAs-99,G25.8,generated vas_99; WHO_2022_VA vas_98; WHO_2022_VA_2026 ICD-10 vas_98,owner decision 10
crosswalk_disagreement,7A83,Sleep-related bruxism,VAs-99,F45.8,generated vas_99; WHO_2022_VA vas_98; WHO_2022_VA_2026 ICD-10 vas_98,owner decision 10
crosswalk_disagreement,7A84,Sleep-related rhythmic movement disorder,VAs-99,G25.8,generated vas_99; WHO_2022_VA vas_98; WHO_2022_VA_2026 ICD-10 vas_98,owner decision 10
crosswalk_disagreement,7A85,Benign sleep myoclonus of infancy,VAs-99,F51.9,generated vas_99; WHO_2022_VA vas_98; WHO_2022_VA_2026 ICD-10 vas_98,owner decision 10
crosswalk_disagreement,7A86,Propriospinal myoclonus at sleep onset,VAs-99,F51.9,generated vas_99; WHO_2022_VA vas_98; WHO_2022_VA_2026 ICD-10 vas_98,owner decision 10
crosswalk_disagreement,7A87,Sleep-related movement disorder due to a medical condition,VAs-99,G25.8,generated vas_99; WHO_2022_VA vas_98; WHO_2022_VA_2026 ICD-10 vas_98,owner decision 10
crosswalk_disagreement,7A88,Sleep-related movement disorder due to a medication or substance,VAs-99,F51.9,generated vas_99; WHO_2022_VA vas_98; WHO_2022_VA_2026 ICD-10 vas_98,owner decision 10
crosswalk_disagreement,7A8Y,Other specified sleep-related movement disorders,VAs-99,F51.9,generated vas_99; WHO_2022_VA vas_98; WHO_2022_VA_2026 ICD-10 vas_98,owner decision 10
crosswalk_disagreement,7A8Z,"Sleep-related movement disorders, unspecified",VAs-99,F51.9,generated vas_99; WHO_2022_VA vas_98; WHO_2022_VA_2026 ICD-10 vas_98,owner decision 10
crosswalk_disagreement,7B00.1,Sleepwalking disorder,VAs-99,F51.3,generated vas_99; WHO_2022_VA vas_98; WHO_2022_VA_2026 ICD-10 vas_98,owner decision 10
crosswalk_disagreement,7B00.2,Sleep terrors,VAs-99,F51.4,generated vas_99; WHO_2022_VA vas_98; WHO_2022_VA_2026 ICD-10 vas_98,owner decision 10
crosswalk_disagreement,7B01,Parasomnias related to REM sleep,VAs-99,F51.9,generated vas_99; WHO_2022_VA vas_98; WHO_2022_VA_2026 ICD-10 vas_98,owner decision 10
crosswalk_disagreement,7B01.2,Nightmare disorder,VAs-99,F51.5,generated vas_99; WHO_2022_VA vas_98; WHO_2022_VA_2026 ICD-10 vas_98,owner decision 10
crosswalk_disagreement,7B01.Y,Other specified parasomnias related to REM sleep,VAs-99,F51.9,generated vas_99; WHO_2022_VA vas_98; WHO_2022_VA_2026 ICD-10 vas_98,owner decision 10
crosswalk_disagreement,7B01.Z,"Parasomnias related to REM sleep, unspecified",VAs-99,F51.9,generated vas_99; WHO_2022_VA vas_98; WHO_2022_VA_2026 ICD-10 vas_98,owner decision 10
crosswalk_disagreement,7B02,Other parasomnias,VAs-99,F51.9,generated vas_99; WHO_2022_VA vas_98; WHO_2022_VA_2026 ICD-10 vas_98,owner decision 10
crosswalk_disagreement,7B02.2,Parasomnia disorder due to a medical condition,VAs-99,F51.9,generated vas_99; WHO_2022_VA vas_98; WHO_2022_VA_2026 ICD-10 vas_98,owner decision 10
crosswalk_disagreement,7B0Y,Other specified parasomnia disorders,VAs-99,F51.9,generated vas_99; WHO_2022_VA vas_98; WHO_2022_VA_2026 ICD-10 vas_98,owner decision 10
crosswalk_disagreement,7B0Z,"Parasomnia disorders, unspecified",VAs-99,F51.9,generated vas_99; WHO_2022_VA vas_98; WHO_2022_VA_2026 ICD-10 vas_98,owner decision 10
crosswalk_disagreement,7B2Y,Other specified sleep-wake disorders,VAs-99,F51.9,generated vas_99; WHO_2022_VA vas_98; WHO_2022_VA_2026 ICD-10 vas_98,owner decision 10
crosswalk_disagreement,7B2Z,"Sleep-wake disorders, unspecified",VAs-99,F51.9,generated vas_99; WHO_2022_VA vas_98; WHO_2022_VA_2026 ICD-10 vas_98,owner decision 10
crosswalk_disagreement,8A45.00,Human T-cell lymphotropic virus-associated myelopathy,VAs-98,G04.1,generated vas_98; WHO_2022_VA vas_01_07; WHO_2022_VA_2026 ICD-10 vas_01_07,accepted: native bucket (owner decision 1)
crosswalk_disagreement,8A45.01,Subacute sclerosing panencephalitis,VAs-98,A81.1,generated vas_98; WHO_2022_VA vas_01_99; WHO_2022_VA_2026 ICD-10 vas_01_07,accepted: native bucket (owner decision 1)
crosswalk_disagreement,8A45.02,Progressive multifocal leukoencephalopathy,VAs-98,A81.2,generated vas_98; WHO_2022_VA vas_01_99; WHO_2022_VA_2026 ICD-10 vas_01_07,accepted: native bucket (owner decision 1)
crosswalk_disagreement,8A62.2,Acquired epileptic aphasia,VAs-08.01,F80.3,generated vas_08_01; WHO_2022_VA vas_98; WHO_2022_VA_2026 ICD-10 vas_98,accepted: native bucket (owner decision 1)
crosswalk_disagreement,8A63,Seizure due to acute causes,VAs-08.01,R56.8,generated vas_08_01; WHO_2022_VA vas_99; WHO_2022_VA_2026 ICD-10 vas_99,accepted: native bucket (owner decision 1)
crosswalk_disagreement,8A63.0,Febrile seizures,VAs-08.01,R56.0,generated vas_08_01; WHO_2022_VA vas_99; WHO_2022_VA_2026 ICD-10 vas_99,accepted: native bucket (owner decision 1)
crosswalk_disagreement,8A63.00,Simple febrile seizures,VAs-08.01,R56.0,generated vas_08_01; WHO_2022_VA vas_99; WHO_2022_VA_2026 ICD-10 vas_99,accepted: native bucket (owner decision 1)
crosswalk_disagreement,8A63.01,Complex febrile seizures,VAs-08.01,R56.0,generated vas_08_01; WHO_2022_VA vas_99; WHO_2022_VA_2026 ICD-10 vas_99,accepted: native bucket (owner decision 1)
crosswalk_disagreement,8A63.0Y,Other specified febrile seizures,VAs-08.01,R56.0,generated vas_08_01; WHO_2022_VA vas_99; WHO_2022_VA_2026 ICD-10 vas_99,accepted: native bucket (owner decision 1)
crosswalk_disagreement,8A63.0Z,"Febrile seizures, unspecified",VAs-08.01,R56.0,generated vas_08_01; WHO_2022_VA vas_99; WHO_2022_VA_2026 ICD-10 vas_99,accepted: native bucket (owner decision 1)
crosswalk_disagreement,8A63.Y,Seizure due to other acute cause,VAs-08.01,R56.8,generated vas_08_01; WHO_2022_VA vas_99; WHO_2022_VA_2026 ICD-10 vas_99,accepted: native bucket (owner decision 1)
crosswalk_disagreement,8A63.Z,Seizure due to unspecified acute cause,VAs-08.01,R56.8,generated vas_08_01; WHO_2022_VA vas_99; WHO_2022_VA_2026 ICD-10 vas_99,accepted: native bucket (owner decision 1)
crosswalk_disagreement,8A64,Single seizure due to remote causes,VAs-08.01,R56.8,generated vas_08_01; WHO_2022_VA vas_99; WHO_2022_VA_2026 ICD-10 vas_99,accepted: native bucket (owner decision 1)
crosswalk_disagreement,8A68,Types of seizures,VAs-08.01,R56,generated vas_08_01; WHO_2022_VA vas_99; WHO_2022_VA_2026 ICD-10 vas_99,accepted: native bucket (owner decision 1)
crosswalk_disagreement,8A68.0,Focal unaware seizure,VAs-08.01,R56,generated vas_08_01; WHO_2022_VA vas_99; WHO_2022_VA_2026 ICD-10 vas_99,accepted: native bucket (owner decision 1)
crosswalk_disagreement,8A68.1,"Absence seizures, atypical",VAs-08.01,R56,generated vas_08_01; WHO_2022_VA vas_99; WHO_2022_VA_2026 ICD-10 vas_99,accepted: native bucket (owner decision 1)
crosswalk_disagreement,8A68.2,"Absence seizures, typical",VAs-08.01,R56,generated vas_08_01; WHO_2022_VA vas_99; WHO_2022_VA_2026 ICD-10 vas_99,accepted: native bucket (owner decision 1)
crosswalk_disagreement,8A68.3,Focal aware seizure,VAs-08.01,R56,generated vas_08_01; WHO_2022_VA vas_99; WHO_2022_VA_2026 ICD-10 vas_99,accepted: native bucket (owner decision 1)
crosswalk_disagreement,8A68.5,Generalised myoclonic seizure,VAs-08.01,R56,generated vas_08_01; WHO_2022_VA vas_99; WHO_2022_VA_2026 ICD-10 vas_99,accepted: native bucket (owner decision 1)
crosswalk_disagreement,8A68.6,Generalised tonic seizure,VAs-08.01,R56,generated vas_08_01; WHO_2022_VA vas_99; WHO_2022_VA_2026 ICD-10 vas_99,accepted: native bucket (owner decision 1)
crosswalk_disagreement,8A68.7,Generalised atonic seizure,VAs-08.01,R56,generated vas_08_01; WHO_2022_VA vas_99; WHO_2022_VA_2026 ICD-10 vas_99,accepted: native bucket (owner decision 1)
crosswalk_disagreement,8A68.Y,Other specified type of seizure,VAs-08.01,R56.8,generated vas_08_01; WHO_2022_VA vas_99; WHO_2022_VA_2026 ICD-10 vas_99,accepted: native bucket (owner decision 1)
crosswalk_disagreement,8A68.Z,"Type of seizure, unspecified",VAs-08.01,R56,generated vas_08_01; WHO_2022_VA vas_99; WHO_2022_VA_2026 ICD-10 vas_99,accepted: native bucket (owner decision 1)
crosswalk_disagreement,8B10,Transient ischaemic attack,VAs-04.02,G45,generated vas_04_02; WHO_2022_VA -; WHO_2022_VA_2026 ICD-10 vas_98,accepted: native bucket (owner decision 1)
crosswalk_disagreement,8B10.0,Amaurosis fugax,VAs-04.02,G45.3,generated vas_04_02; WHO_2022_VA -; WHO_2022_VA_2026 ICD-10 vas_98,accepted: native bucket (owner decision 1)
crosswalk_disagreement,8B10.Y,Other specified transient ischaemic attack,VAs-04.02,G45.8,generated vas_04_02; WHO_2022_VA -; WHO_2022_VA_2026 ICD-10 vas_98,accepted: native bucket (owner decision 1)
crosswalk_disagreement,8B10.Z,"Transient ischaemic attack, unspecified",VAs-04.02,G45,generated vas_04_02; WHO_2022_VA -; WHO_2022_VA_2026 ICD-10 vas_98,accepted: native bucket (owner decision 1)
crosswalk_disagreement,8B22.40,Arteriovenous malformation of cerebral vessels,VAs-04.02,Q28.2,generated vas_04_02; WHO_2022_VA vas_10_06; WHO_2022_VA_2026 ICD-10 vas_10_06,owner review (digitva-712.6)
crosswalk_disagreement,8E00,Sporadic Creutzfeldt-Jakob Disease,VAs-98,A81.9,generated vas_98; WHO_2022_VA vas_01_99; WHO_2022_VA_2026 ICD-10 vas_01_07,accepted: native bucket (owner decision 1)
crosswalk_disagreement,8E01,Acquired prion disease,VAs-98,A81.9,generated vas_98; WHO_2022_VA vas_01_99; WHO_2022_VA_2026 ICD-10 vas_01_07,accepted: native bucket (owner decision 1)
crosswalk_disagreement,8E01.0,Iatrogenically acquired Creutzfeldt-Jakob Disease,VAs-98,A81.9,generated vas_98; WHO_2022_VA vas_01_99; WHO_2022_VA_2026 ICD-10 vas_01_07,accepted: native bucket (owner decision 1)
crosswalk_disagreement,8E01.1,Kuru,VAs-98,A81.8,generated vas_98; WHO_2022_VA vas_01_99; WHO_2022_VA_2026 ICD-10 vas_01_07,accepted: native bucket (owner decision 1)
crosswalk_disagreement,8E01.2,Variant Creutzfeldt-Jakob Disease,VAs-98,A81.9,generated vas_98; WHO_2022_VA vas_01_99; WHO_2022_VA_2026 ICD-10 vas_01_07,accepted: native bucket (owner decision 1)
crosswalk_disagreement,8E01.3,Other acquired Creutzfeldt-Jakob Disease,VAs-98,A81.9,generated vas_98; WHO_2022_VA vas_01_99; WHO_2022_VA_2026 ICD-10 vas_01_07,accepted: native bucket (owner decision 1)
crosswalk_disagreement,8E01.Z,"Acquired prion disease, unspecified",VAs-98,A81.9,generated vas_98; WHO_2022_VA vas_01_99; WHO_2022_VA_2026 ICD-10 vas_01_07,accepted: native bucket (owner decision 1)
crosswalk_disagreement,8E02,Genetic prion diseases,VAs-98,A81.9,generated vas_98; WHO_2022_VA vas_01_99; WHO_2022_VA_2026 ICD-10 vas_01_07,accepted: native bucket (owner decision 1)
crosswalk_disagreement,8E02.0,Genetic Creutzfeldt-Jakob disease,VAs-98,A81.0,generated vas_98; WHO_2022_VA vas_01_99; WHO_2022_VA_2026 ICD-10 vas_01_07,accepted: native bucket (owner decision 1)
crosswalk_disagreement,8E02.1,Gerstmann-Straussler-Scheinker syndrome,VAs-98,A81.9,generated vas_98; WHO_2022_VA vas_01_99; WHO_2022_VA_2026 ICD-10 vas_01_07,accepted: native bucket (owner decision 1)
crosswalk_disagreement,8E02.2,Fatal familial insomnia,VAs-98,A81.9,generated vas_98; WHO_2022_VA vas_01_99; WHO_2022_VA_2026 ICD-10 vas_01_07,accepted: native bucket (owner decision 1)
crosswalk_disagreement,8E02.Y,Other specified genetic prion diseases,VAs-98,A81.9,generated vas_98; WHO_2022_VA vas_01_99; WHO_2022_VA_2026 ICD-10 vas_01_07,accepted: native bucket (owner decision 1)
crosswalk_disagreement,8E02.Z,"Genetic prion diseases, unspecified",VAs-98,A81.9,generated vas_98; WHO_2022_VA vas_01_99; WHO_2022_VA_2026 ICD-10 vas_01_07,accepted: native bucket (owner decision 1)
crosswalk_disagreement,8E03,Variably protease sensitive prionopathy,VAs-98,A81.9,generated vas_98; WHO_2022_VA vas_01_99; WHO_2022_VA_2026 ICD-10 vas_01_07,accepted: native bucket (owner decision 1)
crosswalk_disagreement,8E0Y,Other specified human prion diseases,VAs-98,A81.9,generated vas_98; WHO_2022_VA vas_01_99; WHO_2022_VA_2026 ICD-10 vas_01_07,accepted: native bucket (owner decision 1)
crosswalk_disagreement,8E0Z,"Human prion diseases, unspecified",VAs-98,A81.9,generated vas_98; WHO_2022_VA vas_01_99; WHO_2022_VA_2026 ICD-10 vas_01_07,accepted: native bucket (owner decision 1)
crosswalk_disagreement,8E22,Minimally conscious state,VAs-98,R40.1,generated vas_98; WHO_2022_VA -; WHO_2022_VA_2026 ICD-10 vas_99,accepted: native bucket (owner decision 1)
crosswalk_disagreement,8E22.0,Minimally conscious state plus,VAs-98,R40.1,generated vas_98; WHO_2022_VA -; WHO_2022_VA_2026 ICD-10 vas_99,accepted: native bucket (owner decision 1)
crosswalk_disagreement,8E22.1,Minimally conscious state minus,VAs-98,R40.1,generated vas_98; WHO_2022_VA -; WHO_2022_VA_2026 ICD-10 vas_99,accepted: native bucket (owner decision 1)
crosswalk_disagreement,8E22.Y,Other specified minimally conscious state,VAs-98,R40.1,generated vas_98; WHO_2022_VA -; WHO_2022_VA_2026 ICD-10 vas_99,accepted: native bucket (owner decision 1)
crosswalk_disagreement,8E22.Z,"Minimally conscious state, unspecified",VAs-98,R40.1,generated vas_98; WHO_2022_VA -; WHO_2022_VA_2026 ICD-10 vas_99,accepted: native bucket (owner decision 1)
crosswalk_disagreement,8E40.0,Neoplastic meningitis,VAs-98,G03.8,generated vas_98; WHO_2022_VA vas_01_07; WHO_2022_VA_2026 ICD-10 vas_01_07,accepted: native bucket (owner decision 1)
crosswalk_disagreement,8E40.1,Chemical meningitis,VAs-98,G03.8,generated vas_98; WHO_2022_VA vas_01_07; WHO_2022_VA_2026 ICD-10 vas_01_07,accepted: native bucket (owner decision 1)
crosswalk_disagreement,8E40.2,Inflammatory meningitis,VAs-98,G03.8,generated vas_98; WHO_2022_VA vas_01_07; WHO_2022_VA_2026 ICD-10 vas_01_07,accepted: native bucket (owner decision 1)
crosswalk_disagreement,8E40.3,Arachnoiditis,VAs-98,G03,generated vas_98; WHO_2022_VA vas_01_07; WHO_2022_VA_2026 ICD-10 vas_01_07,accepted: native bucket (owner decision 1)
crosswalk_disagreement,8E48,"Encephalitis, not elsewhere classified",VAs-98,G04.8,generated vas_98; WHO_2022_VA vas_01_07; WHO_2022_VA_2026 ICD-10 vas_01_07,accepted: native bucket (owner decision 1)
crosswalk_disagreement,8E62,Postprocedural meningitis,VAs-98,G03.8,generated vas_98; WHO_2022_VA vas_01_07; WHO_2022_VA_2026 ICD-10 vas_01_07,accepted: native bucket (owner decision 1)
crosswalk_disagreement,9C61.4,Developmental glaucoma,VAs-98,Q15.0,generated vas_98; WHO_2022_VA vas_10_06; WHO_2022_VA_2026 ICD-10 vas_10_06,accepted: native bucket (owner decision 1)
crosswalk_disagreement,9C61.40,Primary congenital glaucoma,VAs-98,Q15.0,generated vas_98; WHO_2022_VA vas_10_06; WHO_2022_VA_2026 ICD-10 vas_10_06,accepted: native bucket (owner decision 1)
crosswalk_disagreement,9C61.41,Primary infantile glaucoma,VAs-98,Q15.0,generated vas_98; WHO_2022_VA vas_10_06; WHO_2022_VA_2026 ICD-10 vas_10_06,accepted: native bucket (owner decision 1)
crosswalk_disagreement,9C61.42,Secondary childhood glaucoma,VAs-98,Q15.0,generated vas_98; WHO_2022_VA vas_10_06; WHO_2022_VA_2026 ICD-10 vas_10_06,accepted: native bucket (owner decision 1)
crosswalk_disagreement,9C61.4Y,Other specified developmental glaucoma,VAs-98,Q15.0,generated vas_98; WHO_2022_VA vas_10_06; WHO_2022_VA_2026 ICD-10 vas_10_06,accepted: native bucket (owner decision 1)
crosswalk_disagreement,9C61.4Z,"Developmental glaucoma, unspecified",VAs-98,Q15.0,generated vas_98; WHO_2022_VA vas_10_06; WHO_2022_VA_2026 ICD-10 vas_10_06,accepted: native bucket (owner decision 1)
crosswalk_disagreement,BA03,Hypertensive crisis,VAs-04.99,I10-I15,generated vas_04_99; WHO_2022_VA multiple:vas_04_01|vas_04_99; WHO_2022_VA_2026 ICD-10 multiple:vas_04_01|vas_04_99,accepted: native bucket (owner decision 1)
crosswalk_disagreement,BA81,Coronary artery aneurysm,VAs-04.99,I25.4,generated vas_04_99; WHO_2022_VA vas_04_01; WHO_2022_VA_2026 ICD-10 vas_04_01,accepted: native bucket (owner decision 1)
crosswalk_disagreement,BA81.0,Coronary artery aneurysm with perforation,VAs-04.99,I25.4,generated vas_04_99; WHO_2022_VA vas_04_01; WHO_2022_VA_2026 ICD-10 vas_04_01,accepted: native bucket (owner decision 1)
crosswalk_disagreement,BA81.1,Coronary artery aneurysm with rupture,VAs-04.99,I25.4,generated vas_04_99; WHO_2022_VA vas_04_01; WHO_2022_VA_2026 ICD-10 vas_04_01,accepted: native bucket (owner decision 1)
crosswalk_disagreement,BA81.2,Coronary artery aneurysm without mention of perforation or rupture,VAs-04.99,I25.4,generated vas_04_99; WHO_2022_VA vas_04_01; WHO_2022_VA_2026 ICD-10 vas_04_01,accepted: native bucket (owner decision 1)
crosswalk_disagreement,BA82,Coronary artery dissection,VAs-04.99,I25.4,generated vas_04_99; WHO_2022_VA vas_04_01; WHO_2022_VA_2026 ICD-10 vas_04_01,accepted: native bucket (owner decision 1)
crosswalk_disagreement,BB01,Pulmonary hypertension,VAs-04.99,I26-I28,generated vas_04_99; WHO_2022_VA multiple:vas_04_01|vas_04_99; WHO_2022_VA_2026 ICD-10 multiple:vas_04_01|vas_04_99,accepted: native bucket (owner decision 1)
crosswalk_disagreement,BB01.0,Pulmonary arterial hypertension,VAs-04.99,I26-I28,generated vas_04_99; WHO_2022_VA multiple:vas_04_01|vas_04_99; WHO_2022_VA_2026 ICD-10 multiple:vas_04_01|vas_04_99,accepted: native bucket (owner decision 1)
crosswalk_disagreement,BB01.3,Chronic thromboembolic pulmonary hypertension,VAs-04.99,I26-I28,generated vas_04_99; WHO_2022_VA multiple:vas_04_01|vas_04_99; WHO_2022_VA_2026 ICD-10 multiple:vas_04_01|vas_04_99,accepted: native bucket (owner decision 1)
crosswalk_disagreement,BB01.5,Cor pulmonale,VAs-04.99,I26-I28,generated vas_04_99; WHO_2022_VA multiple:vas_04_01|vas_04_99; WHO_2022_VA_2026 ICD-10 multiple:vas_04_01|vas_04_99,accepted: native bucket (owner decision 1)
crosswalk_disagreement,BB01.Z,"Pulmonary hypertension, unspecified",VAs-04.99,I26-I28,generated vas_04_99; WHO_2022_VA multiple:vas_04_01|vas_04_99; WHO_2022_VA_2026 ICD-10 multiple:vas_04_01|vas_04_99,accepted: native bucket (owner decision 1)
crosswalk_disagreement,BB03,Acquired pulmonary venous abnormality,VAs-04.99,I26-I28,generated vas_04_99; WHO_2022_VA multiple:vas_04_01|vas_04_99; WHO_2022_VA_2026 ICD-10 multiple:vas_04_01|vas_04_99,accepted: native bucket (owner decision 1)
crosswalk_disagreement,BB03.0,Acquired pulmonary venous obstruction,VAs-04.99,I26-I28,generated vas_04_99; WHO_2022_VA multiple:vas_04_01|vas_04_99; WHO_2022_VA_2026 ICD-10 multiple:vas_04_01|vas_04_99,accepted: native bucket (owner decision 1)
crosswalk_disagreement,BB03.Y,Other specified acquired pulmonary venous abnormality,VAs-04.99,I26-I28,generated vas_04_99; WHO_2022_VA multiple:vas_04_01|vas_04_99; WHO_2022_VA_2026 ICD-10 multiple:vas_04_01|vas_04_99,accepted: native bucket (owner decision 1)
crosswalk_disagreement,BB03.Z,"Acquired pulmonary venous abnormality, unspecified",VAs-04.99,I26-I28,generated vas_04_99; WHO_2022_VA multiple:vas_04_01|vas_04_99; WHO_2022_VA_2026 ICD-10 multiple:vas_04_01|vas_04_99,accepted: native bucket (owner decision 1)
crosswalk_disagreement,BB0Y,Other specified pulmonary heart disease or diseases of pulmonary circulation,VAs-04.99,I26-I28,generated vas_04_99; WHO_2022_VA multiple:vas_04_01|vas_04_99; WHO_2022_VA_2026 ICD-10 multiple:vas_04_01|vas_04_99,accepted: native bucket (owner decision 1)
crosswalk_disagreement,BB0Z,"Pulmonary heart disease or diseases of pulmonary circulation, unspecified",VAs-04.99,I26-I28,generated vas_04_99; WHO_2022_VA multiple:vas_04_01|vas_04_99; WHO_2022_VA_2026 ICD-10 multiple:vas_04_01|vas_04_99,accepted: native bucket (owner decision 1)
crosswalk_disagreement,BC40.0,Acquired interatrial communication,VAs-04.99,I23.1,generated vas_04_99; WHO_2022_VA vas_04_01; WHO_2022_VA_2026 ICD-10 vas_04_01,accepted: native bucket (owner decision 1)
crosswalk_disagreement,BC43,Cardiomyopathy,VAs-04.99,I30-I52,generated vas_04_99; WHO_2022_VA multiple:vas_04_01|vas_04_99; WHO_2022_VA_2026 ICD-10 multiple:vas_04_01|vas_04_99,accepted: native bucket (owner decision 1)
crosswalk_disagreement,BC43.1,Hypertrophic cardiomyopathy,VAs-04.99,I30-I52,generated vas_04_99; WHO_2022_VA multiple:vas_04_01|vas_04_99; WHO_2022_VA_2026 ICD-10 multiple:vas_04_01|vas_04_99,accepted: native bucket (owner decision 1)
crosswalk_disagreement,BC43.10,Familial-genetic hypertrophic cardiomyopathy,VAs-04.99,I30-I52,generated vas_04_99; WHO_2022_VA multiple:vas_04_01|vas_04_99; WHO_2022_VA_2026 ICD-10 multiple:vas_04_01|vas_04_99,accepted: native bucket (owner decision 1)
crosswalk_disagreement,BC43.11,Non-obstructive hypertrophic cardiomyopathy,VAs-04.99,I30-I52,generated vas_04_99; WHO_2022_VA multiple:vas_04_01|vas_04_99; WHO_2022_VA_2026 ICD-10 multiple:vas_04_01|vas_04_99,accepted: native bucket (owner decision 1)
crosswalk_disagreement,BC43.1Y,Other specified hypertrophic cardiomyopathy,VAs-04.99,I30-I52,generated vas_04_99; WHO_2022_VA multiple:vas_04_01|vas_04_99; WHO_2022_VA_2026 ICD-10 multiple:vas_04_01|vas_04_99,accepted: native bucket (owner decision 1)
crosswalk_disagreement,BC43.1Z,"Hypertrophic cardiomyopathy, unspecified",VAs-04.99,I30-I52,generated vas_04_99; WHO_2022_VA multiple:vas_04_01|vas_04_99; WHO_2022_VA_2026 ICD-10 multiple:vas_04_01|vas_04_99,accepted: native bucket (owner decision 1)
crosswalk_disagreement,BC43.2,Restrictive cardiomyopathy,VAs-04.99,I30-I52,generated vas_04_99; WHO_2022_VA multiple:vas_04_01|vas_04_99; WHO_2022_VA_2026 ICD-10 multiple:vas_04_01|vas_04_99,accepted: native bucket (owner decision 1)
crosswalk_disagreement,BC43.20,Nonfamilial restrictive cardiomyopathy,VAs-04.99,I30-I52,generated vas_04_99; WHO_2022_VA multiple:vas_04_01|vas_04_99; WHO_2022_VA_2026 ICD-10 multiple:vas_04_01|vas_04_99,accepted: native bucket (owner decision 1)
crosswalk_disagreement,BC43.2Y,Other specified restrictive cardiomyopathy,VAs-04.99,I30-I52,generated vas_04_99; WHO_2022_VA multiple:vas_04_01|vas_04_99; WHO_2022_VA_2026 ICD-10 multiple:vas_04_01|vas_04_99,accepted: native bucket (owner decision 1)
crosswalk_disagreement,BC43.2Z,"Restrictive cardiomyopathy, unspecified",VAs-04.99,I30-I52,generated vas_04_99; WHO_2022_VA multiple:vas_04_01|vas_04_99; WHO_2022_VA_2026 ICD-10 multiple:vas_04_01|vas_04_99,accepted: native bucket (owner decision 1)
crosswalk_disagreement,BC43.5,Stress-induced cardiomyopathy,VAs-04.99,I30-I52,generated vas_04_99; WHO_2022_VA multiple:vas_04_01|vas_04_99; WHO_2022_VA_2026 ICD-10 multiple:vas_04_01|vas_04_99,accepted: native bucket (owner decision 1)
crosswalk_disagreement,BC43.6,Arrhythmogenic ventricular cardiomyopathy,VAs-04.99,I30-I52,generated vas_04_99; WHO_2022_VA multiple:vas_04_01|vas_04_99; WHO_2022_VA_2026 ICD-10 multiple:vas_04_01|vas_04_99,accepted: native bucket (owner decision 1)
crosswalk_disagreement,BC43.7,Diabetic cardiomyopathy,VAs-04.99,I30-I52,generated vas_04_99; WHO_2022_VA multiple:vas_04_01|vas_04_99; WHO_2022_VA_2026 ICD-10 multiple:vas_04_01|vas_04_99,accepted: native bucket (owner decision 1)
crosswalk_disagreement,BC43.Y,Other specified cardiomyopathy,VAs-04.99,I30-I52,generated vas_04_99; WHO_2022_VA multiple:vas_04_01|vas_04_99; WHO_2022_VA_2026 ICD-10 multiple:vas_04_01|vas_04_99,accepted: native bucket (owner decision 1)
crosswalk_disagreement,BC43.Z,"Cardiomyopathy, unspecified",VAs-04.99,I30-I52,generated vas_04_99; WHO_2022_VA multiple:vas_04_01|vas_04_99; WHO_2022_VA_2026 ICD-10 multiple:vas_04_01|vas_04_99,accepted: native bucket (owner decision 1)
crosswalk_disagreement,BC80.1,Sinus bradycardia,VAs-04.99,R00.1,generated vas_04_99; WHO_2022_VA -; WHO_2022_VA_2026 ICD-10 vas_99,accepted: native bucket (owner decision 1)
crosswalk_disagreement,BD10,Congestive heart failure,VAs-04.01,I50.0,generated vas_04_01; WHO_2022_VA vas_04_99; WHO_2022_VA_2026 ICD-10 vas_04_01,owner decision 10
crosswalk_disagreement,BD12,High output syndromes,VAs-04.99,I50,generated vas_04_99; WHO_2022_VA vas_04_01; WHO_2022_VA_2026 ICD-10 vas_04_01,accepted: native bucket (owner decision 1)
crosswalk_disagreement,BD13,Right ventricular failure,VAs-04.99,I50,generated vas_04_99; WHO_2022_VA vas_04_01; WHO_2022_VA_2026 ICD-10 vas_04_01,accepted: native bucket (owner decision 1)
crosswalk_disagreement,BD14,Biventricular failure,VAs-04.99,I50,generated vas_04_99; WHO_2022_VA vas_04_01; WHO_2022_VA_2026 ICD-10 vas_04_01,accepted: native bucket (owner decision 1)
crosswalk_disagreement,BD1Y,Other specified heart failure,VAs-04.99,I50,generated vas_04_99; WHO_2022_VA vas_04_01; WHO_2022_VA_2026 ICD-10 vas_04_01,accepted: native bucket (owner decision 1)
crosswalk_disagreement,BD55,Asymptomatic stenosis of intracranial or extracranial artery,VAs-04.99,I65,generated vas_04_99; WHO_2022_VA vas_04_02; WHO_2022_VA_2026 ICD-10 vas_04_02,accepted: native bucket (owner decision 1)
crosswalk_disagreement,BD90.0,Acute lymphadenitis,VAs-04.99,L04,generated vas_04_99; WHO_2022_VA vas_98; WHO_2022_VA_2026 ICD-10 vas_98,accepted: native bucket (owner decision 1)
crosswalk_disagreement,BD93.0,Primary lymphoedema,VAs-04.99,Q82.0,generated vas_04_99; WHO_2022_VA vas_10_06; WHO_2022_VA_2026 ICD-10 vas_10_06,accepted: native bucket (owner decision 1)
crosswalk_disagreement,CA0Y,Other specified upper respiratory tract disorders,VAs-98,J00-J06,generated vas_98; WHO_2022_VA vas_01_02; WHO_2022_VA_2026 ICD-10 vas_01_02,accepted: native bucket (owner decision 1)
crosswalk_disagreement,CA0Z,"Upper respiratory tract disorders, unspecified",VAs-98,J00-J06,generated vas_98; WHO_2022_VA vas_01_02; WHO_2022_VA_2026 ICD-10 vas_01_02,accepted: native bucket (owner decision 1)
crosswalk_disagreement,CA26,Chronic bronchiolitis,VAs-98,J44.8,generated vas_98; WHO_2022_VA vas_05_01; WHO_2022_VA_2026 ICD-10 vas_05_01,accepted: native bucket (owner decision 1)
crosswalk_disagreement,CA26.0,Chronic obliterative bronchiolitis,VAs-98,J44.8,generated vas_98; WHO_2022_VA vas_05_01; WHO_2022_VA_2026 ICD-10 vas_05_01,accepted: native bucket (owner decision 1)
crosswalk_disagreement,CA26.1,Diffuse panbronchiolitis,VAs-98,J44.8,generated vas_98; WHO_2022_VA vas_05_01; WHO_2022_VA_2026 ICD-10 vas_05_01,accepted: native bucket (owner decision 1)
crosswalk_disagreement,CA26.Y,Other specified chronic bronchiolitis,VAs-98,J44.8,generated vas_98; WHO_2022_VA vas_05_01; WHO_2022_VA_2026 ICD-10 vas_05_01,accepted: native bucket (owner decision 1)
crosswalk_disagreement,CA26.Z,"Chronic bronchiolitis, unspecified",VAs-98,J44.8,generated vas_98; WHO_2022_VA vas_05_01; WHO_2022_VA_2026 ICD-10 vas_05_01,accepted: native bucket (owner decision 1)
crosswalk_disagreement,CA27,Tracheobronchitis,VAs-98,J40,generated vas_98; WHO_2022_VA vas_05_01; WHO_2022_VA_2026 ICD-10 vas_05_01,accepted: native bucket (owner decision 1)
crosswalk_disagreement,CA27.0,Tracheobronchopathia osteochondroplastica,VAs-98,J40,generated vas_98; WHO_2022_VA vas_05_01; WHO_2022_VA_2026 ICD-10 vas_05_01,accepted: native bucket (owner decision 1)
crosswalk_disagreement,CA27.1,Tracheobronchomegaly,VAs-98,J40,generated vas_98; WHO_2022_VA vas_05_01; WHO_2022_VA_2026 ICD-10 vas_05_01,accepted: native bucket (owner decision 1)
crosswalk_disagreement,CA27.Y,Other specified tracheobronchitis,VAs-98,J40,generated vas_98; WHO_2022_VA vas_05_01; WHO_2022_VA_2026 ICD-10 vas_05_01,accepted: native bucket (owner decision 1)
crosswalk_disagreement,CA27.Z,"Tracheobronchitis, unspecified",VAs-98,J40,generated vas_98; WHO_2022_VA vas_05_01; WHO_2022_VA_2026 ICD-10 vas_05_01,accepted: native bucket (owner decision 1)
crosswalk_disagreement,CA2Y,Other specified lower respiratory tract disease,VAs-98,J40-J47,generated vas_98; WHO_2022_VA multiple:vas_05_01|vas_05_02|vas_98; WHO_2022_VA_2026 ICD-10 multiple:vas_05_01|vas_05_02|vas_98,accepted: native bucket (owner decision 1)
crosswalk_disagreement,CA2Z,"Lower respiratory tract disease, unspecified",VAs-98,J40-J47,generated vas_98; WHO_2022_VA multiple:vas_05_01|vas_05_02|vas_98; WHO_2022_VA_2026 ICD-10 multiple:vas_05_01|vas_05_02|vas_98,accepted: native bucket (owner decision 1)
crosswalk_disagreement,CA45,"Respiratory infections, not elsewhere classified",VAs-01.02,J98.7,generated vas_01_02; WHO_2022_VA vas_98; WHO_2022_VA_2026 ICD-10 vas_98,accepted: native bucket (owner decision 1)
crosswalk_disagreement,CA82.4,Aspergillus-induced allergic or hypersensitivity conditions,VAs-98,B44.1,generated vas_98; WHO_2022_VA vas_01_99; WHO_2022_VA_2026 ICD-10 vas_01_99,accepted: native bucket (owner decision 1)
crosswalk_disagreement,DA26.0,Oesophageal varices,VAs-98,I85,generated vas_98; WHO_2022_VA vas_04_99; WHO_2022_VA_2026 ICD-10 vas_04_99,accepted: native bucket (owner decision 1)
crosswalk_disagreement,DA26.00,Oesophageal varices with bleeding,VAs-98,I85.0,generated vas_98; WHO_2022_VA vas_04_99; WHO_2022_VA_2026 ICD-10 vas_04_99,accepted: native bucket (owner decision 1)
crosswalk_disagreement,DA26.01,Oesophageal varices without bleeding,VAs-98,I85.9,generated vas_98; WHO_2022_VA vas_04_99; WHO_2022_VA_2026 ICD-10 vas_04_99,accepted: native bucket (owner decision 1)
crosswalk_disagreement,DA26.0Z,"Oesophageal varices, unspecified",VAs-98,I85,generated vas_98; WHO_2022_VA vas_04_99; WHO_2022_VA_2026 ICD-10 vas_04_99,accepted: native bucket (owner decision 1)
crosswalk_disagreement,DA43.0,Gastric varices,VAs-98,I86.4,generated vas_98; WHO_2022_VA vas_04_99; WHO_2022_VA_2026 ICD-10 vas_04_99,accepted: native bucket (owner decision 1)
crosswalk_disagreement,DA52.0,Duodenal varices,VAs-98,I86.8,generated vas_98; WHO_2022_VA vas_04_99; WHO_2022_VA_2026 ICD-10 vas_04_99,accepted: native bucket (owner decision 1)
crosswalk_disagreement,DB30,Obstruction of large intestine,VAs-98,K55-K64,generated vas_98; WHO_2022_VA multiple:other_gastrointestinal_diseases|vas_98; WHO_2022_VA_2026 ICD-10 multiple:other_gastrointestinal_diseases|vas_98,accepted: native bucket (owner decision 1)
crosswalk_disagreement,DB30.Y,Other specified obstruction of large intestine,VAs-98,K55-K64,generated vas_98; WHO_2022_VA multiple:other_gastrointestinal_diseases|vas_98; WHO_2022_VA_2026 ICD-10 multiple:other_gastrointestinal_diseases|vas_98,accepted: native bucket (owner decision 1)
crosswalk_disagreement,DB30.Z,"Obstruction of large intestine, unspecified",VAs-98,K55-K64,generated vas_98; WHO_2022_VA multiple:other_gastrointestinal_diseases|vas_98; WHO_2022_VA_2026 ICD-10 multiple:other_gastrointestinal_diseases|vas_98,accepted: native bucket (owner decision 1)
crosswalk_disagreement,DB31,Other acquired anatomical alterations of large intestine,VAs-98,K55-K64,generated vas_98; WHO_2022_VA multiple:other_gastrointestinal_diseases|vas_98; WHO_2022_VA_2026 ICD-10 multiple:other_gastrointestinal_diseases|vas_98,accepted: native bucket (owner decision 1)
crosswalk_disagreement,DB31.Y,Other specified acquired anatomical alterations of large intestine,VAs-98,K55-K64,generated vas_98; WHO_2022_VA multiple:other_gastrointestinal_diseases|vas_98; WHO_2022_VA_2026 ICD-10 multiple:other_gastrointestinal_diseases|vas_98,accepted: native bucket (owner decision 1)
crosswalk_disagreement,DB31.Z,"Acquired anatomical alterations of large intestine, unspecified",VAs-98,K55-K64,generated vas_98; WHO_2022_VA multiple:other_gastrointestinal_diseases|vas_98; WHO_2022_VA_2026 ICD-10 multiple:other_gastrointestinal_diseases|vas_98,accepted: native bucket (owner decision 1)
crosswalk_disagreement,DB35,Polyp of large intestine,VAs-98,K55-K64,generated vas_98; WHO_2022_VA multiple:other_gastrointestinal_diseases|vas_98; WHO_2022_VA_2026 ICD-10 multiple:other_gastrointestinal_diseases|vas_98,accepted: native bucket (owner decision 1)
crosswalk_disagreement,DB35.0,Hyperplastic polyp of large intestine,VAs-98,K55-K64,generated vas_98; WHO_2022_VA multiple:other_gastrointestinal_diseases|vas_98; WHO_2022_VA_2026 ICD-10 multiple:other_gastrointestinal_diseases|vas_98,accepted: native bucket (owner decision 1)
crosswalk_disagreement,DB35.2,Benign lymphoid polyp of large intestine,VAs-98,K55-K64,generated vas_98; WHO_2022_VA multiple:other_gastrointestinal_diseases|vas_98; WHO_2022_VA_2026 ICD-10 multiple:other_gastrointestinal_diseases|vas_98,accepted: native bucket (owner decision 1)
crosswalk_disagreement,DB35.3,Hamartomatous polyp of large intestine,VAs-98,K55-K64,generated vas_98; WHO_2022_VA multiple:other_gastrointestinal_diseases|vas_98; WHO_2022_VA_2026 ICD-10 multiple:other_gastrointestinal_diseases|vas_98,accepted: native bucket (owner decision 1)
crosswalk_disagreement,DB35.Y,Other specified polyp of large intestine,VAs-98,K55-K64,generated vas_98; WHO_2022_VA multiple:other_gastrointestinal_diseases|vas_98; WHO_2022_VA_2026 ICD-10 multiple:other_gastrointestinal_diseases|vas_98,accepted: native bucket (owner decision 1)
crosswalk_disagreement,DB35.Z,"Polyp of large intestine, unspecified",VAs-98,K55-K64,generated vas_98; WHO_2022_VA multiple:other_gastrointestinal_diseases|vas_98; WHO_2022_VA_2026 ICD-10 multiple:other_gastrointestinal_diseases|vas_98,accepted: native bucket (owner decision 1)
crosswalk_disagreement,DB90,Infectious liver disease,VAs-01.99,K70-K77,generated vas_01_99; WHO_2022_VA multiple:other_gastrointestinal_diseases|vas_06_02|vas_98; WHO_2022_VA_2026 ICD-10 multiple:other_gastrointestinal_diseases|vas_06_02|vas_98,accepted: native bucket (owner decision 1)
crosswalk_disagreement,DB90.0,Abscess of liver,VAs-01.99,K75.0,generated vas_01_99; WHO_2022_VA other_gastrointestinal_diseases; WHO_2022_VA_2026 ICD-10 other_gastrointestinal_diseases,accepted: native bucket (owner decision 1)
crosswalk_disagreement,DB90.Y,Other specified infectious liver disease,VAs-01.99,K70-K77,generated vas_01_99; WHO_2022_VA multiple:other_gastrointestinal_diseases|vas_06_02|vas_98; WHO_2022_VA_2026 ICD-10 multiple:other_gastrointestinal_diseases|vas_06_02|vas_98,accepted: native bucket (owner decision 1)
crosswalk_disagreement,DB90.Z,"Infectious liver disease, unspecified",VAs-01.99,K70-K77,generated vas_01_99; WHO_2022_VA multiple:other_gastrointestinal_diseases|vas_06_02|vas_98; WHO_2022_VA_2026 ICD-10 multiple:other_gastrointestinal_diseases|vas_06_02|vas_98,accepted: native bucket (owner decision 1)
crosswalk_disagreement,DB91,Acute or subacute hepatic failure,VAs-98,K72.0,generated vas_98; WHO_2022_VA vas_06_02; WHO_2022_VA_2026 ICD-10 vas_06_02,accepted: native bucket (owner decision 1)
crosswalk_disagreement,DB91.0,Acute or subacute hepatic failure due to hepatitis virus,VAs-98,K72.0,generated vas_98; WHO_2022_VA vas_06_02; WHO_2022_VA_2026 ICD-10 vas_06_02,accepted: native bucket (owner decision 1)
crosswalk_disagreement,DB91.1,Other acute or subacute hepatic failure,VAs-98,K72.0,generated vas_98; WHO_2022_VA vas_06_02; WHO_2022_VA_2026 ICD-10 vas_06_02,accepted: native bucket (owner decision 1)
crosswalk_disagreement,DB91.Z,"Acute or subacute hepatic failure, unspecified",VAs-98,K72.0,generated vas_98; WHO_2022_VA vas_06_02; WHO_2022_VA_2026 ICD-10 vas_06_02,accepted: native bucket (owner decision 1)
crosswalk_disagreement,DB92,Non-alcoholic fatty liver disease,VAs-98,K70-K77,generated vas_98; WHO_2022_VA multiple:other_gastrointestinal_diseases|vas_06_02|vas_98; WHO_2022_VA_2026 ICD-10 multiple:other_gastrointestinal_diseases|vas_06_02|vas_98,accepted: native bucket (owner decision 1)
crosswalk_disagreement,DB92.0,Non-alcoholic fatty liver disease without non-alcoholic steatohepatitis,VAs-98,K76.0,generated vas_98; WHO_2022_VA other_gastrointestinal_diseases; WHO_2022_VA_2026 ICD-10 other_gastrointestinal_diseases,accepted: native bucket (owner decision 1)
crosswalk_disagreement,DB92.1,Non-alcoholic steatohepatitis,VAs-98,K75.8,generated vas_98; WHO_2022_VA other_gastrointestinal_diseases; WHO_2022_VA_2026 ICD-10 other_gastrointestinal_diseases,accepted: native bucket (owner decision 1)
crosswalk_disagreement,DB92.Y,Other specified non-alcoholic fatty liver disease,VAs-98,K70-K77,generated vas_98; WHO_2022_VA multiple:other_gastrointestinal_diseases|vas_06_02|vas_98; WHO_2022_VA_2026 ICD-10 multiple:other_gastrointestinal_diseases|vas_06_02|vas_98,accepted: native bucket (owner decision 1)
crosswalk_disagreement,DB92.Z,"Non-alcoholic fatty liver disease, unspecified",VAs-98,K70-K77,generated vas_98; WHO_2022_VA multiple:other_gastrointestinal_diseases|vas_06_02|vas_98; WHO_2022_VA_2026 ICD-10 multiple:other_gastrointestinal_diseases|vas_06_02|vas_98,accepted: native bucket (owner decision 1)
crosswalk_disagreement,DB94,Alcoholic liver disease,VAs-98,K70,generated vas_98; WHO_2022_VA vas_06_02; WHO_2022_VA_2026 ICD-10 vas_06_02,owner decision 5a
crosswalk_disagreement,DB94.0,Alcoholic fatty liver,VAs-98,K70.0,generated vas_98; WHO_2022_VA vas_06_02; WHO_2022_VA_2026 ICD-10 vas_98,owner decision 5a
crosswalk_disagreement,DB94.1,Alcoholic hepatitis,VAs-98,K70.1,generated vas_98; WHO_2022_VA vas_06_02; WHO_2022_VA_2026 ICD-10 vas_98,owner decision 5a
crosswalk_disagreement,DB94.10,Alcoholic hepatitis with cirrhosis,VAs-06.02,K70.1,generated vas_06_02; WHO_2022_VA vas_06_02; WHO_2022_VA_2026 ICD-10 vas_98,owner decision 5a
crosswalk_disagreement,DB94.1Y,Other specified alcoholic hepatitis,VAs-98,K70.1,generated vas_98; WHO_2022_VA vas_06_02; WHO_2022_VA_2026 ICD-10 vas_98,owner decision 5a
crosswalk_disagreement,DB94.1Z,"Alcoholic hepatitis, unspecified",VAs-98,K70.1,generated vas_98; WHO_2022_VA vas_06_02; WHO_2022_VA_2026 ICD-10 vas_98,owner decision 5a
crosswalk_disagreement,DB94.Y,Other specified alcoholic liver disease,VAs-98,K70,generated vas_98; WHO_2022_VA vas_06_02; WHO_2022_VA_2026 ICD-10 vas_06_02,owner decision 5a
crosswalk_disagreement,DB94.Z,"Alcoholic liver disease, unspecified",VAs-98,K70,generated vas_98; WHO_2022_VA vas_06_02; WHO_2022_VA_2026 ICD-10 vas_06_02,owner decision 5a
crosswalk_disagreement,DB95.2,Drug-induced or toxic liver disease with cholestasis,VAs-99,K71.0,generated vas_99; WHO_2022_VA -; WHO_2022_VA_2026 ICD-10 vas_98,owner decision 5b
crosswalk_disagreement,DB95.20,Chronic drug-induced or toxic liver disease with cholestasis,VAs-99,K71.0,generated vas_99; WHO_2022_VA -; WHO_2022_VA_2026 ICD-10 vas_98,owner decision 5b
crosswalk_disagreement,DB95.2Y,Other specified drug-induced or toxic liver disease with cholestasis,VAs-99,K71.0,generated vas_99; WHO_2022_VA -; WHO_2022_VA_2026 ICD-10 vas_98,owner decision 5b
crosswalk_disagreement,DB95.2Z,"Drug-induced or toxic liver disease with cholestasis, unspecified",VAs-99,K71.0,generated vas_99; WHO_2022_VA -; WHO_2022_VA_2026 ICD-10 vas_98,owner decision 5b
crosswalk_disagreement,DB95.Y,Other specified drug-induced or toxic liver disease,VAs-99,K71.8,generated vas_99; WHO_2022_VA -; WHO_2022_VA_2026 ICD-10 vas_98,owner decision 5b
crosswalk_disagreement,DB96,Autoimmune liver disease,VAs-98,K70-K77,generated vas_98; WHO_2022_VA multiple:other_gastrointestinal_diseases|vas_06_02|vas_98; WHO_2022_VA_2026 ICD-10 multiple:other_gastrointestinal_diseases|vas_06_02|vas_98,accepted: native bucket (owner decision 1)
crosswalk_disagreement,DB96.0,Autoimmune hepatitis,VAs-98,K75.4,generated vas_98; WHO_2022_VA other_gastrointestinal_diseases; WHO_2022_VA_2026 ICD-10 other_gastrointestinal_diseases,accepted: native bucket (owner decision 1)
crosswalk_disagreement,DB96.1,Primary biliary cholangitis,VAs-98,K74.3,generated vas_98; WHO_2022_VA vas_06_02; WHO_2022_VA_2026 ICD-10 vas_06_02,accepted: native bucket (owner decision 1)
crosswalk_disagreement,DB96.10,Primary biliary cholangitis with overlap syndrome,VAs-98,K74.3,generated vas_98; WHO_2022_VA vas_06_02; WHO_2022_VA_2026 ICD-10 vas_06_02,accepted: native bucket (owner decision 1)
crosswalk_disagreement,DB96.1Y,Other specified primary biliary cholangitis,VAs-98,K74.3,generated vas_98; WHO_2022_VA vas_06_02; WHO_2022_VA_2026 ICD-10 vas_06_02,accepted: native bucket (owner decision 1)
crosswalk_disagreement,DB96.1Z,"Primary biliary cholangitis, unspecified",VAs-98,K74.3,generated vas_98; WHO_2022_VA vas_06_02; WHO_2022_VA_2026 ICD-10 vas_06_02,accepted: native bucket (owner decision 1)
crosswalk_disagreement,DB96.2,Primary sclerosing cholangitis,VAs-98,K70-K77,generated vas_98; WHO_2022_VA multiple:other_gastrointestinal_diseases|vas_06_02|vas_98; WHO_2022_VA_2026 ICD-10 multiple:other_gastrointestinal_diseases|vas_06_02|vas_98,accepted: native bucket (owner decision 1)
crosswalk_disagreement,DB96.20,Primary sclerosing cholangitis with cirrhosis,VAs-98,K70-K77,generated vas_98; WHO_2022_VA multiple:other_gastrointestinal_diseases|vas_06_02|vas_98; WHO_2022_VA_2026 ICD-10 multiple:other_gastrointestinal_diseases|vas_06_02|vas_98,accepted: native bucket (owner decision 1)
crosswalk_disagreement,DB96.2Y,Other specified primary sclerosing cholangitis,VAs-98,K70-K77,generated vas_98; WHO_2022_VA multiple:other_gastrointestinal_diseases|vas_06_02|vas_98; WHO_2022_VA_2026 ICD-10 multiple:other_gastrointestinal_diseases|vas_06_02|vas_98,accepted: native bucket (owner decision 1)
crosswalk_disagreement,DB96.2Z,"Primary sclerosing cholangitis, unspecified",VAs-98,K70-K77,generated vas_98; WHO_2022_VA multiple:other_gastrointestinal_diseases|vas_06_02|vas_98; WHO_2022_VA_2026 ICD-10 multiple:other_gastrointestinal_diseases|vas_06_02|vas_98,accepted: native bucket (owner decision 1)
crosswalk_disagreement,DB96.Y,Other specified autoimmune liver disease,VAs-98,K70-K77,generated vas_98; WHO_2022_VA multiple:other_gastrointestinal_diseases|vas_06_02|vas_98; WHO_2022_VA_2026 ICD-10 multiple:other_gastrointestinal_diseases|vas_06_02|vas_98,accepted: native bucket (owner decision 1)
crosswalk_disagreement,DB96.Z,"Autoimmune liver disease, unspecified",VAs-98,K70-K77,generated vas_98; WHO_2022_VA multiple:other_gastrointestinal_diseases|vas_06_02|vas_98; WHO_2022_VA_2026 ICD-10 multiple:other_gastrointestinal_diseases|vas_06_02|vas_98,accepted: native bucket (owner decision 1)
crosswalk_disagreement,DB97,Certain specified inflammatory liver diseases,VAs-98,K75,generated vas_98; WHO_2022_VA other_gastrointestinal_diseases; WHO_2022_VA_2026 ICD-10 other_gastrointestinal_diseases,accepted: native bucket (owner decision 1)
crosswalk_disagreement,DB97.0,Idiopathic granulomatous hepatitis,VAs-98,K75.3,generated vas_98; WHO_2022_VA other_gastrointestinal_diseases; WHO_2022_VA_2026 ICD-10 other_gastrointestinal_diseases,accepted: native bucket (owner decision 1)
crosswalk_disagreement,DB97.1,Hepatic berylliosis,VAs-98,K75,generated vas_98; WHO_2022_VA other_gastrointestinal_diseases; WHO_2022_VA_2026 ICD-10 other_gastrointestinal_diseases,accepted: native bucket (owner decision 1)
crosswalk_disagreement,DB97.Y,Other specified inflammatory liver disease,VAs-98,K75.8,generated vas_98; WHO_2022_VA other_gastrointestinal_diseases; WHO_2022_VA_2026 ICD-10 other_gastrointestinal_diseases,accepted: native bucket (owner decision 1)
crosswalk_disagreement,DB98,Vascular disorders of the liver,VAs-98,K70-K77,generated vas_98; WHO_2022_VA multiple:other_gastrointestinal_diseases|vas_06_02|vas_98; WHO_2022_VA_2026 ICD-10 multiple:other_gastrointestinal_diseases|vas_06_02|vas_98,accepted: native bucket (owner decision 1)
crosswalk_disagreement,DB98.0,Infarction of liver,VAs-98,K76.3,generated vas_98; WHO_2022_VA other_gastrointestinal_diseases; WHO_2022_VA_2026 ICD-10 other_gastrointestinal_diseases,accepted: native bucket (owner decision 1)
crosswalk_disagreement,DB98.1,Peliosis hepatis,VAs-98,K76.4,generated vas_98; WHO_2022_VA other_gastrointestinal_diseases; WHO_2022_VA_2026 ICD-10 other_gastrointestinal_diseases,accepted: native bucket (owner decision 1)
crosswalk_disagreement,DB98.2,Nodular regenerative hyperplasia of liver,VAs-98,K76.8,generated vas_98; WHO_2022_VA other_gastrointestinal_diseases; WHO_2022_VA_2026 ICD-10 other_gastrointestinal_diseases,accepted: native bucket (owner decision 1)
crosswalk_disagreement,DB98.3,Portal vein thrombosis,VAs-98,I81,generated vas_98; WHO_2022_VA vas_04_99; WHO_2022_VA_2026 ICD-10 vas_04_99,accepted: native bucket (owner decision 1)
crosswalk_disagreement,DB98.4,Splenic vein thrombosis,VAs-98,K70-K77,generated vas_98; WHO_2022_VA multiple:other_gastrointestinal_diseases|vas_06_02|vas_98; WHO_2022_VA_2026 ICD-10 multiple:other_gastrointestinal_diseases|vas_06_02|vas_98,accepted: native bucket (owner decision 1)
crosswalk_disagreement,DB98.5,Budd-Chiari syndrome,VAs-98,I82.0,generated vas_98; WHO_2022_VA vas_04_99; WHO_2022_VA_2026 ICD-10 vas_04_99,accepted: native bucket (owner decision 1)
crosswalk_disagreement,DB98.6,Hepatic veno-occlusive disease,VAs-98,K76.5,generated vas_98; WHO_2022_VA other_gastrointestinal_diseases; WHO_2022_VA_2026 ICD-10 other_gastrointestinal_diseases,accepted: native bucket (owner decision 1)
crosswalk_disagreement,DB98.7,Portal hypertension,VAs-98,K76.6,generated vas_98; WHO_2022_VA other_gastrointestinal_diseases; WHO_2022_VA_2026 ICD-10 other_gastrointestinal_diseases,accepted: native bucket (owner decision 1)
crosswalk_disagreement,DB98.70,Idiopathic portal hypertension,VAs-98,K76.6,generated vas_98; WHO_2022_VA other_gastrointestinal_diseases; WHO_2022_VA_2026 ICD-10 other_gastrointestinal_diseases,accepted: native bucket (owner decision 1)
crosswalk_disagreement,DB98.71,Non-cirrhotic portal fibrosis,VAs-98,K76.6,generated vas_98; WHO_2022_VA other_gastrointestinal_diseases; WHO_2022_VA_2026 ICD-10 other_gastrointestinal_diseases,accepted: native bucket (owner decision 1)
crosswalk_disagreement,DB98.72,Partial nodular transformation of liver,VAs-98,K76.6,generated vas_98; WHO_2022_VA other_gastrointestinal_diseases; WHO_2022_VA_2026 ICD-10 other_gastrointestinal_diseases,accepted: native bucket (owner decision 1)
crosswalk_disagreement,DB98.73,Splanchnic arteriovenous fistula,VAs-98,K76.6,generated vas_98; WHO_2022_VA other_gastrointestinal_diseases; WHO_2022_VA_2026 ICD-10 other_gastrointestinal_diseases,accepted: native bucket (owner decision 1)
crosswalk_disagreement,DB98.74,Secondary portal hypertension,VAs-98,K76.6,generated vas_98; WHO_2022_VA other_gastrointestinal_diseases; WHO_2022_VA_2026 ICD-10 other_gastrointestinal_diseases,accepted: native bucket (owner decision 1)
crosswalk_disagreement,DB98.7Y,Other specified portal hypertension,VAs-98,K76.6,generated vas_98; WHO_2022_VA other_gastrointestinal_diseases; WHO_2022_VA_2026 ICD-10 other_gastrointestinal_diseases,accepted: native bucket (owner decision 1)
crosswalk_disagreement,DB98.7Z,"Portal hypertension, unspecified",VAs-98,K76.6,generated vas_98; WHO_2022_VA other_gastrointestinal_diseases; WHO_2022_VA_2026 ICD-10 other_gastrointestinal_diseases,accepted: native bucket (owner decision 1)
crosswalk_disagreement,DB98.8,Passive congestion of liver,VAs-98,K76,generated vas_98; WHO_2022_VA other_gastrointestinal_diseases; WHO_2022_VA_2026 ICD-10 other_gastrointestinal_diseases,accepted: native bucket (owner decision 1)
crosswalk_disagreement,DB98.9,Hepatic artery aneurysm,VAs-98,I72.8,generated vas_98; WHO_2022_VA vas_04_99; WHO_2022_VA_2026 ICD-10 vas_04_99,accepted: native bucket (owner decision 1)
crosswalk_disagreement,DB98.A,Hepatic haemorrhage,VAs-98,K76.8,generated vas_98; WHO_2022_VA other_gastrointestinal_diseases; WHO_2022_VA_2026 ICD-10 other_gastrointestinal_diseases,accepted: native bucket (owner decision 1)
crosswalk_disagreement,DB98.B,Ischaemia reperfusion injury of liver,VAs-98,K76.8,generated vas_98; WHO_2022_VA other_gastrointestinal_diseases; WHO_2022_VA_2026 ICD-10 other_gastrointestinal_diseases,accepted: native bucket (owner decision 1)
crosswalk_disagreement,DB98.Y,Other specified vascular disorders of the liver,VAs-98,K70-K77,generated vas_98; WHO_2022_VA multiple:other_gastrointestinal_diseases|vas_06_02|vas_98; WHO_2022_VA_2026 ICD-10 multiple:other_gastrointestinal_diseases|vas_06_02|vas_98,accepted: native bucket (owner decision 1)
crosswalk_disagreement,DB98.Z,"Vascular disorders of the liver, unspecified",VAs-98,K70-K77,generated vas_98; WHO_2022_VA multiple:other_gastrointestinal_diseases|vas_06_02|vas_98; WHO_2022_VA_2026 ICD-10 multiple:other_gastrointestinal_diseases|vas_06_02|vas_98,accepted: native bucket (owner decision 1)
crosswalk_disagreement,DB99,Certain specified diseases of liver,VAs-98,K76,generated vas_98; WHO_2022_VA other_gastrointestinal_diseases; WHO_2022_VA_2026 ICD-10 other_gastrointestinal_diseases,accepted: native bucket (owner decision 1)
crosswalk_disagreement,DB99.0,Chronic liver disease,VAs-98,K76,generated vas_98; WHO_2022_VA other_gastrointestinal_diseases; WHO_2022_VA_2026 ICD-10 other_gastrointestinal_diseases,accepted: native bucket (owner decision 1)
crosswalk_disagreement,DB99.1,Hepatic cyst,VAs-98,K76,generated vas_98; WHO_2022_VA other_gastrointestinal_diseases; WHO_2022_VA_2026 ICD-10 other_gastrointestinal_diseases,accepted: native bucket (owner decision 1)
crosswalk_disagreement,DB99.10,Polycystic liver disease,VAs-98,K76,generated vas_98; WHO_2022_VA other_gastrointestinal_diseases; WHO_2022_VA_2026 ICD-10 other_gastrointestinal_diseases,accepted: native bucket (owner decision 1)
crosswalk_disagreement,DB99.1Y,Other specified hepatic cyst,VAs-98,K76,generated vas_98; WHO_2022_VA other_gastrointestinal_diseases; WHO_2022_VA_2026 ICD-10 other_gastrointestinal_diseases,accepted: native bucket (owner decision 1)
crosswalk_disagreement,DB99.1Z,"Hepatic cyst, unspecified",VAs-98,K76,generated vas_98; WHO_2022_VA other_gastrointestinal_diseases; WHO_2022_VA_2026 ICD-10 other_gastrointestinal_diseases,accepted: native bucket (owner decision 1)
crosswalk_disagreement,DB99.2,Hepatorenal syndrome,VAs-98,K76.7,generated vas_98; WHO_2022_VA other_gastrointestinal_diseases; WHO_2022_VA_2026 ICD-10 other_gastrointestinal_diseases,accepted: native bucket (owner decision 1)
crosswalk_disagreement,DB99.3,Portopulmonary hypertension,VAs-98,K76,generated vas_98; WHO_2022_VA other_gastrointestinal_diseases; WHO_2022_VA_2026 ICD-10 other_gastrointestinal_diseases,accepted: native bucket (owner decision 1)
crosswalk_disagreement,DB99.4,Hepatopulmonary syndrome,VAs-98,K76,generated vas_98; WHO_2022_VA other_gastrointestinal_diseases; WHO_2022_VA_2026 ICD-10 other_gastrointestinal_diseases,accepted: native bucket (owner decision 1)
crosswalk_disagreement,DB99.5,Hepatic encephalopathy,VAs-98,K76,generated vas_98; WHO_2022_VA other_gastrointestinal_diseases; WHO_2022_VA_2026 ICD-10 other_gastrointestinal_diseases,accepted: native bucket (owner decision 1)
crosswalk_disagreement,DB99.6,"Intrahepatic cholestasis, not elsewhere classified",VAs-98,K76,generated vas_98; WHO_2022_VA other_gastrointestinal_diseases; WHO_2022_VA_2026 ICD-10 other_gastrointestinal_diseases,accepted: native bucket (owner decision 1)
crosswalk_disagreement,DB99.60,Cholestasis of parenteral nutrition,VAs-98,K76,generated vas_98; WHO_2022_VA other_gastrointestinal_diseases; WHO_2022_VA_2026 ICD-10 other_gastrointestinal_diseases,accepted: native bucket (owner decision 1)
crosswalk_disagreement,DB99.6Y,Other specified intrahepatic cholestasis,VAs-98,K76,generated vas_98; WHO_2022_VA other_gastrointestinal_diseases; WHO_2022_VA_2026 ICD-10 other_gastrointestinal_diseases,accepted: native bucket (owner decision 1)
crosswalk_disagreement,DB99.6Z,"Intrahepatic cholestasis, unspecified",VAs-98,K76,generated vas_98; WHO_2022_VA other_gastrointestinal_diseases; WHO_2022_VA_2026 ICD-10 other_gastrointestinal_diseases,accepted: native bucket (owner decision 1)
crosswalk_disagreement,DB99.Y,Other specified diseases of liver,VAs-98,K76.8,generated vas_98; WHO_2022_VA other_gastrointestinal_diseases; WHO_2022_VA_2026 ICD-10 other_gastrointestinal_diseases,accepted: native bucket (owner decision 1)
crosswalk_disagreement,DB9Z,"Diseases of liver, unspecified",other_gastrointestinal_diseases,K70-K77,generated other_gastrointestinal_diseases; WHO_2022_VA multiple:other_gastrointestinal_diseases|vas_06_02|vas_98; WHO_2022_VA_2026 ICD-10 multiple:other_gastrointestinal_diseases|vas_06_02|vas_98,owner decision 10
crosswalk_disagreement,DD93.0,Infant regurgitation,VAs-98,P92.1,generated vas_98; WHO_2022_VA vas_10_99; WHO_2022_VA_2026 ICD-10 vas_10_99,accepted: native bucket (owner decision 1)
crosswalk_disagreement,DD93.1,Infantile colic,VAs-98,R10.4,generated vas_98; WHO_2022_VA other_gastrointestinal_diseases; WHO_2022_VA_2026 ICD-10 vas_06_01,accepted: native bucket (owner decision 1)
crosswalk_disagreement,DD93.2,Infant dyschezia,VAs-98,R19.8,generated vas_98; WHO_2022_VA -; WHO_2022_VA_2026 ICD-10 vas_99,accepted: native bucket (owner decision 1)
crosswalk_disagreement,EA10,Pityriasis rosea,VAs-01.99,L42,generated vas_01_99; WHO_2022_VA vas_98; WHO_2022_VA_2026 ICD-10 vas_98,accepted: native bucket (owner decision 1)
crosswalk_disagreement,EA11,Papular purpuric gloves and socks syndrome,VAs-01.99,L29.8,generated vas_01_99; WHO_2022_VA vas_98; WHO_2022_VA_2026 ICD-10 vas_98,accepted: native bucket (owner decision 1)
crosswalk_disagreement,EA12,Infantile papular acrodermatitis,VAs-01.99,L44.4,generated vas_01_99; WHO_2022_VA vas_98; WHO_2022_VA_2026 ICD-10 vas_98,accepted: native bucket (owner decision 1)
crosswalk_disagreement,EA20,Necrolytic acral erythema,VAs-01.99,L99.8,generated vas_01_99; WHO_2022_VA vas_98; WHO_2022_VA_2026 ICD-10 vas_98,accepted: native bucket (owner decision 1)
crosswalk_disagreement,EA3Z,Unspecified skin disorder attributable to viral infection,VAs-01.99,L99.8,generated vas_01_99; WHO_2022_VA vas_98; WHO_2022_VA_2026 ICD-10 vas_98,accepted: native bucket (owner decision 1)
crosswalk_disagreement,EA40,Tropical phagedaenic ulcer,VAs-01.99,L98.4,generated vas_01_99; WHO_2022_VA vas_98; WHO_2022_VA_2026 ICD-10 vas_98,accepted: native bucket (owner decision 1)
crosswalk_disagreement,EA50,Toxin-mediated cutaneous reactions to distant or systemic bacterial infection,VAs-01.99,L08.8,generated vas_01_99; WHO_2022_VA vas_98; WHO_2022_VA_2026 ICD-10 vas_98,accepted: native bucket (owner decision 1)
crosswalk_disagreement,EA50.0,Erythema marginatum rheumaticum,VAs-01.99,L54.0,generated vas_01_99; WHO_2022_VA vas_98; WHO_2022_VA_2026 ICD-10 vas_98,accepted: native bucket (owner decision 1)
crosswalk_disagreement,EA50.1,Streptococcal toxin-mediated perineal erythema,VAs-01.99,L53.8,generated vas_01_99; WHO_2022_VA vas_98; WHO_2022_VA_2026 ICD-10 vas_98,accepted: native bucket (owner decision 1)
crosswalk_disagreement,EA50.2,Staphylococcal scalded skin syndrome,VAs-01.99,L00,generated vas_01_99; WHO_2022_VA vas_98; WHO_2022_VA_2026 ICD-10 vas_98,accepted: native bucket (owner decision 1)
crosswalk_disagreement,EA50.3,Staphylococcal scarlatina,VAs-01.99,L08.8,generated vas_01_99; WHO_2022_VA vas_98; WHO_2022_VA_2026 ICD-10 vas_98,accepted: native bucket (owner decision 1)
crosswalk_disagreement,EA50.Y,Other specified toxin-mediated cutaneous reactions to distant or systemic bacterial infection,VAs-01.99,L08.8,generated vas_01_99; WHO_2022_VA vas_98; WHO_2022_VA_2026 ICD-10 vas_98,accepted: native bucket (owner decision 1)
crosswalk_disagreement,EA50.Z,"Toxin-mediated cutaneous reactions to distant or systemic bacterial infection, unspecified",VAs-01.99,L08.8,generated vas_01_99; WHO_2022_VA vas_98; WHO_2022_VA_2026 ICD-10 vas_98,accepted: native bucket (owner decision 1)
crosswalk_disagreement,EA5Y,Cutaneous involvement by other specified bacterial infection,VAs-01.99,L99.8,generated vas_01_99; WHO_2022_VA vas_98; WHO_2022_VA_2026 ICD-10 vas_98,accepted: native bucket (owner decision 1)
crosswalk_disagreement,EA5Z,Cutaneous involvement by unspecified bacterial infection,VAs-01.99,L99.8,generated vas_01_99; WHO_2022_VA vas_98; WHO_2022_VA_2026 ICD-10 vas_98,accepted: native bucket (owner decision 1)
crosswalk_disagreement,EA60,Certain skin disorders attributable to fungal infection,VAs-01.99,L99.8,generated vas_01_99; WHO_2022_VA vas_98; WHO_2022_VA_2026 ICD-10 vas_98,accepted: native bucket (owner decision 1)
crosswalk_disagreement,EA60.0,Subcutaneous mycoses,VAs-01.99,L99.8,generated vas_01_99; WHO_2022_VA vas_98; WHO_2022_VA_2026 ICD-10 vas_98,accepted: native bucket (owner decision 1)
crosswalk_disagreement,EA60.1,Systemic mycoses affecting skin,VAs-01.99,L99.8,generated vas_01_99; WHO_2022_VA vas_98; WHO_2022_VA_2026 ICD-10 vas_98,accepted: native bucket (owner decision 1)
crosswalk_disagreement,EA60.Y,Skin involvement in other specified fungal infection,VAs-01.99,L99.8,generated vas_01_99; WHO_2022_VA vas_98; WHO_2022_VA_2026 ICD-10 vas_98,accepted: native bucket (owner decision 1)
crosswalk_disagreement,EA60.Z,"Fungal infection of the skin, unspecified",VAs-01.99,L99.8,generated vas_01_99; WHO_2022_VA vas_98; WHO_2022_VA_2026 ICD-10 vas_98,accepted: native bucket (owner decision 1)
crosswalk_disagreement,EA6Y,Cutaneous involvement by other specified infection or infestation,VAs-01.99,L99.8,generated vas_01_99; WHO_2022_VA vas_98; WHO_2022_VA_2026 ICD-10 vas_98,accepted: native bucket (owner decision 1)
crosswalk_disagreement,EA86.0,Stasis dermatitis of lower legs,VAs-98,I83.1,generated vas_98; WHO_2022_VA vas_04_99; WHO_2022_VA_2026 ICD-10 vas_04_99,accepted: native bucket (owner decision 1)
crosswalk_disagreement,EB90.0,Diabetic skin lesions,VAs-98,E10-E14,generated vas_98; WHO_2022_VA vas_03_03; WHO_2022_VA_2026 ICD-10 vas_03_03,accepted: native bucket (owner decision 1)
crosswalk_disagreement,EB90.42,Calcific arteriolopathy,VAs-98,I77.8,generated vas_98; WHO_2022_VA vas_04_99; WHO_2022_VA_2026 ICD-10 vas_04_99,accepted: native bucket (owner decision 1)
crosswalk_disagreement,EC10,Genetic syndromes with poikiloderma,VAs-10.06,L99.8,generated vas_10_06; WHO_2022_VA vas_98; WHO_2022_VA_2026 ICD-10 vas_98,accepted: native bucket (owner decision 1)
crosswalk_disagreement,EC1Y,Other specified genetic syndromes affecting the skin,VAs-10.06,L99.8,generated vas_10_06; WHO_2022_VA vas_98; WHO_2022_VA_2026 ICD-10 vas_98,accepted: native bucket (owner decision 1)
crosswalk_disagreement,EC20,Genetic disorders of keratinisation,VAs-10.06,L99.8,generated vas_10_06; WHO_2022_VA vas_98; WHO_2022_VA_2026 ICD-10 vas_98,accepted: native bucket (owner decision 1)
crosswalk_disagreement,EC20.2,Hereditary acantholytic dermatoses,VAs-10.06,L11.8,generated vas_10_06; WHO_2022_VA vas_98; WHO_2022_VA_2026 ICD-10 vas_98,accepted: native bucket (owner decision 1)
crosswalk_disagreement,EC20.Y,Other specified genetic disorders of keratinisation,VAs-10.06,L99.8,generated vas_10_06; WHO_2022_VA vas_98; WHO_2022_VA_2026 ICD-10 vas_98,accepted: native bucket (owner decision 1)
crosswalk_disagreement,EC21.4,Genetically-determined hypertrichosis,VAs-10.06,L68.8,generated vas_10_06; WHO_2022_VA vas_98; WHO_2022_VA_2026 ICD-10 vas_98,accepted: native bucket (owner decision 1)
crosswalk_disagreement,EC23.0,Non-syndromic genetically-determined hypermelanosis or lentiginosis,VAs-10.06,L81.4,generated vas_10_06; WHO_2022_VA vas_98; WHO_2022_VA_2026 ICD-10 vas_98,accepted: native bucket (owner decision 1)
crosswalk_disagreement,EC23.1,Syndromic genetically-determined hypermelanosis or lentiginosis,VAs-10.06,L81.4,generated vas_10_06; WHO_2022_VA vas_98; WHO_2022_VA_2026 ICD-10 vas_98,accepted: native bucket (owner decision 1)
crosswalk_disagreement,EC23.2,Albinism or other specified genetically-determined hypomelanotic disorders,VAs-10.06,E70.3,generated vas_10_06; WHO_2022_VA vas_98; WHO_2022_VA_2026 ICD-10 vas_98,accepted: native bucket (owner decision 1)
crosswalk_disagreement,EC23.20,Oculocutaneous albinism,VAs-10.06,E70.3,generated vas_10_06; WHO_2022_VA vas_98; WHO_2022_VA_2026 ICD-10 vas_98,accepted: native bucket (owner decision 1)
crosswalk_disagreement,EC23.2Y,Other specified genetically-determined hypomelanotic disorders,VAs-10.06,E70.3,generated vas_10_06; WHO_2022_VA vas_98; WHO_2022_VA_2026 ICD-10 vas_98,accepted: native bucket (owner decision 1)
crosswalk_disagreement,EE12,Infections of the nail or perionychium,VAs-01.99,L60,generated vas_01_99; WHO_2022_VA vas_98; WHO_2022_VA_2026 ICD-10 vas_98,accepted: native bucket (owner decision 1)
crosswalk_disagreement,EE12.0,Acute bacterial paronychia,VAs-01.99,L60,generated vas_01_99; WHO_2022_VA vas_98; WHO_2022_VA_2026 ICD-10 vas_98,accepted: native bucket (owner decision 1)
crosswalk_disagreement,EE12.1,Onychomycosis,VAs-01.99,L60,generated vas_01_99; WHO_2022_VA vas_98; WHO_2022_VA_2026 ICD-10 vas_98,accepted: native bucket (owner decision 1)
crosswalk_disagreement,EE12.Y,Other specified infections of the nail or perionychium,VAs-01.99,L60,generated vas_01_99; WHO_2022_VA vas_98; WHO_2022_VA_2026 ICD-10 vas_98,accepted: native bucket (owner decision 1)
crosswalk_disagreement,EE12.Z,"Infections of the nail or perionychium, unspecified",VAs-01.99,L60,generated vas_01_99; WHO_2022_VA vas_98; WHO_2022_VA_2026 ICD-10 vas_98,accepted: native bucket (owner decision 1)
crosswalk_disagreement,EE41.0,Cutis laxa,VAs-98,Q82.8,generated vas_98; WHO_2022_VA vas_10_06; WHO_2022_VA_2026 ICD-10 vas_10_06,accepted: native bucket (owner decision 1)
crosswalk_disagreement,EF02.2,Lipoedema,VAs-98,R60.9,generated vas_98; WHO_2022_VA vas_99; WHO_2022_VA_2026 ICD-10 vas_99,accepted: native bucket (owner decision 1)
crosswalk_disagreement,EF20.0,Venous lake,VAs-98,I78.1,generated vas_98; WHO_2022_VA vas_04_99; WHO_2022_VA_2026 ICD-10 vas_04_99,accepted: native bucket (owner decision 1)
crosswalk_disagreement,EF20.3,Spider telangiectasis,VAs-98,I78.1,generated vas_98; WHO_2022_VA vas_04_99; WHO_2022_VA_2026 ICD-10 vas_04_99,accepted: native bucket (owner decision 1)
crosswalk_disagreement,EF20.4,Generalised essential telangiectasia,VAs-98,I78.1,generated vas_98; WHO_2022_VA vas_04_99; WHO_2022_VA_2026 ICD-10 vas_04_99,accepted: native bucket (owner decision 1)
crosswalk_disagreement,EG61,Infections of the anus or perianal skin,VAs-01.99,K62.8,generated vas_01_99; WHO_2022_VA vas_98; WHO_2022_VA_2026 ICD-10 vas_98,accepted: native bucket (owner decision 1)
crosswalk_disagreement,FA90,Infection of vertebra,VAs-01.99,M46.2,generated vas_01_99; WHO_2022_VA vas_98; WHO_2022_VA_2026 ICD-10 vas_98,accepted: native bucket (owner decision 1)
crosswalk_disagreement,FA90.0,Infection of vertebra with no determinant,VAs-01.99,M46.2,generated vas_01_99; WHO_2022_VA vas_98; WHO_2022_VA_2026 ICD-10 vas_98,accepted: native bucket (owner decision 1)
crosswalk_disagreement,FA90.1,Infection of vertebra with determinants,VAs-01.99,M46.2,generated vas_01_99; WHO_2022_VA vas_98; WHO_2022_VA_2026 ICD-10 vas_98,accepted: native bucket (owner decision 1)
crosswalk_disagreement,FA90.Y,Other specified infection of vertebra,VAs-01.99,M46.2,generated vas_01_99; WHO_2022_VA vas_98; WHO_2022_VA_2026 ICD-10 vas_98,accepted: native bucket (owner decision 1)
crosswalk_disagreement,FA90.Z,"Infection of vertebra, unspecified",VAs-01.99,M46.2,generated vas_01_99; WHO_2022_VA vas_98; WHO_2022_VA_2026 ICD-10 vas_98,accepted: native bucket (owner decision 1)
crosswalk_disagreement,FA91,Infection of intervertebral disc,VAs-01.99,M46.3,generated vas_01_99; WHO_2022_VA vas_98; WHO_2022_VA_2026 ICD-10 vas_98,accepted: native bucket (owner decision 1)
crosswalk_disagreement,FB30,Infectious myositis,VAs-01.99,M60.0,generated vas_01_99; WHO_2022_VA vas_98; WHO_2022_VA_2026 ICD-10 vas_98,accepted: native bucket (owner decision 1)
crosswalk_disagreement,GA00,Vulvitis,VAs-01.99,N76,generated vas_01_99; WHO_2022_VA vas_98; WHO_2022_VA_2026 ICD-10 vas_98,accepted: native bucket (owner decision 1)
crosswalk_disagreement,GA00.0,Acute vulvitis,VAs-01.99,N76.2,generated vas_01_99; WHO_2022_VA vas_98; WHO_2022_VA_2026 ICD-10 vas_98,accepted: native bucket (owner decision 1)
crosswalk_disagreement,GA00.1,"Subacute, chronic or recurrent vulvitis",VAs-01.99,N76.3,generated vas_01_99; WHO_2022_VA vas_98; WHO_2022_VA_2026 ICD-10 vas_98,accepted: native bucket (owner decision 1)
crosswalk_disagreement,GA00.2,Abscess of vulva,VAs-01.99,N76.4,generated vas_01_99; WHO_2022_VA vas_98; WHO_2022_VA_2026 ICD-10 vas_98,accepted: native bucket (owner decision 1)
crosswalk_disagreement,GA00.3,Genital ulcer of vulva,VAs-01.99,N76.6,generated vas_01_99; WHO_2022_VA vas_98; WHO_2022_VA_2026 ICD-10 vas_98,accepted: native bucket (owner decision 1)
crosswalk_disagreement,GA00.4,Vulvovaginal ulceration or inflammation,VAs-01.99,N76,generated vas_01_99; WHO_2022_VA vas_98; WHO_2022_VA_2026 ICD-10 vas_98,accepted: native bucket (owner decision 1)
crosswalk_disagreement,GA00.40,Vulvovaginal ulceration,VAs-01.99,N76,generated vas_01_99; WHO_2022_VA vas_98; WHO_2022_VA_2026 ICD-10 vas_98,accepted: native bucket (owner decision 1)
crosswalk_disagreement,GA00.41,Vulvovaginal inflammation,VAs-01.99,N76,generated vas_01_99; WHO_2022_VA vas_98; WHO_2022_VA_2026 ICD-10 vas_98,accepted: native bucket (owner decision 1)
crosswalk_disagreement,GA00.Z,"Vulvitis, unspecified",VAs-01.99,N76,generated vas_01_99; WHO_2022_VA vas_98; WHO_2022_VA_2026 ICD-10 vas_98,accepted: native bucket (owner decision 1)
crosswalk_disagreement,GA01,"Inflammatory disorders of the uterus, except cervix",VAs-01.99,N71,generated vas_01_99; WHO_2022_VA vas_98; WHO_2022_VA_2026 ICD-10 vas_98,accepted: native bucket (owner decision 1)
crosswalk_disagreement,GA01.0,Acute inflammatory disease of uterus,VAs-01.99,N71.0,generated vas_01_99; WHO_2022_VA vas_98; WHO_2022_VA_2026 ICD-10 vas_98,accepted: native bucket (owner decision 1)
crosswalk_disagreement,GA01.00,Acute endometritis,VAs-01.99,N71.0,generated vas_01_99; WHO_2022_VA vas_98; WHO_2022_VA_2026 ICD-10 vas_98,accepted: native bucket (owner decision 1)
crosswalk_disagreement,GA01.01,Acute inflammatory disease of uterus with pyometra,VAs-01.99,N71.0,generated vas_01_99; WHO_2022_VA vas_98; WHO_2022_VA_2026 ICD-10 vas_98,accepted: native bucket (owner decision 1)
crosswalk_disagreement,GA01.0Z,"Acute inflammatory disease of uterus, unspecified",VAs-01.99,N71.0,generated vas_01_99; WHO_2022_VA vas_98; WHO_2022_VA_2026 ICD-10 vas_98,accepted: native bucket (owner decision 1)
crosswalk_disagreement,GA01.1,Chronic inflammatory disease of uterus,VAs-01.99,N71.1,generated vas_01_99; WHO_2022_VA vas_98; WHO_2022_VA_2026 ICD-10 vas_98,accepted: native bucket (owner decision 1)
crosswalk_disagreement,GA01.10,Chronic endometritis,VAs-01.99,N71.1,generated vas_01_99; WHO_2022_VA vas_98; WHO_2022_VA_2026 ICD-10 vas_98,accepted: native bucket (owner decision 1)
crosswalk_disagreement,GA01.11,Chronic inflammatory disease of uterus with pyometra,VAs-01.99,N71.1,generated vas_01_99; WHO_2022_VA vas_98; WHO_2022_VA_2026 ICD-10 vas_98,accepted: native bucket (owner decision 1)
crosswalk_disagreement,GA01.1Z,"Chronic inflammatory disease of uterus, unspecified",VAs-01.99,N71.1,generated vas_01_99; WHO_2022_VA vas_98; WHO_2022_VA_2026 ICD-10 vas_98,accepted: native bucket (owner decision 1)
crosswalk_disagreement,GA01.Y,"Other specified inflammatory disorders of the uterus, except cervix",VAs-01.99,N71,generated vas_01_99; WHO_2022_VA vas_98; WHO_2022_VA_2026 ICD-10 vas_98,accepted: native bucket (owner decision 1)
crosswalk_disagreement,GA01.Z,"Inflammatory disorders of the uterus, except cervix, unspecified",VAs-01.99,N71,generated vas_01_99; WHO_2022_VA vas_98; WHO_2022_VA_2026 ICD-10 vas_98,accepted: native bucket (owner decision 1)
crosswalk_disagreement,GA02,Vaginitis,VAs-01.99,N76,generated vas_01_99; WHO_2022_VA vas_98; WHO_2022_VA_2026 ICD-10 vas_98,accepted: native bucket (owner decision 1)
crosswalk_disagreement,GA02.0,Acute vaginitis,VAs-01.99,N76.0,generated vas_01_99; WHO_2022_VA vas_98; WHO_2022_VA_2026 ICD-10 vas_98,accepted: native bucket (owner decision 1)
crosswalk_disagreement,GA02.1,Inflammatory vaginitis,VAs-01.99,N76.8,generated vas_01_99; WHO_2022_VA vas_98; WHO_2022_VA_2026 ICD-10 vas_98,accepted: native bucket (owner decision 1)
crosswalk_disagreement,GA02.2,Subacute or chronic vaginitis,VAs-01.99,N76.1,generated vas_01_99; WHO_2022_VA vas_98; WHO_2022_VA_2026 ICD-10 vas_98,accepted: native bucket (owner decision 1)
crosswalk_disagreement,GA02.3,Genital ulcer disease of vagina,VAs-01.99,N76.5,generated vas_01_99; WHO_2022_VA vas_98; WHO_2022_VA_2026 ICD-10 vas_98,accepted: native bucket (owner decision 1)
crosswalk_disagreement,GA02.Z,"Vaginitis, unspecified",VAs-01.99,N76,generated vas_01_99; WHO_2022_VA vas_98; WHO_2022_VA_2026 ICD-10 vas_98,accepted: native bucket (owner decision 1)
crosswalk_disagreement,GA05,Female pelvic inflammatory diseases,VAs-01.99,N73,generated vas_01_99; WHO_2022_VA vas_98; WHO_2022_VA_2026 ICD-10 vas_98,accepted: native bucket (owner decision 1)
crosswalk_disagreement,GA05.0,Acute female pelvic inflammatory disease,VAs-01.99,N73.0,generated vas_01_99; WHO_2022_VA vas_98; WHO_2022_VA_2026 ICD-10 vas_98,accepted: native bucket (owner decision 1)
crosswalk_disagreement,GA05.1,Chronic pelvic inflammatory disease,VAs-01.99,N73.1,generated vas_01_99; WHO_2022_VA vas_98; WHO_2022_VA_2026 ICD-10 vas_98,accepted: native bucket (owner decision 1)
crosswalk_disagreement,GA05.2,Female pelvic peritonitis,VAs-01.99,N73.5,generated vas_01_99; WHO_2022_VA vas_98; WHO_2022_VA_2026 ICD-10 vas_98,accepted: native bucket (owner decision 1)
crosswalk_disagreement,GA05.3,Tuboovarian abscess,VAs-01.99,N73,generated vas_01_99; WHO_2022_VA vas_98; WHO_2022_VA_2026 ICD-10 vas_98,accepted: native bucket (owner decision 1)
crosswalk_disagreement,GA05.Y,Other specified female pelvic inflammatory diseases,VAs-01.99,N73.8,generated vas_01_99; WHO_2022_VA vas_98; WHO_2022_VA_2026 ICD-10 vas_98,accepted: native bucket (owner decision 1)
crosswalk_disagreement,GA05.Z,"Female pelvic inflammatory diseases, unspecified",VAs-01.99,N73,generated vas_01_99; WHO_2022_VA vas_98; WHO_2022_VA_2026 ICD-10 vas_98,accepted: native bucket (owner decision 1)
crosswalk_disagreement,GA07,Salpingitis or oophoritis,VAs-01.99,N70,generated vas_01_99; WHO_2022_VA vas_98; WHO_2022_VA_2026 ICD-10 vas_98,accepted: native bucket (owner decision 1)
crosswalk_disagreement,GA07.0,Acute salpingitis or oophoritis,VAs-01.99,N70.0,generated vas_01_99; WHO_2022_VA vas_98; WHO_2022_VA_2026 ICD-10 vas_98,accepted: native bucket (owner decision 1)
crosswalk_disagreement,GA07.1,Chronic salpingitis or oophoritis,VAs-01.99,N70.1,generated vas_01_99; WHO_2022_VA vas_98; WHO_2022_VA_2026 ICD-10 vas_98,accepted: native bucket (owner decision 1)
crosswalk_disagreement,GA07.Z,"Salpingitis or oophoritis, unspecified",VAs-01.99,N70,generated vas_01_99; WHO_2022_VA vas_98; WHO_2022_VA_2026 ICD-10 vas_98,accepted: native bucket (owner decision 1)
crosswalk_disagreement,GB02,Orchitis or epididymitis,VAs-01.99,N45,generated vas_01_99; WHO_2022_VA vas_98; WHO_2022_VA_2026 ICD-10 vas_98,accepted: native bucket (owner decision 1)
crosswalk_disagreement,GB02.0,"Orchitis, epididymitis or epididymo-orchitis with abscess",VAs-01.99,N45.0,generated vas_01_99; WHO_2022_VA vas_98; WHO_2022_VA_2026 ICD-10 vas_98,accepted: native bucket (owner decision 1)
crosswalk_disagreement,GB02.1,"Orchitis, epididymitis or epididymo-orchitis without abscess",VAs-01.99,N45.9,generated vas_01_99; WHO_2022_VA vas_98; WHO_2022_VA_2026 ICD-10 vas_98,accepted: native bucket (owner decision 1)
crosswalk_disagreement,GB02.Z,"Orchitis or epididymitis, unspecified",VAs-01.99,N45,generated vas_01_99; WHO_2022_VA vas_98; WHO_2022_VA_2026 ICD-10 vas_98,accepted: native bucket (owner decision 1)
crosswalk_disagreement,GC08,"Urinary tract infection, site not specified",VAs-01.99,N30-N39,generated vas_01_99; WHO_2022_VA vas_98; WHO_2022_VA_2026 ICD-10 vas_98,accepted: native bucket (owner decision 1)
crosswalk_disagreement,GC08.0,"Urinary tract infection, site not specified, due to Escherichia coli",VAs-01.99,N30-N39,generated vas_01_99; WHO_2022_VA vas_98; WHO_2022_VA_2026 ICD-10 vas_98,accepted: native bucket (owner decision 1)
crosswalk_disagreement,GC08.1,"Urinary tract infection, site not specified, due to Klebsiella pneumoniae",VAs-01.99,N30-N39,generated vas_01_99; WHO_2022_VA vas_98; WHO_2022_VA_2026 ICD-10 vas_98,accepted: native bucket (owner decision 1)
crosswalk_disagreement,GC08.2,"Urinary tract infection, site not specified, due to Proteus",VAs-01.99,N30-N39,generated vas_01_99; WHO_2022_VA vas_98; WHO_2022_VA_2026 ICD-10 vas_98,accepted: native bucket (owner decision 1)
crosswalk_disagreement,GC08.Y,"Urinary tract infection, site not specified due to other agent",VAs-01.99,N30-N39,generated vas_01_99; WHO_2022_VA vas_98; WHO_2022_VA_2026 ICD-10 vas_98,accepted: native bucket (owner decision 1)
crosswalk_disagreement,GC08.Z,"Urinary tract infection, site and agent not specified",VAs-01.99,N30-N39,generated vas_01_99; WHO_2022_VA vas_98; WHO_2022_VA_2026 ICD-10 vas_98,accepted: native bucket (owner decision 1)
crosswalk_disagreement,JA00,Abortion,VAs-09.02,O00-O08,generated vas_09_02; WHO_2022_VA multiple:vas_09_01|vas_09_02|vas_09_99; WHO_2022_VA_2026 ICD-10 multiple:vas_09_01|vas_09_02|vas_09_99,accepted: native bucket (owner decision 1)
crosswalk_disagreement,JA00.1,Induced abortion,VAs-09.02,O00-O08,generated vas_09_02; WHO_2022_VA multiple:vas_09_01|vas_09_02|vas_09_99; WHO_2022_VA_2026 ICD-10 multiple:vas_09_01|vas_09_02|vas_09_99,accepted: native bucket (owner decision 1)
crosswalk_disagreement,JA00.10,"Induced abortion, incomplete, complicated by genital tract or pelvic infection",VAs-09.02,O00-O08,generated vas_09_02; WHO_2022_VA multiple:vas_09_01|vas_09_02|vas_09_99; WHO_2022_VA_2026 ICD-10 multiple:vas_09_01|vas_09_02|vas_09_99,accepted: native bucket (owner decision 1)
crosswalk_disagreement,JA00.11,"Induced abortion, incomplete, complicated by delayed or excessive haemorrhage",VAs-09.02,O00-O08,generated vas_09_02; WHO_2022_VA multiple:vas_09_01|vas_09_02|vas_09_99; WHO_2022_VA_2026 ICD-10 multiple:vas_09_01|vas_09_02|vas_09_99,accepted: native bucket (owner decision 1)
crosswalk_disagreement,JA00.12,"Induced abortion, incomplete, complicated by embolism",VAs-09.02,O00-O08,generated vas_09_02; WHO_2022_VA multiple:vas_09_01|vas_09_02|vas_09_99; WHO_2022_VA_2026 ICD-10 multiple:vas_09_01|vas_09_02|vas_09_99,accepted: native bucket (owner decision 1)
crosswalk_disagreement,JA00.13,"Induced abortion, incomplete, with other or unspecified complications",VAs-09.02,O00-O08,generated vas_09_02; WHO_2022_VA multiple:vas_09_01|vas_09_02|vas_09_99; WHO_2022_VA_2026 ICD-10 multiple:vas_09_01|vas_09_02|vas_09_99,accepted: native bucket (owner decision 1)
crosswalk_disagreement,JA00.14,"Induced abortion, incomplete, without complication",VAs-09.02,O00-O08,generated vas_09_02; WHO_2022_VA multiple:vas_09_01|vas_09_02|vas_09_99; WHO_2022_VA_2026 ICD-10 multiple:vas_09_01|vas_09_02|vas_09_99,accepted: native bucket (owner decision 1)
crosswalk_disagreement,JA00.15,"Induced abortion, complete or unspecified, complicated by genital tract or pelvic infection",VAs-09.02,O00-O08,generated vas_09_02; WHO_2022_VA multiple:vas_09_01|vas_09_02|vas_09_99; WHO_2022_VA_2026 ICD-10 multiple:vas_09_01|vas_09_02|vas_09_99,accepted: native bucket (owner decision 1)
crosswalk_disagreement,JA00.16,"Induced abortion, complete or unspecified, complicated by delayed or excessive haemorrhage",VAs-09.02,O00-O08,generated vas_09_02; WHO_2022_VA multiple:vas_09_01|vas_09_02|vas_09_99; WHO_2022_VA_2026 ICD-10 multiple:vas_09_01|vas_09_02|vas_09_99,accepted: native bucket (owner decision 1)
crosswalk_disagreement,JA00.17,"Induced abortion, complete or unspecified, complicated by embolism",VAs-09.02,O00-O08,generated vas_09_02; WHO_2022_VA multiple:vas_09_01|vas_09_02|vas_09_99; WHO_2022_VA_2026 ICD-10 multiple:vas_09_01|vas_09_02|vas_09_99,accepted: native bucket (owner decision 1)
crosswalk_disagreement,JA0Z,"Abortive outcome of pregnancy, unspecified",VAs-09.02,O00-O08,generated vas_09_02; WHO_2022_VA multiple:vas_09_01|vas_09_02|vas_09_99; WHO_2022_VA_2026 ICD-10 multiple:vas_09_01|vas_09_02|vas_09_99,accepted: native bucket (owner decision 1)
crosswalk_disagreement,JA40,Haemorrhage in early pregnancy,VAs-09.04,O20,generated vas_09_04; WHO_2022_VA vas_09_99; WHO_2022_VA_2026 ICD-10 vas_09_99,accepted: native bucket (owner decision 1)
crosswalk_disagreement,JA40.0,Threatened abortion,VAs-09.04,O20.0,generated vas_09_04; WHO_2022_VA vas_09_99; WHO_2022_VA_2026 ICD-10 vas_09_99,accepted: native bucket (owner decision 1)
crosswalk_disagreement,JA40.Y,Other specified haemorrhage in early pregnancy,VAs-09.04,O20.8,generated vas_09_04; WHO_2022_VA vas_09_99; WHO_2022_VA_2026 ICD-10 vas_09_99,accepted: native bucket (owner decision 1)
crosswalk_disagreement,JA40.Z,"Haemorrhage in early pregnancy, unspecified",VAs-09.04,O20,generated vas_09_04; WHO_2022_VA vas_09_99; WHO_2022_VA_2026 ICD-10 vas_09_99,accepted: native bucket (owner decision 1)
crosswalk_disagreement,JA8Y,"Maternal care related to other specified fetus, amniotic cavity or possible delivery problems",VAs-09.99,O30-O48,generated vas_09_99; WHO_2022_VA multiple:vas_09_04|vas_09_99; WHO_2022_VA_2026 ICD-10 multiple:vas_09_04|vas_09_99,accepted: native bucket (owner decision 1)
crosswalk_disagreement,JA8Z,"Maternal care related to unspecified fetus, amniotic cavity or possible delivery problems",VAs-09.99,O30-O48,generated vas_09_99; WHO_2022_VA multiple:vas_09_04|vas_09_99; WHO_2022_VA_2026 ICD-10 multiple:vas_09_04|vas_09_99,accepted: native bucket (owner decision 1)
crosswalk_disagreement,JB0A.2,Postpartum inversion of uterus,VAs-09.99,N85.5,generated vas_09_99; WHO_2022_VA vas_98; WHO_2022_VA_2026 ICD-10 vas_98,accepted: native bucket (owner decision 1)
crosswalk_disagreement,JB0D.2,"Pyrexia during labour, not elsewhere classified",VAs-09.06,O75.2,generated vas_09_06; WHO_2022_VA vas_09_99; WHO_2022_VA_2026 ICD-10 vas_09_99,accepted: native bucket (owner decision 1)
crosswalk_disagreement,JB0D.7,"Failed application of vacuum extractor or forceps, unspecified",VAs-09.99,O66.5,generated vas_09_99; WHO_2022_VA vas_09_05; WHO_2022_VA_2026 ICD-10 vas_09_05,accepted: native bucket (owner decision 1)
crosswalk_disagreement,JB0D.8,"Failed trial of labour, unspecified",VAs-09.99,O66.4,generated vas_09_99; WHO_2022_VA vas_09_05; WHO_2022_VA_2026 ICD-10 vas_09_05,accepted: native bucket (owner decision 1)
crosswalk_disagreement,JB0Z,"Complications of labour or delivery, unspecified",VAs-09.99,O60-O75,generated vas_09_99; WHO_2022_VA multiple:vas_09_04|vas_09_05|vas_09_06|vas_09_08|vas_09_99; WHO_2022_VA_2026 ICD-10 multiple:vas_09_04|vas_09_05|vas_09_06|vas_09_08|vas_09_99,accepted: native bucket (owner decision 1)
crosswalk_disagreement,JB40,Infections in the puerperium,VAs-09.06,O86,generated vas_09_06; WHO_2022_VA vas_09_99; WHO_2022_VA_2026 ICD-10 vas_09_99,accepted: native bucket (owner decision 1)
crosswalk_disagreement,JB40.1,Infection of obstetric surgical wound,VAs-09.06,O86.0,generated vas_09_06; WHO_2022_VA vas_09_99; WHO_2022_VA_2026 ICD-10 vas_09_99,accepted: native bucket (owner decision 1)
crosswalk_disagreement,JB40.2,Other infection of genital tract following delivery,VAs-09.06,O86.1,generated vas_09_06; WHO_2022_VA vas_09_99; WHO_2022_VA_2026 ICD-10 vas_09_99,accepted: native bucket (owner decision 1)
crosswalk_disagreement,JB40.3,Urinary tract infection following delivery,VAs-09.06,O86.2,generated vas_09_06; WHO_2022_VA vas_09_99; WHO_2022_VA_2026 ICD-10 vas_09_99,accepted: native bucket (owner decision 1)
crosswalk_disagreement,JB40.4,Pyrexia of unknown origin following delivery,VAs-09.06,O86.4,generated vas_09_06; WHO_2022_VA vas_09_99; WHO_2022_VA_2026 ICD-10 vas_09_99,accepted: native bucket (owner decision 1)
crosswalk_disagreement,JB40.Y,Other specified infections in the puerperium,VAs-09.06,O86.8,generated vas_09_06; WHO_2022_VA vas_09_99; WHO_2022_VA_2026 ICD-10 vas_09_99,accepted: native bucket (owner decision 1)
crosswalk_disagreement,JB40.Z,"Infections in the puerperium, unspecified",VAs-09.06,O86,generated vas_09_06; WHO_2022_VA vas_09_99; WHO_2022_VA_2026 ICD-10 vas_09_99,accepted: native bucket (owner decision 1)
crosswalk_disagreement,JB44.6,Puerperal osteomalacia,VAs-09.99,M83.0,generated vas_09_99; WHO_2022_VA vas_98; WHO_2022_VA_2026 ICD-10 vas_98,accepted: native bucket (owner decision 1)
crosswalk_disagreement,JB4Z,"Complications predominantly related to the puerperium, unspecified",VAs-09.99,O85-O92,generated vas_09_99; WHO_2022_VA multiple:vas_09_06|vas_09_99; WHO_2022_VA_2026 ICD-10 multiple:vas_09_06|vas_09_99,accepted: native bucket (owner decision 1)
crosswalk_disagreement,JB65,"Sequelae of complication of pregnancy, childbirth or the puerperium",VAs-09.99,O94-O99,generated vas_09_99; WHO_2022_VA multiple:vas_09_07|vas_09_99; WHO_2022_VA_2026 ICD-10 multiple:vas_09_07|vas_09_99,accepted: native bucket (owner decision 1)
crosswalk_disagreement,JB6Y,"Other specified obstetric conditions, not elsewhere classified",VAs-09.99,O94-O99,generated vas_09_99; WHO_2022_VA multiple:vas_09_07|vas_09_99; WHO_2022_VA_2026 ICD-10 multiple:vas_09_07|vas_09_99,accepted: native bucket (owner decision 1)
crosswalk_disagreement,JB6Z,Unspecified obstetric condition,VAs-09.99,O94-O99,generated vas_09_99; WHO_2022_VA multiple:vas_09_07|vas_09_99; WHO_2022_VA_2026 ICD-10 multiple:vas_09_07|vas_09_99,accepted: native bucket (owner decision 1)
crosswalk_disagreement,KA2Y,Other specified disorders of newborn related to length of gestation or fetal growth,VAs-10.99,P05-P08,generated vas_10_99; WHO_2022_VA multiple:vas_10_01|vas_10_99; WHO_2022_VA_2026 ICD-10 multiple:vas_10_01|vas_10_99,accepted: native bucket (owner decision 1)
crosswalk_disagreement,KA2Z,"Disorders of newborn related to length of gestation or fetal growth, unspecified",VAs-10.99,P05-P08,generated vas_10_99; WHO_2022_VA multiple:vas_10_01|vas_10_99; WHO_2022_VA_2026 ICD-10 multiple:vas_10_01|vas_10_99,accepted: native bucket (owner decision 1)
crosswalk_disagreement,KA61,Other bacterial infections of the fetus or newborn,VAs-10.99,P35-P39,generated vas_10_99; WHO_2022_VA multiple:vas_10_04|vas_10_99; WHO_2022_VA_2026 ICD-10 multiple:vas_10_04|vas_10_99,accepted: native bucket (owner decision 1)
crosswalk_disagreement,KA61.Z,"Bacterial infection of the fetus or newborn, unspecified",VAs-10.99,P35-P39,generated vas_10_99; WHO_2022_VA multiple:vas_10_04|vas_10_99; WHO_2022_VA_2026 ICD-10 multiple:vas_10_04|vas_10_99,accepted: native bucket (owner decision 1)
crosswalk_disagreement,KA63,Fungal infection of fetus or newborn,VAs-10.99,P35-P39,generated vas_10_99; WHO_2022_VA multiple:vas_10_04|vas_10_99; WHO_2022_VA_2026 ICD-10 multiple:vas_10_04|vas_10_99,accepted: native bucket (owner decision 1)
crosswalk_disagreement,KA63.0,Malassezia infection in newborn,VAs-10.99,P35-P39,generated vas_10_99; WHO_2022_VA multiple:vas_10_04|vas_10_99; WHO_2022_VA_2026 ICD-10 multiple:vas_10_04|vas_10_99,accepted: native bucket (owner decision 1)
crosswalk_disagreement,KA63.1,Neonatal aspergillosis,VAs-10.99,P35-P39,generated vas_10_99; WHO_2022_VA multiple:vas_10_04|vas_10_99; WHO_2022_VA_2026 ICD-10 multiple:vas_10_04|vas_10_99,accepted: native bucket (owner decision 1)
crosswalk_disagreement,KA63.Y,Other specified fungal infection of fetus or newborn,VAs-10.99,P35-P39,generated vas_10_99; WHO_2022_VA multiple:vas_10_04|vas_10_99; WHO_2022_VA_2026 ICD-10 multiple:vas_10_04|vas_10_99,accepted: native bucket (owner decision 1)
crosswalk_disagreement,KA63.Z,"Fungal infection of fetus or newborn, unspecified",VAs-10.99,P35-P39,generated vas_10_99; WHO_2022_VA multiple:vas_10_04|vas_10_99; WHO_2022_VA_2026 ICD-10 multiple:vas_10_04|vas_10_99,accepted: native bucket (owner decision 1)
crosswalk_disagreement,KA64,Parasitic diseases in the fetus or newborn,VAs-10.99,P35-P39,generated vas_10_99; WHO_2022_VA multiple:vas_10_04|vas_10_99; WHO_2022_VA_2026 ICD-10 multiple:vas_10_04|vas_10_99,accepted: native bucket (owner decision 1)
crosswalk_disagreement,KA64.Y,Other specified parasitic diseases in the fetus or newborn,VAs-10.99,P35-P39,generated vas_10_99; WHO_2022_VA multiple:vas_10_04|vas_10_99; WHO_2022_VA_2026 ICD-10 multiple:vas_10_04|vas_10_99,accepted: native bucket (owner decision 1)
crosswalk_disagreement,KA64.Z,"Parasitic diseases in the fetus or newborn, unspecified",VAs-10.99,P35-P39,generated vas_10_99; WHO_2022_VA multiple:vas_10_04|vas_10_99; WHO_2022_VA_2026 ICD-10 multiple:vas_10_04|vas_10_99,accepted: native bucket (owner decision 1)
crosswalk_disagreement,KA65,Neonatal infections of certain specified sites,VAs-10.99,P35-P39,generated vas_10_99; WHO_2022_VA multiple:vas_10_04|vas_10_99; WHO_2022_VA_2026 ICD-10 multiple:vas_10_04|vas_10_99,accepted: native bucket (owner decision 1)
crosswalk_disagreement,KA65.4,Neonatal meningitis,VAs-10.99,P35-P39,generated vas_10_99; WHO_2022_VA multiple:vas_10_04|vas_10_99; WHO_2022_VA_2026 ICD-10 multiple:vas_10_04|vas_10_99,accepted: native bucket (owner decision 1)
crosswalk_disagreement,KA65.Y,Neonatal infections of other specified sites,VAs-10.99,P35-P39,generated vas_10_99; WHO_2022_VA multiple:vas_10_04|vas_10_99; WHO_2022_VA_2026 ICD-10 multiple:vas_10_04|vas_10_99,accepted: native bucket (owner decision 1)
crosswalk_disagreement,KA6Y,Other specified infections of the fetus or newborn,VAs-10.99,P35-P39,generated vas_10_99; WHO_2022_VA multiple:vas_10_04|vas_10_99; WHO_2022_VA_2026 ICD-10 multiple:vas_10_04|vas_10_99,accepted: native bucket (owner decision 1)
crosswalk_disagreement,KA6Z,"Infections of the fetus or newborn, unspecified",VAs-10.99,P35-P39,generated vas_10_99; WHO_2022_VA multiple:vas_10_04|vas_10_99; WHO_2022_VA_2026 ICD-10 multiple:vas_10_04|vas_10_99,accepted: native bucket (owner decision 1)
crosswalk_disagreement,KB07,Compression of brain in neonate,VAs-10.99,G93.5,generated vas_10_99; WHO_2022_VA vas_98; WHO_2022_VA_2026 ICD-10 vas_98,accepted: native bucket (owner decision 1)
crosswalk_disagreement,KB20,Intrauterine hypoxia,VAs-10.02,P20-P29,generated vas_10_02; WHO_2022_VA multiple:vas_10_02|vas_10_03|vas_10_99; WHO_2022_VA_2026 ICD-10 multiple:vas_10_02|vas_10_03|vas_10_99,accepted: native bucket (owner decision 1)
crosswalk_disagreement,KB20.0,Intrauterine hypoxia first noted before onset of labour,VAs-10.02,P20-P29,generated vas_10_02; WHO_2022_VA multiple:vas_10_02|vas_10_03|vas_10_99; WHO_2022_VA_2026 ICD-10 multiple:vas_10_02|vas_10_03|vas_10_99,accepted: native bucket (owner decision 1)
crosswalk_disagreement,KB20.1,Intrauterine hypoxia first noted during labour or delivery,VAs-10.02,P20-P29,generated vas_10_02; WHO_2022_VA multiple:vas_10_02|vas_10_03|vas_10_99; WHO_2022_VA_2026 ICD-10 multiple:vas_10_02|vas_10_03|vas_10_99,accepted: native bucket (owner decision 1)
crosswalk_disagreement,KB20.Z,"Intrauterine hypoxia, unspecified",VAs-10.02,P20-P29,generated vas_10_02; WHO_2022_VA multiple:vas_10_02|vas_10_03|vas_10_99; WHO_2022_VA_2026 ICD-10 multiple:vas_10_02|vas_10_03|vas_10_99,accepted: native bucket (owner decision 1)
crosswalk_disagreement,KB22,Metabolic acidaemia in newborn,VAs-10.02,P20-P29,generated vas_10_02; WHO_2022_VA multiple:vas_10_02|vas_10_03|vas_10_99; WHO_2022_VA_2026 ICD-10 multiple:vas_10_02|vas_10_03|vas_10_99,accepted: native bucket (owner decision 1)
crosswalk_disagreement,KB25,Neonatal tracheitis,VAs-10.99,P20-P29,generated vas_10_99; WHO_2022_VA multiple:vas_10_02|vas_10_03|vas_10_99; WHO_2022_VA_2026 ICD-10 multiple:vas_10_02|vas_10_03|vas_10_99,accepted: native bucket (owner decision 1)
crosswalk_disagreement,KB2A,Apnoea of newborn,VAs-10.99,P20-P29,generated vas_10_99; WHO_2022_VA multiple:vas_10_02|vas_10_03|vas_10_99; WHO_2022_VA_2026 ICD-10 multiple:vas_10_02|vas_10_03|vas_10_99,accepted: native bucket (owner decision 1)
crosswalk_disagreement,KB2A.0,Central neonatal apnoea,VAs-10.99,P20-P29,generated vas_10_99; WHO_2022_VA multiple:vas_10_02|vas_10_03|vas_10_99; WHO_2022_VA_2026 ICD-10 multiple:vas_10_02|vas_10_03|vas_10_99,accepted: native bucket (owner decision 1)
crosswalk_disagreement,KB2A.1,Obstructive neonatal apnoea,VAs-10.99,P20-P29,generated vas_10_99; WHO_2022_VA multiple:vas_10_02|vas_10_03|vas_10_99; WHO_2022_VA_2026 ICD-10 multiple:vas_10_02|vas_10_03|vas_10_99,accepted: native bucket (owner decision 1)
crosswalk_disagreement,KB2A.2,Mixed neonatal apnoea,VAs-10.99,P20-P29,generated vas_10_99; WHO_2022_VA multiple:vas_10_02|vas_10_03|vas_10_99; WHO_2022_VA_2026 ICD-10 multiple:vas_10_02|vas_10_03|vas_10_99,accepted: native bucket (owner decision 1)
crosswalk_disagreement,KB2A.3,"Apnoea of newborn, due to neurologic injury",VAs-10.99,P20-P29,generated vas_10_99; WHO_2022_VA multiple:vas_10_02|vas_10_03|vas_10_99; WHO_2022_VA_2026 ICD-10 multiple:vas_10_02|vas_10_03|vas_10_99,accepted: native bucket (owner decision 1)
crosswalk_disagreement,KB2A.Y,Other specified apnoea of newborn,VAs-10.99,P20-P29,generated vas_10_99; WHO_2022_VA multiple:vas_10_02|vas_10_03|vas_10_99; WHO_2022_VA_2026 ICD-10 multiple:vas_10_02|vas_10_03|vas_10_99,accepted: native bucket (owner decision 1)
crosswalk_disagreement,KB2A.Z,"Apnoea of newborn, unspecified",VAs-10.99,P20-P29,generated vas_10_99; WHO_2022_VA multiple:vas_10_02|vas_10_03|vas_10_99; WHO_2022_VA_2026 ICD-10 multiple:vas_10_02|vas_10_03|vas_10_99,accepted: native bucket (owner decision 1)
crosswalk_disagreement,KB2E,Respiratory arrest of newborn,VAs-10.99,P20-P29,generated vas_10_99; WHO_2022_VA multiple:vas_10_02|vas_10_03|vas_10_99; WHO_2022_VA_2026 ICD-10 multiple:vas_10_02|vas_10_03|vas_10_99,accepted: native bucket (owner decision 1)
crosswalk_disagreement,KB2F,Congenital lung or lobar atelectasis,VAs-10.99,P20-P29,generated vas_10_99; WHO_2022_VA multiple:vas_10_02|vas_10_03|vas_10_99; WHO_2022_VA_2026 ICD-10 multiple:vas_10_02|vas_10_03|vas_10_99,accepted: native bucket (owner decision 1)
crosswalk_disagreement,KB2G,Tracheal haemorrhage of newborn due to airway trauma,VAs-10.99,P20-P29,generated vas_10_99; WHO_2022_VA multiple:vas_10_02|vas_10_03|vas_10_99; WHO_2022_VA_2026 ICD-10 multiple:vas_10_02|vas_10_03|vas_10_99,accepted: native bucket (owner decision 1)
crosswalk_disagreement,KB2H,Acquired vocal cord paralysis in newborn,VAs-10.99,P20-P29,generated vas_10_99; WHO_2022_VA multiple:vas_10_02|vas_10_03|vas_10_99; WHO_2022_VA_2026 ICD-10 multiple:vas_10_02|vas_10_03|vas_10_99,accepted: native bucket (owner decision 1)
crosswalk_disagreement,KB2J,Airway obstruction in the neonate due to airway abnormality,VAs-10.99,P20-P29,generated vas_10_99; WHO_2022_VA multiple:vas_10_02|vas_10_03|vas_10_99; WHO_2022_VA_2026 ICD-10 multiple:vas_10_02|vas_10_03|vas_10_99,accepted: native bucket (owner decision 1)
crosswalk_disagreement,KB2J.0,Hypotonia of hypopharynx in neonate,VAs-10.99,P20-P29,generated vas_10_99; WHO_2022_VA multiple:vas_10_02|vas_10_03|vas_10_99; WHO_2022_VA_2026 ICD-10 multiple:vas_10_02|vas_10_03|vas_10_99,accepted: native bucket (owner decision 1)
crosswalk_disagreement,KB2J.1,Hypopharyngeal mass in neonate,VAs-10.99,P20-P29,generated vas_10_99; WHO_2022_VA multiple:vas_10_02|vas_10_03|vas_10_99; WHO_2022_VA_2026 ICD-10 multiple:vas_10_02|vas_10_03|vas_10_99,accepted: native bucket (owner decision 1)
crosswalk_disagreement,KB2J.2,Tracheo-bronchial malacia in neonate,VAs-10.99,P20-P29,generated vas_10_99; WHO_2022_VA multiple:vas_10_02|vas_10_03|vas_10_99; WHO_2022_VA_2026 ICD-10 multiple:vas_10_02|vas_10_03|vas_10_99,accepted: native bucket (owner decision 1)
crosswalk_disagreement,KB2J.Y,Other specified airway obstruction in the neonate due to airway abnormality,VAs-10.99,P20-P29,generated vas_10_99; WHO_2022_VA multiple:vas_10_02|vas_10_03|vas_10_99; WHO_2022_VA_2026 ICD-10 multiple:vas_10_02|vas_10_03|vas_10_99,accepted: native bucket (owner decision 1)
crosswalk_disagreement,KB2J.Z,"Airway obstruction in the neonate due to airway abnormality, unspecified",VAs-10.99,P20-P29,generated vas_10_99; WHO_2022_VA multiple:vas_10_02|vas_10_03|vas_10_99; WHO_2022_VA_2026 ICD-10 multiple:vas_10_02|vas_10_03|vas_10_99,accepted: native bucket (owner decision 1)
crosswalk_disagreement,KB2K,Pulmonary cysts in newborn,VAs-10.99,P20-P29,generated vas_10_99; WHO_2022_VA multiple:vas_10_02|vas_10_03|vas_10_99; WHO_2022_VA_2026 ICD-10 multiple:vas_10_02|vas_10_03|vas_10_99,accepted: native bucket (owner decision 1)
crosswalk_disagreement,KB2K.0,Acquired pulmonary cysts in newborn,VAs-10.99,P20-P29,generated vas_10_99; WHO_2022_VA multiple:vas_10_02|vas_10_03|vas_10_99; WHO_2022_VA_2026 ICD-10 multiple:vas_10_02|vas_10_03|vas_10_99,accepted: native bucket (owner decision 1)
crosswalk_disagreement,KB2K.Z,"Pulmonary cysts in newborn, unspecified",VAs-10.99,P20-P29,generated vas_10_99; WHO_2022_VA multiple:vas_10_02|vas_10_03|vas_10_99; WHO_2022_VA_2026 ICD-10 multiple:vas_10_02|vas_10_03|vas_10_99,accepted: native bucket (owner decision 1)
crosswalk_disagreement,KB2Y,Other specified respiratory disorders specific to the perinatal or neonatal period,VAs-10.99,P20-P29,generated vas_10_99; WHO_2022_VA multiple:vas_10_02|vas_10_03|vas_10_99; WHO_2022_VA_2026 ICD-10 multiple:vas_10_02|vas_10_03|vas_10_99,accepted: native bucket (owner decision 1)
crosswalk_disagreement,KB2Z,"Respiratory disorders specific to the perinatal or neonatal period, unspecified",VAs-10.99,P20-P29,generated vas_10_99; WHO_2022_VA multiple:vas_10_02|vas_10_03|vas_10_99; WHO_2022_VA_2026 ICD-10 multiple:vas_10_02|vas_10_03|vas_10_99,accepted: native bucket (owner decision 1)
crosswalk_disagreement,KC22.1,Cold panniculitis of the newborn,VAs-10.99,M79.3,generated vas_10_99; WHO_2022_VA vas_98; WHO_2022_VA_2026 ICD-10 vas_98,accepted: native bucket (owner decision 1)
crosswalk_disagreement,KC23,Neonatal disorders of the oral mucosa,VAs-10.99,K13.7,generated vas_10_99; WHO_2022_VA vas_98; WHO_2022_VA_2026 ICD-10 vas_98,accepted: native bucket (owner decision 1)
crosswalk_disagreement,KC24,Neonatal nutritional disorders affecting the skin,VAs-10.99,L99.8,generated vas_10_99; WHO_2022_VA vas_98; WHO_2022_VA_2026 ICD-10 vas_98,accepted: native bucket (owner decision 1)
crosswalk_disagreement,KC30,Skin fragility of prematurity,VAs-10.99,R23.4,generated vas_10_99; WHO_2022_VA -; WHO_2022_VA_2026 ICD-10 vas_99,accepted: native bucket (owner decision 1)
crosswalk_disagreement,KC31,Congenital erosive or vesicular dermatosis healing with reticulated supple scarring,VAs-10.99,L98.8,generated vas_10_99; WHO_2022_VA vas_98; WHO_2022_VA_2026 ICD-10 vas_98,accepted: native bucket (owner decision 1)
crosswalk_disagreement,KD30,Birth depression,VAs-99,P90-P96,generated vas_99; WHO_2022_VA multiple:vas_10_99|vas_11_02; WHO_2022_VA_2026 ICD-10 multiple:vas_10_99|vas_11_02,owner decision 5b
crosswalk_disagreement,KD30.2,Birth depression with associated metabolic acidaemia of cord blood,VAs-10.99,P90-P96,generated vas_10_99; WHO_2022_VA multiple:vas_10_99|vas_11_02; WHO_2022_VA_2026 ICD-10 multiple:vas_10_99|vas_11_02,accepted: native bucket (owner decision 1)
crosswalk_disagreement,KD30.Z,"Birth depression, unspecified",VAs-10.99,P90-P96,generated vas_10_99; WHO_2022_VA multiple:vas_10_99|vas_11_02; WHO_2022_VA_2026 ICD-10 multiple:vas_10_99|vas_11_02,accepted: native bucket (owner decision 1)
crosswalk_disagreement,KD33,"Jittery baby, not elsewhere classified",VAs-10.99,P90-P96,generated vas_10_99; WHO_2022_VA multiple:vas_10_99|vas_11_02; WHO_2022_VA_2026 ICD-10 multiple:vas_10_99|vas_11_02,accepted: native bucket (owner decision 1)
crosswalk_disagreement,KD37,Exposure to tobacco smoke in the perinatal period,VAs-10.99,P90-P96,generated vas_10_99; WHO_2022_VA multiple:vas_10_99|vas_11_02; WHO_2022_VA_2026 ICD-10 multiple:vas_10_99|vas_11_02,accepted: native bucket (owner decision 1)
crosswalk_disagreement,KD38,Meconium staining,VAs-10.99,P90-P96,generated vas_10_99; WHO_2022_VA multiple:vas_10_99|vas_11_02; WHO_2022_VA_2026 ICD-10 multiple:vas_10_99|vas_11_02,accepted: native bucket (owner decision 1)
crosswalk_disagreement,KD3B.1,Intrapartum fetal death,VAs-11.01,P95,generated vas_11_01; WHO_2022_VA vas_11_02; WHO_2022_VA_2026 ICD-10 vas_11_02,owner review (digitva-712.6)
crosswalk_disagreement,KD3Y,Other specified disorders originating in the perinatal period,VAs-10.99,P90-P96,generated vas_10_99; WHO_2022_VA multiple:vas_10_99|vas_11_02; WHO_2022_VA_2026 ICD-10 multiple:vas_10_99|vas_11_02,accepted: native bucket (owner decision 1)
crosswalk_disagreement,LA30.0,Anodontia,VAs-10.06,K00.0,generated vas_10_06; WHO_2022_VA vas_98; WHO_2022_VA_2026 ICD-10 vas_98,accepted: native bucket (owner decision 1)
crosswalk_disagreement,LA30.1,Hypodontia,VAs-10.06,K00.0,generated vas_10_06; WHO_2022_VA vas_98; WHO_2022_VA_2026 ICD-10 vas_98,accepted: native bucket (owner decision 1)
crosswalk_disagreement,LA30.2,Oligodontia,VAs-10.06,K00.0,generated vas_10_06; WHO_2022_VA vas_98; WHO_2022_VA_2026 ICD-10 vas_98,accepted: native bucket (owner decision 1)
crosswalk_disagreement,LA30.3,Hyperdontia,VAs-10.06,K00.1,generated vas_10_06; WHO_2022_VA vas_98; WHO_2022_VA_2026 ICD-10 vas_98,accepted: native bucket (owner decision 1)
crosswalk_disagreement,LA30.4,Abnormalities of size or form of teeth,VAs-10.06,K00.2,generated vas_10_06; WHO_2022_VA vas_98; WHO_2022_VA_2026 ICD-10 vas_98,accepted: native bucket (owner decision 1)
crosswalk_disagreement,LA30.5,Anomalies in tooth resorption or loss,VAs-10.06,K08.8,generated vas_10_06; WHO_2022_VA vas_98; WHO_2022_VA_2026 ICD-10 vas_98,accepted: native bucket (owner decision 1)
crosswalk_disagreement,LA30.50,Early exfoliation of teeth,VAs-10.06,K08.8,generated vas_10_06; WHO_2022_VA vas_98; WHO_2022_VA_2026 ICD-10 vas_98,accepted: native bucket (owner decision 1)
crosswalk_disagreement,LA30.51,Late exfoliation of teeth,VAs-10.06,K08.8,generated vas_10_06; WHO_2022_VA vas_98; WHO_2022_VA_2026 ICD-10 vas_98,accepted: native bucket (owner decision 1)
crosswalk_disagreement,LA30.5Y,Other specified anomalies in tooth resorption or loss,VAs-10.06,K08.8,generated vas_10_06; WHO_2022_VA vas_98; WHO_2022_VA_2026 ICD-10 vas_98,accepted: native bucket (owner decision 1)
crosswalk_disagreement,LA30.5Z,"Anomalies in tooth resorption or loss, unspecified",VAs-10.06,K08.8,generated vas_10_06; WHO_2022_VA vas_98; WHO_2022_VA_2026 ICD-10 vas_98,accepted: native bucket (owner decision 1)
crosswalk_disagreement,LA30.6,Amelogenesis imperfecta,VAs-10.06,K00.5,generated vas_10_06; WHO_2022_VA vas_98; WHO_2022_VA_2026 ICD-10 vas_98,accepted: native bucket (owner decision 1)
crosswalk_disagreement,LA30.7,Dentine dysplasia,VAs-10.06,K00.5,generated vas_10_06; WHO_2022_VA vas_98; WHO_2022_VA_2026 ICD-10 vas_98,accepted: native bucket (owner decision 1)
crosswalk_disagreement,LA30.8,Dentinogenesis imperfecta,VAs-10.06,K00.5,generated vas_10_06; WHO_2022_VA vas_98; WHO_2022_VA_2026 ICD-10 vas_98,accepted: native bucket (owner decision 1)
crosswalk_disagreement,LA30.9,Odontogenesis imperfecta,VAs-10.06,K00.5,generated vas_10_06; WHO_2022_VA vas_98; WHO_2022_VA_2026 ICD-10 vas_98,accepted: native bucket (owner decision 1)
crosswalk_disagreement,LA90.00,Hereditary haemorrhagic telangiectasia,VAs-10.06,I78.0,generated vas_10_06; WHO_2022_VA vas_04_99; WHO_2022_VA_2026 ICD-10 vas_04_99,accepted: native bucket (owner decision 1)
crosswalk_disagreement,LB42.3,Tight hymenal ring,VAs-10.06,N89.6,generated vas_10_06; WHO_2022_VA vas_98; WHO_2022_VA_2026 ICD-10 vas_98,accepted: native bucket (owner decision 1)
crosswalk_disagreement,LB42.5,Stricture or atresia of vagina,VAs-10.06,N89.5,generated vas_10_06; WHO_2022_VA vas_98; WHO_2022_VA_2026 ICD-10 vas_98,accepted: native bucket (owner decision 1)
crosswalk_disagreement,LC10,Dermal melanocytosis,VAs-10.06,L81.8,generated vas_10_06; WHO_2022_VA vas_98; WHO_2022_VA_2026 ICD-10 vas_98,accepted: native bucket (owner decision 1)
crosswalk_disagreement,LC52,Complex or combined developmental vascular malformations involving the skin,VAs-10.06,D18.0,generated vas_10_06; WHO_2022_VA vas_02_99; WHO_2022_VA_2026 ICD-10 vas_02_99,accepted: native bucket (owner decision 1)
crosswalk_disagreement,LD22,Syndromes with dental anomalies as a major feature,VAs-10.06,K07.9,generated vas_10_06; WHO_2022_VA vas_98; WHO_2022_VA_2026 ICD-10 vas_98,accepted: native bucket (owner decision 1)
crosswalk_disagreement,LD24.22,Cherubism,VAs-10.06,K10.8,generated vas_10_06; WHO_2022_VA vas_98; WHO_2022_VA_2026 ICD-10 vas_98,accepted: native bucket (owner decision 1)
crosswalk_disagreement,LD27.6,Genetic lipodystrophy,VAs-10.06,E88.1,generated vas_10_06; WHO_2022_VA vas_98; WHO_2022_VA_2026 ICD-10 vas_98,accepted: native bucket (owner decision 1)
crosswalk_disagreement,LD27.60,Congenital generalised lipodystrophy,VAs-10.06,E88.1,generated vas_10_06; WHO_2022_VA vas_98; WHO_2022_VA_2026 ICD-10 vas_98,accepted: native bucket (owner decision 1)
crosswalk_disagreement,LD27.6Z,"Genetic lipodystrophy, unspecified",VAs-10.06,E88.1,generated vas_10_06; WHO_2022_VA vas_98; WHO_2022_VA_2026 ICD-10 vas_98,accepted: native bucket (owner decision 1)
crosswalk_disagreement,LD2A.4,"46,XY disorder of sex development due to androgen resistance",VAs-10.06,E34.5,generated vas_10_06; WHO_2022_VA vas_98; WHO_2022_VA_2026 ICD-10 vas_98,accepted: native bucket (owner decision 1)
crosswalk_disagreement,LD44.N0,CATCH 22 phenotype,VAs-10.06,D82.1,generated vas_10_06; WHO_2022_VA vas_98; WHO_2022_VA_2026 ICD-10 vas_98,accepted: native bucket (owner decision 1)
crosswalk_disagreement,LD90.4,Rett syndrome,VAs-10.06,F84.2,generated vas_10_06; WHO_2022_VA vas_98; WHO_2022_VA_2026 ICD-10 vas_98,accepted: native bucket (owner decision 1)
crosswalk_disagreement,MA14.11,Anticitrullinated protein antibody negative,VAs-99,M06.0,generated vas_99; WHO_2022_VA vas_98; WHO_2022_VA_2026 ICD-10 vas_98,accepted: native bucket (owner decision 1)
crosswalk_disagreement,MA14.1D,Rheumatoid factor negative,VAs-99,M06.0,generated vas_99; WHO_2022_VA vas_98; WHO_2022_VA_2026 ICD-10 vas_98,accepted: native bucket (owner decision 1)
crosswalk_disagreement,MA15.0,Bacteraemia,VAs-99,A49.9,generated vas_99; WHO_2022_VA vas_01_99; WHO_2022_VA_2026 ICD-10 vas_01_99,accepted: native bucket (owner decision 1)
crosswalk_disagreement,MB21.12,Transient global amnesia,VAs-99,G45.4,generated vas_99; WHO_2022_VA -; WHO_2022_VA_2026 ICD-10 vas_98,accepted: native bucket (owner decision 1)
crosswalk_disagreement,MB40.7,Acroparaesthesia,VAs-99,I73.8,generated vas_99; WHO_2022_VA vas_04_99; WHO_2022_VA_2026 ICD-10 vas_04_99,accepted: native bucket (owner decision 1)
crosswalk_disagreement,MB43,Dyssomnia,VAs-98,G47.9,generated vas_98; WHO_2022_VA vas_99; WHO_2022_VA_2026 ICD-10 vas_99,accepted: native bucket (owner decision 1)
crosswalk_disagreement,MB52,Diplegia of lower extremities,VAs-98,R25-R29,generated vas_98; WHO_2022_VA -; WHO_2022_VA_2026 ICD-10 vas_99,accepted: native bucket (owner decision 1)
crosswalk_disagreement,MB57,Functional level of injury of spinal cord,VAs-98,R25-R29,generated vas_98; WHO_2022_VA -; WHO_2022_VA_2026 ICD-10 vas_99,accepted: native bucket (owner decision 1)
crosswalk_disagreement,MB57.0,Functional level of injury of cervical spinal cord,VAs-98,R25-R29,generated vas_98; WHO_2022_VA -; WHO_2022_VA_2026 ICD-10 vas_99,accepted: native bucket (owner decision 1)
crosswalk_disagreement,MB57.1,Functional level of injury of thoracic spinal cord,VAs-98,R25-R29,generated vas_98; WHO_2022_VA -; WHO_2022_VA_2026 ICD-10 vas_99,accepted: native bucket (owner decision 1)
crosswalk_disagreement,MB57.2,Functional level of injury of lumbar spinal cord,VAs-98,R25-R29,generated vas_98; WHO_2022_VA -; WHO_2022_VA_2026 ICD-10 vas_99,accepted: native bucket (owner decision 1)
crosswalk_disagreement,MB57.3,"Functional level of injury of spinal cord, sacrum",VAs-98,R25-R29,generated vas_98; WHO_2022_VA -; WHO_2022_VA_2026 ICD-10 vas_99,accepted: native bucket (owner decision 1)
crosswalk_disagreement,MB57.Y,Other specified functional level of injury of spinal cord,VAs-98,R25-R29,generated vas_98; WHO_2022_VA -; WHO_2022_VA_2026 ICD-10 vas_99,accepted: native bucket (owner decision 1)
crosswalk_disagreement,MB57.Z,"Functional level of injury of spinal cord, unspecified",VAs-98,R25-R29,generated vas_98; WHO_2022_VA -; WHO_2022_VA_2026 ICD-10 vas_99,accepted: native bucket (owner decision 1)
crosswalk_disagreement,MB5Y,Other specified paralytic symptoms,VAs-98,R25-R29,generated vas_98; WHO_2022_VA -; WHO_2022_VA_2026 ICD-10 vas_99,accepted: native bucket (owner decision 1)
crosswalk_disagreement,MB5Z,"Paralytic symptoms, unspecified",VAs-98,R25-R29,generated vas_98; WHO_2022_VA -; WHO_2022_VA_2026 ICD-10 vas_99,accepted: native bucket (owner decision 1)
crosswalk_disagreement,MC81.3,Paroxysmal tachycardia,VAs-99,I47,generated vas_99; WHO_2022_VA vas_04_99; WHO_2022_VA_2026 ICD-10 vas_04_99,accepted: native bucket (owner decision 1)
crosswalk_disagreement,MD80,Symptoms or signs of the orofacial complex,VAs-99,R10-R19,generated vas_99; WHO_2022_VA multiple:other_gastrointestinal_diseases|vas_99; WHO_2022_VA_2026 ICD-10 multiple:vas_06_01|vas_99,accepted: native bucket (owner decision 1)
crosswalk_disagreement,MD80.0,Symptom or complaint of the teeth or gum,VAs-99,R10-R19,generated vas_99; WHO_2022_VA multiple:other_gastrointestinal_diseases|vas_99; WHO_2022_VA_2026 ICD-10 multiple:vas_06_01|vas_99,accepted: native bucket (owner decision 1)
crosswalk_disagreement,MD80.1,"Symptom or complaint of the mouth, tongue or lip",VAs-99,R10-R19,generated vas_99; WHO_2022_VA multiple:other_gastrointestinal_diseases|vas_99; WHO_2022_VA_2026 ICD-10 multiple:vas_06_01|vas_99,accepted: native bucket (owner decision 1)
crosswalk_disagreement,MD80.Y,Other specified symptoms or signs of the orofacial complex,VAs-99,R10-R19,generated vas_99; WHO_2022_VA multiple:other_gastrointestinal_diseases|vas_99; WHO_2022_VA_2026 ICD-10 multiple:vas_06_01|vas_99,accepted: native bucket (owner decision 1)
crosswalk_disagreement,MD81,Abdominal or pelvic pain,VAs-06.01,R10,generated vas_06_01; WHO_2022_VA other_gastrointestinal_diseases; WHO_2022_VA_2026 ICD-10 vas_06_01,accepted: native bucket (owner decision 1)
crosswalk_disagreement,MD81.0,Abdominal tenderness,VAs-06.01,R10,generated vas_06_01; WHO_2022_VA other_gastrointestinal_diseases; WHO_2022_VA_2026 ICD-10 vas_06_01,accepted: native bucket (owner decision 1)
crosswalk_disagreement,MD81.1,Localised abdominal pain,VAs-06.01,R10,generated vas_06_01; WHO_2022_VA other_gastrointestinal_diseases; WHO_2022_VA_2026 ICD-10 vas_06_01,accepted: native bucket (owner decision 1)
crosswalk_disagreement,MD81.10,Pain localised to upper abdomen,VAs-06.01,R10.1,generated vas_06_01; WHO_2022_VA other_gastrointestinal_diseases; WHO_2022_VA_2026 ICD-10 vas_06_01,accepted: native bucket (owner decision 1)
crosswalk_disagreement,MD81.11,Pelvic or perineal pain,VAs-06.01,R10.2,generated vas_06_01; WHO_2022_VA other_gastrointestinal_diseases; WHO_2022_VA_2026 ICD-10 vas_06_01,accepted: native bucket (owner decision 1)
crosswalk_disagreement,MD81.12,Pain localised to other parts of lower abdomen,VAs-06.01,R10.3,generated vas_06_01; WHO_2022_VA other_gastrointestinal_diseases; WHO_2022_VA_2026 ICD-10 vas_06_01,accepted: native bucket (owner decision 1)
crosswalk_disagreement,MD81.1Z,"Localised abdominal pain, unspecified",VAs-06.01,R10,generated vas_06_01; WHO_2022_VA other_gastrointestinal_diseases; WHO_2022_VA_2026 ICD-10 vas_06_01,accepted: native bucket (owner decision 1)
crosswalk_disagreement,MD81.2,Generalised abdominal pain,VAs-06.01,R10,generated vas_06_01; WHO_2022_VA other_gastrointestinal_diseases; WHO_2022_VA_2026 ICD-10 vas_06_01,accepted: native bucket (owner decision 1)
crosswalk_disagreement,MD81.3,Acute abdomen,VAs-06.01,R10.0,generated vas_06_01; WHO_2022_VA other_gastrointestinal_diseases; WHO_2022_VA_2026 ICD-10 vas_06_01,accepted: native bucket (owner decision 1)
crosswalk_disagreement,MD81.4,Other and unspecified abdominal pain,VAs-06.01,R10.4,generated vas_06_01; WHO_2022_VA other_gastrointestinal_diseases; WHO_2022_VA_2026 ICD-10 vas_06_01,accepted: native bucket (owner decision 1)
crosswalk_disagreement,MD91,Belching,VAs-99,R10-R19,generated vas_99; WHO_2022_VA multiple:other_gastrointestinal_diseases|vas_99; WHO_2022_VA_2026 ICD-10 multiple:vas_06_01|vas_99,accepted: native bucket (owner decision 1)
crosswalk_disagreement,MD92,Dyspepsia,VAs-99,R10-R19,generated vas_99; WHO_2022_VA multiple:other_gastrointestinal_diseases|vas_99; WHO_2022_VA_2026 ICD-10 multiple:vas_06_01|vas_99,accepted: native bucket (owner decision 1)
crosswalk_disagreement,MD9Y,Other specified symptoms related to the upper gastrointestinal tract,VAs-99,R10-R19,generated vas_99; WHO_2022_VA multiple:other_gastrointestinal_diseases|vas_99; WHO_2022_VA_2026 ICD-10 multiple:vas_06_01|vas_99,accepted: native bucket (owner decision 1)
crosswalk_disagreement,ME10,Abnormalities related to hepatobiliary system,VAs-99,R10-R19,generated vas_99; WHO_2022_VA multiple:other_gastrointestinal_diseases|vas_99; WHO_2022_VA_2026 ICD-10 multiple:vas_06_01|vas_99,accepted: native bucket (owner decision 1)
crosswalk_disagreement,ME1Y,Other specified symptoms or signs involving the digestive system or abdomen,VAs-99,R10-R19,generated vas_99; WHO_2022_VA multiple:other_gastrointestinal_diseases|vas_99; WHO_2022_VA_2026 ICD-10 multiple:vas_06_01|vas_99,accepted: native bucket (owner decision 1)
crosswalk_disagreement,ME24,Clinical manifestations of the digestive system,VAs-99,K90-K93,generated vas_99; WHO_2022_VA vas_98; WHO_2022_VA_2026 ICD-10 vas_98,accepted: native bucket (owner decision 1)
crosswalk_disagreement,ME24.0,Digestive system abscess,VAs-99,K90-K93,generated vas_99; WHO_2022_VA vas_98; WHO_2022_VA_2026 ICD-10 vas_98,accepted: native bucket (owner decision 1)
crosswalk_disagreement,ME24.1,Digestive system fistula,VAs-99,K90-K93,generated vas_99; WHO_2022_VA vas_98; WHO_2022_VA_2026 ICD-10 vas_98,accepted: native bucket (owner decision 1)
crosswalk_disagreement,ME24.2,Digestive system obstruction,VAs-99,K90-K93,generated vas_99; WHO_2022_VA vas_98; WHO_2022_VA_2026 ICD-10 vas_98,accepted: native bucket (owner decision 1)
crosswalk_disagreement,ME24.3,Digestive system perforation,VAs-99,K90-K93,generated vas_99; WHO_2022_VA vas_98; WHO_2022_VA_2026 ICD-10 vas_98,accepted: native bucket (owner decision 1)
crosswalk_disagreement,ME24.30,Perforation of small intestine,VAs-99,K90-K93,generated vas_99; WHO_2022_VA vas_98; WHO_2022_VA_2026 ICD-10 vas_98,accepted: native bucket (owner decision 1)
crosswalk_disagreement,ME24.31,Perforation of large intestine,VAs-99,K90-K93,generated vas_99; WHO_2022_VA vas_98; WHO_2022_VA_2026 ICD-10 vas_98,accepted: native bucket (owner decision 1)
crosswalk_disagreement,ME24.35,Perforation of gallbladder or bile ducts,VAs-99,K90-K93,generated vas_99; WHO_2022_VA vas_98; WHO_2022_VA_2026 ICD-10 vas_98,accepted: native bucket (owner decision 1)
crosswalk_disagreement,ME24.3Y,Digestive system perforation of other specified site,VAs-99,K90-K93,generated vas_99; WHO_2022_VA vas_98; WHO_2022_VA_2026 ICD-10 vas_98,accepted: native bucket (owner decision 1)
crosswalk_disagreement,ME24.3Z,Digestive system perforation of unspecified site,VAs-99,K90-K93,generated vas_99; WHO_2022_VA vas_98; WHO_2022_VA_2026 ICD-10 vas_98,accepted: native bucket (owner decision 1)
crosswalk_disagreement,ME24.4,Digestive system stenosis,VAs-99,K90-K93,generated vas_99; WHO_2022_VA vas_98; WHO_2022_VA_2026 ICD-10 vas_98,accepted: native bucket (owner decision 1)
crosswalk_disagreement,ME24.5,Digestive system ulcer,VAs-99,K90-K93,generated vas_99; WHO_2022_VA vas_98; WHO_2022_VA_2026 ICD-10 vas_98,accepted: native bucket (owner decision 1)
crosswalk_disagreement,ME24.6,Digestive system dilatation,VAs-99,K90-K93,generated vas_99; WHO_2022_VA vas_98; WHO_2022_VA_2026 ICD-10 vas_98,accepted: native bucket (owner decision 1)
crosswalk_disagreement,ME24.7,Digestive system incarceration,VAs-99,K90-K93,generated vas_99; WHO_2022_VA vas_98; WHO_2022_VA_2026 ICD-10 vas_98,accepted: native bucket (owner decision 1)
crosswalk_disagreement,ME24.8,Digestive system strangulation or gangrene,VAs-99,K90-K93,generated vas_99; WHO_2022_VA vas_98; WHO_2022_VA_2026 ICD-10 vas_98,accepted: native bucket (owner decision 1)
crosswalk_disagreement,ME24.9,Gastrointestinal bleeding,VAs-99,K92.2,generated vas_99; WHO_2022_VA vas_98; WHO_2022_VA_2026 ICD-10 vas_98,accepted: native bucket (owner decision 1)
crosswalk_disagreement,ME24.90,"Acute gastrointestinal bleeding, not elsewhere classified",VAs-99,K92.2,generated vas_99; WHO_2022_VA vas_98; WHO_2022_VA_2026 ICD-10 vas_98,accepted: native bucket (owner decision 1)
crosswalk_disagreement,ME24.91,"Chronic gastrointestinal bleeding, not elsewhere classified",VAs-99,K92.2,generated vas_99; WHO_2022_VA vas_98; WHO_2022_VA_2026 ICD-10 vas_98,accepted: native bucket (owner decision 1)
crosswalk_disagreement,ME24.9Z,"Gastrointestinal bleeding, unspecified",VAs-99,K92.2,generated vas_99; WHO_2022_VA vas_98; WHO_2022_VA_2026 ICD-10 vas_98,accepted: native bucket (owner decision 1)
crosswalk_disagreement,ME24.A,"Other digestive system haemorrhage, not elsewhere classified",VAs-99,K92.2,generated vas_99; WHO_2022_VA vas_98; WHO_2022_VA_2026 ICD-10 vas_98,accepted: native bucket (owner decision 1)
crosswalk_disagreement,ME24.A0,Obscure gastrointestinal bleeding,VAs-99,K92.2,generated vas_99; WHO_2022_VA vas_98; WHO_2022_VA_2026 ICD-10 vas_98,accepted: native bucket (owner decision 1)
crosswalk_disagreement,ME24.A1,Haemorrhage of anus or rectum,VAs-99,K62.5,generated vas_99; WHO_2022_VA vas_98; WHO_2022_VA_2026 ICD-10 vas_98,accepted: native bucket (owner decision 1)
crosswalk_disagreement,ME24.A2,Oesophageal haemorrhage,VAs-99,K92.2,generated vas_99; WHO_2022_VA vas_98; WHO_2022_VA_2026 ICD-10 vas_98,accepted: native bucket (owner decision 1)
crosswalk_disagreement,ME24.A3,Haematochezia,VAs-99,K92.2,generated vas_99; WHO_2022_VA vas_98; WHO_2022_VA_2026 ICD-10 vas_98,accepted: native bucket (owner decision 1)
crosswalk_disagreement,ME24.A4,Melaena,VAs-99,K92.1,generated vas_99; WHO_2022_VA vas_98; WHO_2022_VA_2026 ICD-10 vas_98,accepted: native bucket (owner decision 1)
crosswalk_disagreement,ME24.A5,Haematemesis,VAs-99,K92.0,generated vas_99; WHO_2022_VA vas_98; WHO_2022_VA_2026 ICD-10 vas_98,accepted: native bucket (owner decision 1)
crosswalk_disagreement,ME24.Y,Other specified clinical manifestations of the digestive system,VAs-99,K90-K93,generated vas_99; WHO_2022_VA vas_98; WHO_2022_VA_2026 ICD-10 vas_98,accepted: native bucket (owner decision 1)
crosswalk_disagreement,ME2Y,Other specified clinical findings in the digestive system or abdomen,VAs-99,R10-R19,generated vas_99; WHO_2022_VA multiple:other_gastrointestinal_diseases|vas_99; WHO_2022_VA_2026 ICD-10 multiple:vas_06_01|vas_99,accepted: native bucket (owner decision 1)
crosswalk_disagreement,ME4Y,"Other specified symptoms, signs or clinical findings of the digestive system or abdomen",VAs-99,R10-R19,generated vas_99; WHO_2022_VA multiple:other_gastrointestinal_diseases|vas_99; WHO_2022_VA_2026 ICD-10 multiple:vas_06_01|vas_99,accepted: native bucket (owner decision 1)
crosswalk_disagreement,ME60,Skin lesion of uncertain or unspecified nature,VAs-99,L98.9,generated vas_99; WHO_2022_VA vas_98; WHO_2022_VA_2026 ICD-10 vas_98,accepted: native bucket (owner decision 1)
crosswalk_disagreement,ME60.0,Skin lesion of uncertain nature,VAs-99,L98.9,generated vas_99; WHO_2022_VA vas_98; WHO_2022_VA_2026 ICD-10 vas_98,accepted: native bucket (owner decision 1)
crosswalk_disagreement,ME60.1,Pigmented skin lesion of uncertain nature,VAs-99,L81.9,generated vas_99; WHO_2022_VA vas_98; WHO_2022_VA_2026 ICD-10 vas_98,accepted: native bucket (owner decision 1)
crosswalk_disagreement,ME60.2,Ulcer of skin of uncertain nature,VAs-99,L98.4,generated vas_99; WHO_2022_VA vas_98; WHO_2022_VA_2026 ICD-10 vas_98,accepted: native bucket (owner decision 1)
crosswalk_disagreement,ME60.3,Keratosis of skin of uncertain or unspecified nature,VAs-99,L57.0,generated vas_99; WHO_2022_VA vas_98; WHO_2022_VA_2026 ICD-10 vas_98,accepted: native bucket (owner decision 1)
crosswalk_disagreement,ME60.Z,Skin lesion of unspecified nature,VAs-99,L98.9,generated vas_99; WHO_2022_VA vas_98; WHO_2022_VA_2026 ICD-10 vas_98,accepted: native bucket (owner decision 1)
crosswalk_disagreement,ME63,Chronic skin disorder of uncertain or unspecified nature,VAs-99,L98.9,generated vas_99; WHO_2022_VA vas_98; WHO_2022_VA_2026 ICD-10 vas_98,accepted: native bucket (owner decision 1)
crosswalk_disagreement,ME63.0,Chronic erythematous skin disorder,VAs-99,L98.9,generated vas_99; WHO_2022_VA vas_98; WHO_2022_VA_2026 ICD-10 vas_98,accepted: native bucket (owner decision 1)
crosswalk_disagreement,ME63.1,Chronic urticarial skin disorder,VAs-99,L98.9,generated vas_99; WHO_2022_VA vas_98; WHO_2022_VA_2026 ICD-10 vas_98,accepted: native bucket (owner decision 1)
crosswalk_disagreement,ME63.2,Chronic papular skin disorder,VAs-99,L98.9,generated vas_99; WHO_2022_VA vas_98; WHO_2022_VA_2026 ICD-10 vas_98,accepted: native bucket (owner decision 1)
crosswalk_disagreement,ME63.3,Chronic blistering skin disorder,VAs-99,L13.9,generated vas_99; WHO_2022_VA vas_98; WHO_2022_VA_2026 ICD-10 vas_98,accepted: native bucket (owner decision 1)
crosswalk_disagreement,ME63.4,Chronic scaling or hyperkeratotic skin disorder,VAs-99,L98.9,generated vas_99; WHO_2022_VA vas_98; WHO_2022_VA_2026 ICD-10 vas_98,accepted: native bucket (owner decision 1)
crosswalk_disagreement,ME63.5,Chronic lichenified skin disorder,VAs-99,L98.9,generated vas_99; WHO_2022_VA vas_98; WHO_2022_VA_2026 ICD-10 vas_98,accepted: native bucket (owner decision 1)
crosswalk_disagreement,ME63.6,Chronic discoid or annular skin disorder,VAs-99,L98.9,generated vas_99; WHO_2022_VA vas_98; WHO_2022_VA_2026 ICD-10 vas_98,accepted: native bucket (owner decision 1)
crosswalk_disagreement,ME63.7,Chronic excoriation of skin,VAs-99,L98.9,generated vas_99; WHO_2022_VA vas_98; WHO_2022_VA_2026 ICD-10 vas_98,accepted: native bucket (owner decision 1)
crosswalk_disagreement,ME64.0,Erythema,VAs-99,L53.9,generated vas_99; WHO_2022_VA vas_98; WHO_2022_VA_2026 ICD-10 vas_98,accepted: native bucket (owner decision 1)
crosswalk_disagreement,ME66.2,Excess and redundant skin,VAs-99,L98.7,generated vas_99; WHO_2022_VA vas_98; WHO_2022_VA_2026 ICD-10 vas_98,accepted: native bucket (owner decision 1)
crosswalk_disagreement,ME67,Skin disorder of uncertain or unspecified nature,VAs-99,L98.9,generated vas_99; WHO_2022_VA vas_98; WHO_2022_VA_2026 ICD-10 vas_98,accepted: native bucket (owner decision 1)
crosswalk_disagreement,ME92.0,Wedging of vertebra,VAs-99,M48.5,generated vas_99; WHO_2022_VA vas_98; WHO_2022_VA_2026 ICD-10 vas_98,accepted: native bucket (owner decision 1)
crosswalk_disagreement,MF38,Symptom or complaint of female pelvis,VAs-99,N94.9,generated vas_99; WHO_2022_VA vas_98; WHO_2022_VA_2026 ICD-10 vas_98,accepted: native bucket (owner decision 1)
crosswalk_disagreement,MF50.20,Stress incontinence,VAs-99,N39.3,generated vas_99; WHO_2022_VA vas_98; WHO_2022_VA_2026 ICD-10 vas_98,accepted: native bucket (owner decision 1)
crosswalk_disagreement,MF50.21,Urge Incontinence,VAs-99,N39.4,generated vas_99; WHO_2022_VA vas_98; WHO_2022_VA_2026 ICD-10 vas_98,accepted: native bucket (owner decision 1)
crosswalk_disagreement,MF50.23,Functional urinary incontinence,VAs-99,N39.4,generated vas_99; WHO_2022_VA vas_98; WHO_2022_VA_2026 ICD-10 vas_98,accepted: native bucket (owner decision 1)
crosswalk_disagreement,MF50.24,Reflex incontinence,VAs-99,N39.4,generated vas_99; WHO_2022_VA vas_98; WHO_2022_VA_2026 ICD-10 vas_98,accepted: native bucket (owner decision 1)
crosswalk_disagreement,MF96.0,Orthostatic proteinuria,VAs-99,N39.2,generated vas_99; WHO_2022_VA vas_98; WHO_2022_VA_2026 ICD-10 vas_98,accepted: native bucket (owner decision 1)
crosswalk_disagreement,MG30.04,Complex regional pain syndrome,VAs-99,G90.7,generated vas_99; WHO_2022_VA vas_98; WHO_2022_VA_2026 ICD-10 vas_98,accepted: native bucket (owner decision 1)
crosswalk_disagreement,MG50,Finding of gram negative bacteria resistant to antimicrobial drugs,VAs-99,R50-R69,generated vas_99; WHO_2022_VA multiple:vas_01_99|vas_99; WHO_2022_VA_2026 ICD-10 multiple:vas_01_99|vas_99,accepted: native bucket (owner decision 1)
crosswalk_disagreement,MG50.0,Antibiotic resistant Acinetobacter baumannii,VAs-99,R50-R69,generated vas_99; WHO_2022_VA multiple:vas_01_99|vas_99; WHO_2022_VA_2026 ICD-10 multiple:vas_01_99|vas_99,accepted: native bucket (owner decision 1)
crosswalk_disagreement,MG50.00,Tetracycline resistant Acinetobacter baumannii,VAs-99,R50-R69,generated vas_99; WHO_2022_VA multiple:vas_01_99|vas_99; WHO_2022_VA_2026 ICD-10 multiple:vas_01_99|vas_99,accepted: native bucket (owner decision 1)
crosswalk_disagreement,MG50.01,Aminoglycoside resistant Acinetobacter baumannii,VAs-99,R50-R69,generated vas_99; WHO_2022_VA multiple:vas_01_99|vas_99; WHO_2022_VA_2026 ICD-10 multiple:vas_01_99|vas_99,accepted: native bucket (owner decision 1)
crosswalk_disagreement,MG50.0Y,Acinetobacter resistant to other antibiotic,VAs-99,R50-R69,generated vas_99; WHO_2022_VA multiple:vas_01_99|vas_99; WHO_2022_VA_2026 ICD-10 multiple:vas_01_99|vas_99,accepted: native bucket (owner decision 1)
crosswalk_disagreement,MG50.0Z,Acinetobacter resistant to unspecified antibiotic,VAs-99,R50-R69,generated vas_99; WHO_2022_VA multiple:vas_01_99|vas_99; WHO_2022_VA_2026 ICD-10 multiple:vas_01_99|vas_99,accepted: native bucket (owner decision 1)
crosswalk_disagreement,MG50.1,Antibiotic resistant Campylobacter,VAs-99,R50-R69,generated vas_99; WHO_2022_VA multiple:vas_01_99|vas_99; WHO_2022_VA_2026 ICD-10 multiple:vas_01_99|vas_99,accepted: native bucket (owner decision 1)
crosswalk_disagreement,MG50.1Y,Other specified antibiotic resistant Campylobacter,VAs-99,R50-R69,generated vas_99; WHO_2022_VA multiple:vas_01_99|vas_99; WHO_2022_VA_2026 ICD-10 multiple:vas_01_99|vas_99,accepted: native bucket (owner decision 1)
crosswalk_disagreement,MG50.1Z,Campylobacter resistant to unspecified antibiotic,VAs-99,R50-R69,generated vas_99; WHO_2022_VA multiple:vas_01_99|vas_99; WHO_2022_VA_2026 ICD-10 multiple:vas_01_99|vas_99,accepted: native bucket (owner decision 1)
crosswalk_disagreement,MG50.2,Antibiotic resistant Escherichia coli,VAs-99,R50-R69,generated vas_99; WHO_2022_VA multiple:vas_01_99|vas_99; WHO_2022_VA_2026 ICD-10 multiple:vas_01_99|vas_99,accepted: native bucket (owner decision 1)
crosswalk_disagreement,MG50.20,Sulfonamide or trimethoprim resistant Escherichia coli,VAs-99,R50-R69,generated vas_99; WHO_2022_VA multiple:vas_01_99|vas_99; WHO_2022_VA_2026 ICD-10 multiple:vas_01_99|vas_99,accepted: native bucket (owner decision 1)
crosswalk_disagreement,MG50.21,Fluoroquinolone resistant Escherichia coli,VAs-99,R50-R69,generated vas_99; WHO_2022_VA multiple:vas_01_99|vas_99; WHO_2022_VA_2026 ICD-10 multiple:vas_01_99|vas_99,accepted: native bucket (owner decision 1)
crosswalk_disagreement,MG50.23,Fourth-generation cephalosporins resistant Escherichia coli,VAs-99,R50-R69,generated vas_99; WHO_2022_VA multiple:vas_01_99|vas_99; WHO_2022_VA_2026 ICD-10 multiple:vas_01_99|vas_99,accepted: native bucket (owner decision 1)
crosswalk_disagreement,MG50.26,Penicillin resistant Escherichia coli,VAs-99,R50-R69,generated vas_99; WHO_2022_VA multiple:vas_01_99|vas_99; WHO_2022_VA_2026 ICD-10 multiple:vas_01_99|vas_99,accepted: native bucket (owner decision 1)
crosswalk_disagreement,MG50.2Y,Escherichia coli resistant to other antibiotic,VAs-99,R50-R69,generated vas_99; WHO_2022_VA multiple:vas_01_99|vas_99; WHO_2022_VA_2026 ICD-10 multiple:vas_01_99|vas_99,accepted: native bucket (owner decision 1)
crosswalk_disagreement,MG50.2Z,Escherichia coli resistant to unspecified antibiotic,VAs-99,R50-R69,generated vas_99; WHO_2022_VA multiple:vas_01_99|vas_99; WHO_2022_VA_2026 ICD-10 multiple:vas_01_99|vas_99,accepted: native bucket (owner decision 1)
crosswalk_disagreement,MG50.3,Antibiotic resistant Haemophilus influenzae,VAs-99,R50-R69,generated vas_99; WHO_2022_VA multiple:vas_01_99|vas_99; WHO_2022_VA_2026 ICD-10 multiple:vas_01_99|vas_99,accepted: native bucket (owner decision 1)
crosswalk_disagreement,MG50.30,Ampicillin resistant Haemophilus influenzae,VAs-99,R50-R69,generated vas_99; WHO_2022_VA multiple:vas_01_99|vas_99; WHO_2022_VA_2026 ICD-10 multiple:vas_01_99|vas_99,accepted: native bucket (owner decision 1)
crosswalk_disagreement,MG50.3Y,Other specified antibiotic resistant Haemophilus influenzae,VAs-99,R50-R69,generated vas_99; WHO_2022_VA multiple:vas_01_99|vas_99; WHO_2022_VA_2026 ICD-10 multiple:vas_01_99|vas_99,accepted: native bucket (owner decision 1)
crosswalk_disagreement,MG50.3Z,"Antibiotic resistant Haemophilus influenzae, unspecified",VAs-99,R50-R69,generated vas_99; WHO_2022_VA multiple:vas_01_99|vas_99; WHO_2022_VA_2026 ICD-10 multiple:vas_01_99|vas_99,accepted: native bucket (owner decision 1)
crosswalk_disagreement,MG50.4,Antibiotic resistant Helicobacter pylori,VAs-99,R50-R69,generated vas_99; WHO_2022_VA multiple:vas_01_99|vas_99; WHO_2022_VA_2026 ICD-10 multiple:vas_01_99|vas_99,accepted: native bucket (owner decision 1)
crosswalk_disagreement,MG50.40,Clarithromycin resistant Helicobacter pylori,VAs-99,R50-R69,generated vas_99; WHO_2022_VA multiple:vas_01_99|vas_99; WHO_2022_VA_2026 ICD-10 multiple:vas_01_99|vas_99,accepted: native bucket (owner decision 1)
crosswalk_disagreement,MG50.4Y,Other specified antibiotic resistant Helicobacter pylori,VAs-99,R50-R69,generated vas_99; WHO_2022_VA multiple:vas_01_99|vas_99; WHO_2022_VA_2026 ICD-10 multiple:vas_01_99|vas_99,accepted: native bucket (owner decision 1)
crosswalk_disagreement,MG50.4Z,"Antibiotic resistant Helicobacter pylori, unspecified",VAs-99,R50-R69,generated vas_99; WHO_2022_VA multiple:vas_01_99|vas_99; WHO_2022_VA_2026 ICD-10 multiple:vas_01_99|vas_99,accepted: native bucket (owner decision 1)
crosswalk_disagreement,MG50.5,Antibiotic resistant Klebsiella pneumoniae,VAs-99,R50-R69,generated vas_99; WHO_2022_VA multiple:vas_01_99|vas_99; WHO_2022_VA_2026 ICD-10 multiple:vas_01_99|vas_99,accepted: native bucket (owner decision 1)
crosswalk_disagreement,MG50.50,Sulfonamide or trimethoprim resistant Klebsiella pneumoniae,VAs-99,R50-R69,generated vas_99; WHO_2022_VA multiple:vas_01_99|vas_99; WHO_2022_VA_2026 ICD-10 multiple:vas_01_99|vas_99,accepted: native bucket (owner decision 1)
crosswalk_disagreement,MG50.51,Fluoroquinolone resistant Klebsiella pneumoniae,VAs-99,R50-R69,generated vas_99; WHO_2022_VA multiple:vas_01_99|vas_99; WHO_2022_VA_2026 ICD-10 multiple:vas_01_99|vas_99,accepted: native bucket (owner decision 1)
crosswalk_disagreement,MG50.53,Fourth-generation cephalosporin resistant Klebsiella pneumoniae,VAs-99,R50-R69,generated vas_99; WHO_2022_VA multiple:vas_01_99|vas_99; WHO_2022_VA_2026 ICD-10 multiple:vas_01_99|vas_99,accepted: native bucket (owner decision 1)
crosswalk_disagreement,MG50.5Y,Klebsiella pneumoniae resistant to other antibiotic,VAs-99,R50-R69,generated vas_99; WHO_2022_VA multiple:vas_01_99|vas_99; WHO_2022_VA_2026 ICD-10 multiple:vas_01_99|vas_99,accepted: native bucket (owner decision 1)
crosswalk_disagreement,MG50.5Z,Klebsiella pneumoniae resistant to unspecified antibiotic,VAs-99,R50-R69,generated vas_99; WHO_2022_VA multiple:vas_01_99|vas_99; WHO_2022_VA_2026 ICD-10 multiple:vas_01_99|vas_99,accepted: native bucket (owner decision 1)
crosswalk_disagreement,MG50.6,Antibiotic resistant Neisseria gonorrhoeae,VAs-99,R50-R69,generated vas_99; WHO_2022_VA multiple:vas_01_99|vas_99; WHO_2022_VA_2026 ICD-10 multiple:vas_01_99|vas_99,accepted: native bucket (owner decision 1)
crosswalk_disagreement,MG50.60,Third generation cephalosporin resistant Neisseria gonorrhoeae,VAs-99,R50-R69,generated vas_99; WHO_2022_VA multiple:vas_01_99|vas_99; WHO_2022_VA_2026 ICD-10 multiple:vas_01_99|vas_99,accepted: native bucket (owner decision 1)
crosswalk_disagreement,MG50.61,Macrolide resistant Neisseria gonorrhoeae,VAs-99,R50-R69,generated vas_99; WHO_2022_VA multiple:vas_01_99|vas_99; WHO_2022_VA_2026 ICD-10 multiple:vas_01_99|vas_99,accepted: native bucket (owner decision 1)
crosswalk_disagreement,MG50.62,Aminocyclitol resistant Neisseria gonorrhoeae,VAs-99,R50-R69,generated vas_99; WHO_2022_VA multiple:vas_01_99|vas_99; WHO_2022_VA_2026 ICD-10 multiple:vas_01_99|vas_99,accepted: native bucket (owner decision 1)
crosswalk_disagreement,MG50.63,Fluoroquinolone resistant Neisseria gonorrhoeae,VAs-99,R50-R69,generated vas_99; WHO_2022_VA multiple:vas_01_99|vas_99; WHO_2022_VA_2026 ICD-10 multiple:vas_01_99|vas_99,accepted: native bucket (owner decision 1)
crosswalk_disagreement,MG50.64,Aminoglycoside resistant Neisseria gonorrhoeae,VAs-99,R50-R69,generated vas_99; WHO_2022_VA multiple:vas_01_99|vas_99; WHO_2022_VA_2026 ICD-10 multiple:vas_01_99|vas_99,accepted: native bucket (owner decision 1)
crosswalk_disagreement,MG50.6Y,Neisseria gonorrhoeae resistant to other antibiotic,VAs-99,R50-R69,generated vas_99; WHO_2022_VA multiple:vas_01_99|vas_99; WHO_2022_VA_2026 ICD-10 multiple:vas_01_99|vas_99,accepted: native bucket (owner decision 1)
crosswalk_disagreement,MG50.6Z,Neisseria gonorrhoeae resistant to unspecified antibiotic,VAs-99,R50-R69,generated vas_99; WHO_2022_VA multiple:vas_01_99|vas_99; WHO_2022_VA_2026 ICD-10 multiple:vas_01_99|vas_99,accepted: native bucket (owner decision 1)
crosswalk_disagreement,MG50.7,Antibiotic resistant Neisseria meningitidis,VAs-99,R50-R69,generated vas_99; WHO_2022_VA multiple:vas_01_99|vas_99; WHO_2022_VA_2026 ICD-10 multiple:vas_01_99|vas_99,accepted: native bucket (owner decision 1)
crosswalk_disagreement,MG50.70,Penicillin resistant Neisseria meningitidis,VAs-99,R50-R69,generated vas_99; WHO_2022_VA multiple:vas_01_99|vas_99; WHO_2022_VA_2026 ICD-10 multiple:vas_01_99|vas_99,accepted: native bucket (owner decision 1)
crosswalk_disagreement,MG50.7Y,Other specified antibiotic resistant Neisseria meningitidis,VAs-99,R50-R69,generated vas_99; WHO_2022_VA multiple:vas_01_99|vas_99; WHO_2022_VA_2026 ICD-10 multiple:vas_01_99|vas_99,accepted: native bucket (owner decision 1)
crosswalk_disagreement,MG50.7Z,"Antibiotic resistant Neisseria meningitidis, unspecified",VAs-99,R50-R69,generated vas_99; WHO_2022_VA multiple:vas_01_99|vas_99; WHO_2022_VA_2026 ICD-10 multiple:vas_01_99|vas_99,accepted: native bucket (owner decision 1)
crosswalk_disagreement,MG50.8,Antibiotic resistant Pseudomonas aeruginosa,VAs-99,R50-R69,generated vas_99; WHO_2022_VA multiple:vas_01_99|vas_99; WHO_2022_VA_2026 ICD-10 multiple:vas_01_99|vas_99,accepted: native bucket (owner decision 1)
crosswalk_disagreement,MG50.8Y,Pseudomonas aeruginosa resistant to other antibiotic,VAs-99,R50-R69,generated vas_99; WHO_2022_VA multiple:vas_01_99|vas_99; WHO_2022_VA_2026 ICD-10 multiple:vas_01_99|vas_99,accepted: native bucket (owner decision 1)
crosswalk_disagreement,MG50.8Z,Pseudomonas aeruginosa resistant to unspecified antibiotic,VAs-99,R50-R69,generated vas_99; WHO_2022_VA multiple:vas_01_99|vas_99; WHO_2022_VA_2026 ICD-10 multiple:vas_01_99|vas_99,accepted: native bucket (owner decision 1)
crosswalk_disagreement,MG50.9,Antibiotic resistant Salmonella,VAs-99,R50-R69,generated vas_99; WHO_2022_VA multiple:vas_01_99|vas_99; WHO_2022_VA_2026 ICD-10 multiple:vas_01_99|vas_99,accepted: native bucket (owner decision 1)
crosswalk_disagreement,MG50.92,Carbapenem resistant Salmonella,VAs-99,R50-R69,generated vas_99; WHO_2022_VA multiple:vas_01_99|vas_99; WHO_2022_VA_2026 ICD-10 multiple:vas_01_99|vas_99,accepted: native bucket (owner decision 1)
crosswalk_disagreement,MG50.9Y,Salmonella resistant to other antibiotic,VAs-99,R50-R69,generated vas_99; WHO_2022_VA multiple:vas_01_99|vas_99; WHO_2022_VA_2026 ICD-10 multiple:vas_01_99|vas_99,accepted: native bucket (owner decision 1)
crosswalk_disagreement,MG50.9Z,Salmonella resistant to unspecified antibiotic,VAs-99,R50-R69,generated vas_99; WHO_2022_VA multiple:vas_01_99|vas_99; WHO_2022_VA_2026 ICD-10 multiple:vas_01_99|vas_99,accepted: native bucket (owner decision 1)
crosswalk_disagreement,MG50.A,Antibiotic resistant Shigella,VAs-99,R50-R69,generated vas_99; WHO_2022_VA multiple:vas_01_99|vas_99; WHO_2022_VA_2026 ICD-10 multiple:vas_01_99|vas_99,accepted: native bucket (owner decision 1)
crosswalk_disagreement,MG50.A0,Carbapenem resistant Shigella,VAs-99,R50-R69,generated vas_99; WHO_2022_VA multiple:vas_01_99|vas_99; WHO_2022_VA_2026 ICD-10 multiple:vas_01_99|vas_99,accepted: native bucket (owner decision 1)
crosswalk_disagreement,MG50.A2,Third-generation cephalosporins resistant Shigella,VAs-99,R50-R69,generated vas_99; WHO_2022_VA multiple:vas_01_99|vas_99; WHO_2022_VA_2026 ICD-10 multiple:vas_01_99|vas_99,accepted: native bucket (owner decision 1)
crosswalk_disagreement,MG50.A3,Macrolides resistant Shigella,VAs-99,R50-R69,generated vas_99; WHO_2022_VA multiple:vas_01_99|vas_99; WHO_2022_VA_2026 ICD-10 multiple:vas_01_99|vas_99,accepted: native bucket (owner decision 1)
crosswalk_disagreement,MG50.AY,Shigella resistant to other antibiotic,VAs-99,R50-R69,generated vas_99; WHO_2022_VA multiple:vas_01_99|vas_99; WHO_2022_VA_2026 ICD-10 multiple:vas_01_99|vas_99,accepted: native bucket (owner decision 1)
crosswalk_disagreement,MG50.AZ,Shigella resistant to unspecified antibiotic,VAs-99,R50-R69,generated vas_99; WHO_2022_VA multiple:vas_01_99|vas_99; WHO_2022_VA_2026 ICD-10 multiple:vas_01_99|vas_99,accepted: native bucket (owner decision 1)
crosswalk_disagreement,MG50.B,Antibiotic resistant Vibrio,VAs-99,R50-R69,generated vas_99; WHO_2022_VA multiple:vas_01_99|vas_99; WHO_2022_VA_2026 ICD-10 multiple:vas_01_99|vas_99,accepted: native bucket (owner decision 1)
crosswalk_disagreement,MG50.BY,Vibrio resistant to other antibiotic,VAs-99,R50-R69,generated vas_99; WHO_2022_VA multiple:vas_01_99|vas_99; WHO_2022_VA_2026 ICD-10 multiple:vas_01_99|vas_99,accepted: native bucket (owner decision 1)
crosswalk_disagreement,MG50.BZ,Vibrio resistant to unspecified antibiotic,VAs-99,R50-R69,generated vas_99; WHO_2022_VA multiple:vas_01_99|vas_99; WHO_2022_VA_2026 ICD-10 multiple:vas_01_99|vas_99,accepted: native bucket (owner decision 1)
crosswalk_disagreement,MG50.Y,Other specified finding of gram negative bacteria resistant to antimicrobial drugs,VAs-99,R50-R69,generated vas_99; WHO_2022_VA multiple:vas_01_99|vas_99; WHO_2022_VA_2026 ICD-10 multiple:vas_01_99|vas_99,accepted: native bucket (owner decision 1)
crosswalk_disagreement,MG50.Z,"Finding of gram negative bacteria resistant to antimicrobial drugs, unspecified",VAs-99,R50-R69,generated vas_99; WHO_2022_VA multiple:vas_01_99|vas_99; WHO_2022_VA_2026 ICD-10 multiple:vas_01_99|vas_99,accepted: native bucket (owner decision 1)
crosswalk_disagreement,MG51,Finding of gram positive bacteria resistant to antimicrobial drugs,VAs-99,R50-R69,generated vas_99; WHO_2022_VA multiple:vas_01_99|vas_99; WHO_2022_VA_2026 ICD-10 multiple:vas_01_99|vas_99,accepted: native bucket (owner decision 1)
crosswalk_disagreement,MG51.0,Antibiotic resistant Staphylococcus aureus,VAs-99,R50-R69,generated vas_99; WHO_2022_VA multiple:vas_01_99|vas_99; WHO_2022_VA_2026 ICD-10 multiple:vas_01_99|vas_99,accepted: native bucket (owner decision 1)
crosswalk_disagreement,MG51.02,Penicillinase-stable beta lactams resistant Staphylococcus aureus other than Methicillin resistant Staphylococcus aureus,VAs-99,R50-R69,generated vas_99; WHO_2022_VA multiple:vas_01_99|vas_99; WHO_2022_VA_2026 ICD-10 multiple:vas_01_99|vas_99,accepted: native bucket (owner decision 1)
crosswalk_disagreement,MG51.0Y,Other specified antibiotic resistant Staphylococcus aureus,VAs-99,R50-R69,generated vas_99; WHO_2022_VA multiple:vas_01_99|vas_99; WHO_2022_VA_2026 ICD-10 multiple:vas_01_99|vas_99,accepted: native bucket (owner decision 1)
crosswalk_disagreement,MG51.0Z,"Antibiotic resistant Staphylococcus aureus, unspecified",VAs-99,R50-R69,generated vas_99; WHO_2022_VA multiple:vas_01_99|vas_99; WHO_2022_VA_2026 ICD-10 multiple:vas_01_99|vas_99,accepted: native bucket (owner decision 1)
crosswalk_disagreement,MG51.1,Antibiotic resistant Streptococcus pneumoniae,VAs-99,R50-R69,generated vas_99; WHO_2022_VA multiple:vas_01_99|vas_99; WHO_2022_VA_2026 ICD-10 multiple:vas_01_99|vas_99,accepted: native bucket (owner decision 1)
crosswalk_disagreement,MG51.11,Sulfonamide and trimethoprim resistant Streptococcus pneumoniae,VAs-99,R50-R69,generated vas_99; WHO_2022_VA multiple:vas_01_99|vas_99; WHO_2022_VA_2026 ICD-10 multiple:vas_01_99|vas_99,accepted: native bucket (owner decision 1)
crosswalk_disagreement,MG51.12,Third-generation cephalosporins resistant Streptococcus pneumoniae,VAs-99,R50-R69,generated vas_99; WHO_2022_VA multiple:vas_01_99|vas_99; WHO_2022_VA_2026 ICD-10 multiple:vas_01_99|vas_99,accepted: native bucket (owner decision 1)
crosswalk_disagreement,MG51.1Y,Streptococcus pneumoniae resistant to other antibiotic,VAs-99,R50-R69,generated vas_99; WHO_2022_VA multiple:vas_01_99|vas_99; WHO_2022_VA_2026 ICD-10 multiple:vas_01_99|vas_99,accepted: native bucket (owner decision 1)
crosswalk_disagreement,MG51.1Z,Streptococcus pneumoniae resistant to unspecified antibiotic,VAs-99,R50-R69,generated vas_99; WHO_2022_VA multiple:vas_01_99|vas_99; WHO_2022_VA_2026 ICD-10 multiple:vas_01_99|vas_99,accepted: native bucket (owner decision 1)
crosswalk_disagreement,MG51.2,Antibiotic resistant Enterococcus,VAs-99,R50-R69,generated vas_99; WHO_2022_VA multiple:vas_01_99|vas_99; WHO_2022_VA_2026 ICD-10 multiple:vas_01_99|vas_99,accepted: native bucket (owner decision 1)
crosswalk_disagreement,MG51.2Y,Enterococcus resistant to other antibiotic,VAs-99,R50-R69,generated vas_99; WHO_2022_VA multiple:vas_01_99|vas_99; WHO_2022_VA_2026 ICD-10 multiple:vas_01_99|vas_99,accepted: native bucket (owner decision 1)
crosswalk_disagreement,MG51.2Z,Enterococcus resistant to unspecified antibiotic,VAs-99,R50-R69,generated vas_99; WHO_2022_VA multiple:vas_01_99|vas_99; WHO_2022_VA_2026 ICD-10 multiple:vas_01_99|vas_99,accepted: native bucket (owner decision 1)
crosswalk_disagreement,MG51.Y,Other specified finding of gram positive bacteria resistant to antimicrobial drugs,VAs-99,R50-R69,generated vas_99; WHO_2022_VA multiple:vas_01_99|vas_99; WHO_2022_VA_2026 ICD-10 multiple:vas_01_99|vas_99,accepted: native bucket (owner decision 1)
crosswalk_disagreement,MG51.Z,"Finding of gram positive bacteria resistant to antimicrobial drugs, unspecified",VAs-99,R50-R69,generated vas_99; WHO_2022_VA multiple:vas_01_99|vas_99; WHO_2022_VA_2026 ICD-10 multiple:vas_01_99|vas_99,accepted: native bucket (owner decision 1)
crosswalk_disagreement,MG52,"Finding of bacteria, neither gram negative nor positive, resistant to antimicrobial drugs",VAs-99,R50-R69,generated vas_99; WHO_2022_VA multiple:vas_01_99|vas_99; WHO_2022_VA_2026 ICD-10 multiple:vas_01_99|vas_99,accepted: native bucket (owner decision 1)
crosswalk_disagreement,MG52.Y,"Other specified finding of bacteria, neither gram negative nor positive, resistant to antimicrobial drugs",VAs-99,R50-R69,generated vas_99; WHO_2022_VA multiple:vas_01_99|vas_99; WHO_2022_VA_2026 ICD-10 multiple:vas_01_99|vas_99,accepted: native bucket (owner decision 1)
crosswalk_disagreement,MG52.Z,"Finding of bacteria, neither gram negative nor positive, resistant to antimicrobial drugs, unspecified",VAs-99,R50-R69,generated vas_99; WHO_2022_VA multiple:vas_01_99|vas_99; WHO_2022_VA_2026 ICD-10 multiple:vas_01_99|vas_99,accepted: native bucket (owner decision 1)
crosswalk_disagreement,MG56,Finding of microorganism resistant to other multiple antimicrobial drugs,VAs-99,R50-R69,generated vas_99; WHO_2022_VA multiple:vas_01_99|vas_99; WHO_2022_VA_2026 ICD-10 multiple:vas_01_99|vas_99,accepted: native bucket (owner decision 1)
crosswalk_disagreement,MG5Y,Finding of other microorganism resistant to antimicrobial drugs,VAs-99,R50-R69,generated vas_99; WHO_2022_VA multiple:vas_01_99|vas_99; WHO_2022_VA_2026 ICD-10 multiple:vas_01_99|vas_99,accepted: native bucket (owner decision 1)
crosswalk_disagreement,MG5Z,"Finding of microorganism resistant to antimicrobial drugs, unspecified",VAs-99,R50-R69,generated vas_99; WHO_2022_VA multiple:vas_01_99|vas_99; WHO_2022_VA_2026 ICD-10 multiple:vas_01_99|vas_99,accepted: native bucket (owner decision 1)
crosswalk_disagreement,MG70,Abnormal diagnostic imaging results not elsewhere classified,VAs-99,R50-R69,generated vas_99; WHO_2022_VA multiple:vas_01_99|vas_99; WHO_2022_VA_2026 ICD-10 multiple:vas_01_99|vas_99,accepted: native bucket (owner decision 1)
crosswalk_disagreement,MG71,"Abnormal laboratory results, not elsewhere classified",VAs-99,R50-R69,generated vas_99; WHO_2022_VA multiple:vas_01_99|vas_99; WHO_2022_VA_2026 ICD-10 multiple:vas_01_99|vas_99,accepted: native bucket (owner decision 1)
crosswalk_disagreement,MG71.0,Abnormal findings on neonatal screening,VAs-99,R50-R69,generated vas_99; WHO_2022_VA multiple:vas_01_99|vas_99; WHO_2022_VA_2026 ICD-10 multiple:vas_01_99|vas_99,accepted: native bucket (owner decision 1)
crosswalk_disagreement,MG71.Y,"Other specified abnormal laboratory results, not elsewhere classified",VAs-99,R50-R69,generated vas_99; WHO_2022_VA multiple:vas_01_99|vas_99; WHO_2022_VA_2026 ICD-10 multiple:vas_01_99|vas_99,accepted: native bucket (owner decision 1)
crosswalk_disagreement,MG71.Z,"Abnormal laboratory results, not elsewhere classified, unspecified",VAs-99,R50-R69,generated vas_99; WHO_2022_VA multiple:vas_01_99|vas_99; WHO_2022_VA_2026 ICD-10 multiple:vas_01_99|vas_99,accepted: native bucket (owner decision 1)
crosswalk_disagreement,MG7Y,"Other specified abnormal results, not elsewhere classified",VAs-99,R50-R69,generated vas_99; WHO_2022_VA multiple:vas_01_99|vas_99; WHO_2022_VA_2026 ICD-10 multiple:vas_01_99|vas_99,accepted: native bucket (owner decision 1)
crosswalk_disagreement,MG7Z,"Abnormal results, not elsewhere classified, unspecified",VAs-99,R50-R69,generated vas_99; WHO_2022_VA multiple:vas_01_99|vas_99; WHO_2022_VA_2026 ICD-10 multiple:vas_01_99|vas_99,accepted: native bucket (owner decision 1)
crosswalk_disagreement,MH10,Brain death,VAs-99,R95-R99,generated vas_99; WHO_2022_VA vas_99; WHO_2022_VA_2026 ICD-10 multiple:vas_10_99|vas_99,accepted: native bucket (owner decision 1)
crosswalk_disagreement,MH11,Sudden infant death syndrome,VAs-10.99,R95,generated vas_10_99; WHO_2022_VA vas_99; WHO_2022_VA_2026 ICD-10 vas_10_99,accepted: native bucket (owner decision 1)
crosswalk_disagreement,MH11.0,Sudden infant death syndrome with mention of autopsy,VAs-10.99,R95.0,generated vas_10_99; WHO_2022_VA vas_99; WHO_2022_VA_2026 ICD-10 vas_10_99,accepted: native bucket (owner decision 1)
crosswalk_disagreement,MH11.1,Sudden infant death syndrome without autopsy,VAs-10.99,R95.9,generated vas_10_99; WHO_2022_VA vas_99; WHO_2022_VA_2026 ICD-10 vas_10_99,accepted: native bucket (owner decision 1)
crosswalk_disagreement,MH11.Z,"Sudden infant death syndrome, unspecified",VAs-10.99,R95,generated vas_10_99; WHO_2022_VA vas_99; WHO_2022_VA_2026 ICD-10 vas_10_99,accepted: native bucket (owner decision 1)
crosswalk_disagreement,MH15,Sudden unexpected death in epilepsy,VAs-99,R95-R99,generated vas_99; WHO_2022_VA vas_99; WHO_2022_VA_2026 ICD-10 multiple:vas_10_99|vas_99,accepted: native bucket (owner decision 1)
crosswalk_disagreement,PA00,Unintentional land transport traffic event injuring a pedestrian,VAs-12.01,V01-V09,generated vas_12_01; WHO_2022_VA multiple:vas_12_01|vas_12_02; WHO_2022_VA_2026 ICD-10 multiple:vas_12_01|vas_12_02,accepted: native bucket (owner decision 1)
crosswalk_disagreement,PA01,Unintentional land transport traffic event injuring the user of a pedestrian conveyance,VAs-12.01,V01-X59,generated vas_12_01; WHO_2022_VA multiple:vas_12_01|vas_12_02|vas_12_03|vas_12_04|vas_12_05|vas_12_06|vas_12_07|vas_12_10|vas_12_99; WHO_2022_VA_2026 ICD-10 multiple:vas_12_01|vas_12_02|vas_12_03|vas_12_04|vas_12_05|vas_12_06|vas_12_07|vas_12_10|vas_12_99,accepted: native bucket (owner decision 1)
crosswalk_disagreement,PA02,Unintentional land transport traffic event injuring a pedal cyclist,VAs-12.01,V10-V19,generated vas_12_01; WHO_2022_VA multiple:vas_12_01|vas_12_02; WHO_2022_VA_2026 ICD-10 multiple:vas_12_01|vas_12_02,accepted: native bucket (owner decision 1)
crosswalk_disagreement,PA03,Unintentional land transport traffic event injuring a motor cyclist,VAs-12.01,V20-V29,generated vas_12_01; WHO_2022_VA multiple:vas_12_01|vas_12_02; WHO_2022_VA_2026 ICD-10 multiple:vas_12_01|vas_12_02,accepted: native bucket (owner decision 1)
crosswalk_disagreement,PA04,Unintentional land transport traffic event injuring a car occupant,VAs-12.01,V40-V49,generated vas_12_01; WHO_2022_VA multiple:vas_12_01|vas_12_02; WHO_2022_VA_2026 ICD-10 multiple:vas_12_01|vas_12_02,accepted: native bucket (owner decision 1)
crosswalk_disagreement,PA05,Unintentional land transport traffic event injuring an occupant of a bus or coach,VAs-12.01,V70-V79,generated vas_12_01; WHO_2022_VA multiple:vas_12_01|vas_12_02; WHO_2022_VA_2026 ICD-10 multiple:vas_12_01|vas_12_02,accepted: native bucket (owner decision 1)
crosswalk_disagreement,PA06,Unintentional land transport traffic event injuring an occupant of a light goods vehicle,VAs-12.01,V50-V59,generated vas_12_01; WHO_2022_VA multiple:vas_12_01|vas_12_02; WHO_2022_VA_2026 ICD-10 multiple:vas_12_01|vas_12_02,accepted: native bucket (owner decision 1)
crosswalk_disagreement,PA07,Unintentional land transport traffic event injuring an occupant of a heavy goods vehicle,VAs-12.01,V60-V69,generated vas_12_01; WHO_2022_VA multiple:vas_12_01|vas_12_02; WHO_2022_VA_2026 ICD-10 multiple:vas_12_01|vas_12_02,accepted: native bucket (owner decision 1)
crosswalk_disagreement,PA08,Unintentional land transport traffic event injuring an occupant of a streetcar or tram,VAs-12.01,V82,generated vas_12_01; WHO_2022_VA vas_12_02; WHO_2022_VA_2026 ICD-10 vas_12_02,owner review (digitva-712.6)
crosswalk_disagreement,PA09,Unintentional land transport traffic event injuring an occupant of a low powered passenger vehicle,VAs-12.01,V30-V39,generated vas_12_01; WHO_2022_VA multiple:vas_12_01|vas_12_02; WHO_2022_VA_2026 ICD-10 multiple:vas_12_01|vas_12_02,accepted: native bucket (owner decision 1)
crosswalk_disagreement,PA0A,Unintentional land transport traffic event injuring a user of a special vehicle mainly used in agriculture,VAs-12.01,V84,generated vas_12_01; WHO_2022_VA vas_12_02; WHO_2022_VA_2026 ICD-10 vas_12_02,owner review (digitva-712.6)
crosswalk_disagreement,PA0B,Unintentional land transport traffic event injuring a user of a special vehicle mainly used on industrial premises,VAs-12.01,V83,generated vas_12_01; WHO_2022_VA vas_12_02; WHO_2022_VA_2026 ICD-10 vas_12_02,owner review (digitva-712.6)
crosswalk_disagreement,PA0C,Unintentional land transport traffic event injuring a user of a special construction vehicle,VAs-12.01,V85,generated vas_12_01; WHO_2022_VA vas_12_02; WHO_2022_VA_2026 ICD-10 vas_12_02,owner review (digitva-712.6)
crosswalk_disagreement,PA0D,Unintentional land transport traffic event injuring a user of an all-terrain vehicle,VAs-12.01,V86,generated vas_12_01; WHO_2022_VA vas_12_02; WHO_2022_VA_2026 ICD-10 vas_12_02,owner review (digitva-712.6)
crosswalk_disagreement,PA0E,Unintentional land transport traffic event injuring a rider of an animal,VAs-12.01,V01-X59,generated vas_12_01; WHO_2022_VA multiple:vas_12_01|vas_12_02|vas_12_03|vas_12_04|vas_12_05|vas_12_06|vas_12_07|vas_12_10|vas_12_99; WHO_2022_VA_2026 ICD-10 multiple:vas_12_01|vas_12_02|vas_12_03|vas_12_04|vas_12_05|vas_12_06|vas_12_07|vas_12_10|vas_12_99,accepted: native bucket (owner decision 1)
crosswalk_disagreement,PA0F,Unintentional land transport traffic event injuring an occupant of an animal-drawn vehicle,VAs-12.01,V01-X59,generated vas_12_01; WHO_2022_VA multiple:vas_12_01|vas_12_02|vas_12_03|vas_12_04|vas_12_05|vas_12_06|vas_12_07|vas_12_10|vas_12_99; WHO_2022_VA_2026 ICD-10 multiple:vas_12_01|vas_12_02|vas_12_03|vas_12_04|vas_12_05|vas_12_06|vas_12_07|vas_12_10|vas_12_99,accepted: native bucket (owner decision 1)
crosswalk_disagreement,PA0Y,Unintentional land transport traffic event injuring a user of other specified land transport,VAs-12.01,V01-X59,generated vas_12_01; WHO_2022_VA multiple:vas_12_01|vas_12_02|vas_12_03|vas_12_04|vas_12_05|vas_12_06|vas_12_07|vas_12_10|vas_12_99; WHO_2022_VA_2026 ICD-10 multiple:vas_12_01|vas_12_02|vas_12_03|vas_12_04|vas_12_05|vas_12_06|vas_12_07|vas_12_10|vas_12_99,accepted: native bucket (owner decision 1)
crosswalk_disagreement,PA0Z,Unintentional land transport traffic event injuring a user of unspecified land transport,VAs-12.01,V01-X59,generated vas_12_01; WHO_2022_VA multiple:vas_12_01|vas_12_02|vas_12_03|vas_12_04|vas_12_05|vas_12_06|vas_12_07|vas_12_10|vas_12_99; WHO_2022_VA_2026 ICD-10 multiple:vas_12_01|vas_12_02|vas_12_03|vas_12_04|vas_12_05|vas_12_06|vas_12_07|vas_12_10|vas_12_99,accepted: native bucket (owner decision 1)
crosswalk_disagreement,PA10,Unintentional land transport nontraffic event injuring a pedestrian,VAs-12.02,V01-X59,generated vas_12_02; WHO_2022_VA multiple:vas_12_01|vas_12_02|vas_12_03|vas_12_04|vas_12_05|vas_12_06|vas_12_07|vas_12_10|vas_12_99; WHO_2022_VA_2026 ICD-10 multiple:vas_12_01|vas_12_02|vas_12_03|vas_12_04|vas_12_05|vas_12_06|vas_12_07|vas_12_10|vas_12_99,accepted: native bucket (owner decision 1)
crosswalk_disagreement,PA11,Unintentional land transport nontraffic event injuring the user of a pedestrian conveyance,VAs-12.02,V01-X59,generated vas_12_02; WHO_2022_VA multiple:vas_12_01|vas_12_02|vas_12_03|vas_12_04|vas_12_05|vas_12_06|vas_12_07|vas_12_10|vas_12_99; WHO_2022_VA_2026 ICD-10 multiple:vas_12_01|vas_12_02|vas_12_03|vas_12_04|vas_12_05|vas_12_06|vas_12_07|vas_12_10|vas_12_99,accepted: native bucket (owner decision 1)
crosswalk_disagreement,PA12,Unintentional land transport nontraffic event injuring a pedal cyclist,VAs-12.02,V01-X59,generated vas_12_02; WHO_2022_VA multiple:vas_12_01|vas_12_02|vas_12_03|vas_12_04|vas_12_05|vas_12_06|vas_12_07|vas_12_10|vas_12_99; WHO_2022_VA_2026 ICD-10 multiple:vas_12_01|vas_12_02|vas_12_03|vas_12_04|vas_12_05|vas_12_06|vas_12_07|vas_12_10|vas_12_99,accepted: native bucket (owner decision 1)
crosswalk_disagreement,PA13,Unintentional land transport nontraffic event injuring a motor cyclist,VAs-12.02,V01-X59,generated vas_12_02; WHO_2022_VA multiple:vas_12_01|vas_12_02|vas_12_03|vas_12_04|vas_12_05|vas_12_06|vas_12_07|vas_12_10|vas_12_99; WHO_2022_VA_2026 ICD-10 multiple:vas_12_01|vas_12_02|vas_12_03|vas_12_04|vas_12_05|vas_12_06|vas_12_07|vas_12_10|vas_12_99,accepted: native bucket (owner decision 1)
crosswalk_disagreement,PA14,Unintentional land transport nontraffic event injuring a car occupant,VAs-12.02,V01-X59,generated vas_12_02; WHO_2022_VA multiple:vas_12_01|vas_12_02|vas_12_03|vas_12_04|vas_12_05|vas_12_06|vas_12_07|vas_12_10|vas_12_99; WHO_2022_VA_2026 ICD-10 multiple:vas_12_01|vas_12_02|vas_12_03|vas_12_04|vas_12_05|vas_12_06|vas_12_07|vas_12_10|vas_12_99,accepted: native bucket (owner decision 1)
crosswalk_disagreement,PA16,Unintentional land transport nontraffic event injuring an occupant of a light goods vehicle,VAs-12.02,V01-X59,generated vas_12_02; WHO_2022_VA multiple:vas_12_01|vas_12_02|vas_12_03|vas_12_04|vas_12_05|vas_12_06|vas_12_07|vas_12_10|vas_12_99; WHO_2022_VA_2026 ICD-10 multiple:vas_12_01|vas_12_02|vas_12_03|vas_12_04|vas_12_05|vas_12_06|vas_12_07|vas_12_10|vas_12_99,accepted: native bucket (owner decision 1)
crosswalk_disagreement,PA17,Unintentional land transport nontraffic event injuring an occupant of a heavy goods vehicle,VAs-12.02,V01-X59,generated vas_12_02; WHO_2022_VA multiple:vas_12_01|vas_12_02|vas_12_03|vas_12_04|vas_12_05|vas_12_06|vas_12_07|vas_12_10|vas_12_99; WHO_2022_VA_2026 ICD-10 multiple:vas_12_01|vas_12_02|vas_12_03|vas_12_04|vas_12_05|vas_12_06|vas_12_07|vas_12_10|vas_12_99,accepted: native bucket (owner decision 1)
crosswalk_disagreement,PA18,Unintentional land transport nontraffic event injuring an occupant of a streetcar or tram,VAs-12.02,V01-X59,generated vas_12_02; WHO_2022_VA multiple:vas_12_01|vas_12_02|vas_12_03|vas_12_04|vas_12_05|vas_12_06|vas_12_07|vas_12_10|vas_12_99; WHO_2022_VA_2026 ICD-10 multiple:vas_12_01|vas_12_02|vas_12_03|vas_12_04|vas_12_05|vas_12_06|vas_12_07|vas_12_10|vas_12_99,accepted: native bucket (owner decision 1)
crosswalk_disagreement,PA19,Unintentional land transport nontraffic event injuring an occupant of a low powered passenger vehicle,VAs-12.02,V01-X59,generated vas_12_02; WHO_2022_VA multiple:vas_12_01|vas_12_02|vas_12_03|vas_12_04|vas_12_05|vas_12_06|vas_12_07|vas_12_10|vas_12_99; WHO_2022_VA_2026 ICD-10 multiple:vas_12_01|vas_12_02|vas_12_03|vas_12_04|vas_12_05|vas_12_06|vas_12_07|vas_12_10|vas_12_99,accepted: native bucket (owner decision 1)
crosswalk_disagreement,PA1E,Unintentional land transport nontraffic event injuring a rider of an animal,VAs-12.02,V01-X59,generated vas_12_02; WHO_2022_VA multiple:vas_12_01|vas_12_02|vas_12_03|vas_12_04|vas_12_05|vas_12_06|vas_12_07|vas_12_10|vas_12_99; WHO_2022_VA_2026 ICD-10 multiple:vas_12_01|vas_12_02|vas_12_03|vas_12_04|vas_12_05|vas_12_06|vas_12_07|vas_12_10|vas_12_99,accepted: native bucket (owner decision 1)
crosswalk_disagreement,PA1F,Unintentional land transport nontraffic event injuring an occupant of an animal-drawn vehicle,VAs-12.02,V01-X59,generated vas_12_02; WHO_2022_VA multiple:vas_12_01|vas_12_02|vas_12_03|vas_12_04|vas_12_05|vas_12_06|vas_12_07|vas_12_10|vas_12_99; WHO_2022_VA_2026 ICD-10 multiple:vas_12_01|vas_12_02|vas_12_03|vas_12_04|vas_12_05|vas_12_06|vas_12_07|vas_12_10|vas_12_99,accepted: native bucket (owner decision 1)
crosswalk_disagreement,PA1Y,Unintentional land transport nontraffic event injuring a user of other specified land transport,VAs-12.02,V01-X59,generated vas_12_02; WHO_2022_VA multiple:vas_12_01|vas_12_02|vas_12_03|vas_12_04|vas_12_05|vas_12_06|vas_12_07|vas_12_10|vas_12_99; WHO_2022_VA_2026 ICD-10 multiple:vas_12_01|vas_12_02|vas_12_03|vas_12_04|vas_12_05|vas_12_06|vas_12_07|vas_12_10|vas_12_99,accepted: native bucket (owner decision 1)
crosswalk_disagreement,PA1Z,Unintentional land transport nontraffic event injuring a user of unknown or unspecified land transport,VAs-12.02,V01-X59,generated vas_12_02; WHO_2022_VA multiple:vas_12_01|vas_12_02|vas_12_03|vas_12_04|vas_12_05|vas_12_06|vas_12_07|vas_12_10|vas_12_99; WHO_2022_VA_2026 ICD-10 multiple:vas_12_01|vas_12_02|vas_12_03|vas_12_04|vas_12_05|vas_12_06|vas_12_07|vas_12_10|vas_12_99,accepted: native bucket (owner decision 1)
crosswalk_disagreement,PA21,Unintentional land transport event unknown whether traffic or nontraffic injuring the user of a pedestrian conveyance,VAs-12.02,V01-X59,generated vas_12_02; WHO_2022_VA multiple:vas_12_01|vas_12_02|vas_12_03|vas_12_04|vas_12_05|vas_12_06|vas_12_07|vas_12_10|vas_12_99; WHO_2022_VA_2026 ICD-10 multiple:vas_12_01|vas_12_02|vas_12_03|vas_12_04|vas_12_05|vas_12_06|vas_12_07|vas_12_10|vas_12_99,accepted: native bucket (owner decision 1)
crosswalk_disagreement,PA22,Unintentional land transport event unknown whether traffic or nontraffic injuring a pedal cyclist,VAs-12.01,V01-X59,generated vas_12_01; WHO_2022_VA multiple:vas_12_01|vas_12_02|vas_12_03|vas_12_04|vas_12_05|vas_12_06|vas_12_07|vas_12_10|vas_12_99; WHO_2022_VA_2026 ICD-10 multiple:vas_12_01|vas_12_02|vas_12_03|vas_12_04|vas_12_05|vas_12_06|vas_12_07|vas_12_10|vas_12_99,owner decision 17
crosswalk_disagreement,PA23,Unintentional land transport event unknown whether traffic or nontraffic injuring a motor cyclist,VAs-12.01,V01-X59,generated vas_12_01; WHO_2022_VA multiple:vas_12_01|vas_12_02|vas_12_03|vas_12_04|vas_12_05|vas_12_06|vas_12_07|vas_12_10|vas_12_99; WHO_2022_VA_2026 ICD-10 multiple:vas_12_01|vas_12_02|vas_12_03|vas_12_04|vas_12_05|vas_12_06|vas_12_07|vas_12_10|vas_12_99,owner decision 17
crosswalk_disagreement,PA24,Unintentional land transport event unknown whether traffic or nontraffic injuring a car occupant,VAs-12.01,V01-X59,generated vas_12_01; WHO_2022_VA multiple:vas_12_01|vas_12_02|vas_12_03|vas_12_04|vas_12_05|vas_12_06|vas_12_07|vas_12_10|vas_12_99; WHO_2022_VA_2026 ICD-10 multiple:vas_12_01|vas_12_02|vas_12_03|vas_12_04|vas_12_05|vas_12_06|vas_12_07|vas_12_10|vas_12_99,owner decision 17
crosswalk_disagreement,PA25,Unintentional land transport event unknown whether traffic or nontraffic injuring an occupant of a bus or coach,VAs-12.01,V01-X59,generated vas_12_01; WHO_2022_VA multiple:vas_12_01|vas_12_02|vas_12_03|vas_12_04|vas_12_05|vas_12_06|vas_12_07|vas_12_10|vas_12_99; WHO_2022_VA_2026 ICD-10 multiple:vas_12_01|vas_12_02|vas_12_03|vas_12_04|vas_12_05|vas_12_06|vas_12_07|vas_12_10|vas_12_99,owner decision 17
crosswalk_disagreement,PA26,Unintentional land transport event unknown whether traffic or nontraffic injuring an occupant of a light goods vehicle,VAs-12.01,V01-X59,generated vas_12_01; WHO_2022_VA multiple:vas_12_01|vas_12_02|vas_12_03|vas_12_04|vas_12_05|vas_12_06|vas_12_07|vas_12_10|vas_12_99; WHO_2022_VA_2026 ICD-10 multiple:vas_12_01|vas_12_02|vas_12_03|vas_12_04|vas_12_05|vas_12_06|vas_12_07|vas_12_10|vas_12_99,owner decision 17
crosswalk_disagreement,PA27,Unintentional land transport event unknown whether traffic or nontraffic injuring an occupant of a heavy goods vehicle,VAs-12.01,V01-X59,generated vas_12_01; WHO_2022_VA multiple:vas_12_01|vas_12_02|vas_12_03|vas_12_04|vas_12_05|vas_12_06|vas_12_07|vas_12_10|vas_12_99; WHO_2022_VA_2026 ICD-10 multiple:vas_12_01|vas_12_02|vas_12_03|vas_12_04|vas_12_05|vas_12_06|vas_12_07|vas_12_10|vas_12_99,owner decision 17
crosswalk_disagreement,PA28,Unintentional land transport event unknown whether traffic or nontraffic injuring an occupant of a streetcar or tram,VAs-12.01,V01-X59,generated vas_12_01; WHO_2022_VA multiple:vas_12_01|vas_12_02|vas_12_03|vas_12_04|vas_12_05|vas_12_06|vas_12_07|vas_12_10|vas_12_99; WHO_2022_VA_2026 ICD-10 multiple:vas_12_01|vas_12_02|vas_12_03|vas_12_04|vas_12_05|vas_12_06|vas_12_07|vas_12_10|vas_12_99,owner decision 17
crosswalk_disagreement,PA29,Unintentional land transport event unknown whether traffic or nontraffic injuring an occupant of a low powered passenger vehicle,VAs-12.01,V01-X59,generated vas_12_01; WHO_2022_VA multiple:vas_12_01|vas_12_02|vas_12_03|vas_12_04|vas_12_05|vas_12_06|vas_12_07|vas_12_10|vas_12_99; WHO_2022_VA_2026 ICD-10 multiple:vas_12_01|vas_12_02|vas_12_03|vas_12_04|vas_12_05|vas_12_06|vas_12_07|vas_12_10|vas_12_99,owner decision 17
crosswalk_disagreement,PA2A,Unintentional land transport event unknown whether traffic or nontraffic injuring an occupant of a special vehicle mainly used in agriculture,VAs-12.02,V01-X59,generated vas_12_02; WHO_2022_VA multiple:vas_12_01|vas_12_02|vas_12_03|vas_12_04|vas_12_05|vas_12_06|vas_12_07|vas_12_10|vas_12_99; WHO_2022_VA_2026 ICD-10 multiple:vas_12_01|vas_12_02|vas_12_03|vas_12_04|vas_12_05|vas_12_06|vas_12_07|vas_12_10|vas_12_99,accepted: native bucket (owner decision 1)
crosswalk_disagreement,PA2B,Unintentional land transport event unknown whether traffic or nontraffic injuring an occupant of a special vehicle mainly used on industrial premises,VAs-12.02,V01-X59,generated vas_12_02; WHO_2022_VA multiple:vas_12_01|vas_12_02|vas_12_03|vas_12_04|vas_12_05|vas_12_06|vas_12_07|vas_12_10|vas_12_99; WHO_2022_VA_2026 ICD-10 multiple:vas_12_01|vas_12_02|vas_12_03|vas_12_04|vas_12_05|vas_12_06|vas_12_07|vas_12_10|vas_12_99,accepted: native bucket (owner decision 1)
crosswalk_disagreement,PA2C,Unintentional land transport event unknown whether traffic or nontraffic injuring an occupant of a special construction vehicle,VAs-12.02,V01-X59,generated vas_12_02; WHO_2022_VA multiple:vas_12_01|vas_12_02|vas_12_03|vas_12_04|vas_12_05|vas_12_06|vas_12_07|vas_12_10|vas_12_99; WHO_2022_VA_2026 ICD-10 multiple:vas_12_01|vas_12_02|vas_12_03|vas_12_04|vas_12_05|vas_12_06|vas_12_07|vas_12_10|vas_12_99,accepted: native bucket (owner decision 1)
crosswalk_disagreement,PA2D,Unintentional land transport event unknown whether traffic or nontraffic injuring an occupant of an all-terrain vehicle,VAs-12.02,V01-X59,generated vas_12_02; WHO_2022_VA multiple:vas_12_01|vas_12_02|vas_12_03|vas_12_04|vas_12_05|vas_12_06|vas_12_07|vas_12_10|vas_12_99; WHO_2022_VA_2026 ICD-10 multiple:vas_12_01|vas_12_02|vas_12_03|vas_12_04|vas_12_05|vas_12_06|vas_12_07|vas_12_10|vas_12_99,accepted: native bucket (owner decision 1)
crosswalk_disagreement,PA2Y,Unintentional land transport injury event unknown whether traffic or nontraffic injuring a user of other specified transport,VAs-12.01,V01-X59,generated vas_12_01; WHO_2022_VA multiple:vas_12_01|vas_12_02|vas_12_03|vas_12_04|vas_12_05|vas_12_06|vas_12_07|vas_12_10|vas_12_99; WHO_2022_VA_2026 ICD-10 multiple:vas_12_01|vas_12_02|vas_12_03|vas_12_04|vas_12_05|vas_12_06|vas_12_07|vas_12_10|vas_12_99,owner decision 17
crosswalk_disagreement,PA2Z,Unintentional land transport injury event unknown whether traffic or nontraffic injuring a user of unspecified transport,VAs-12.01,V01-X59,generated vas_12_01; WHO_2022_VA multiple:vas_12_01|vas_12_02|vas_12_03|vas_12_04|vas_12_05|vas_12_06|vas_12_07|vas_12_10|vas_12_99; WHO_2022_VA_2026 ICD-10 multiple:vas_12_01|vas_12_02|vas_12_03|vas_12_04|vas_12_05|vas_12_06|vas_12_07|vas_12_10|vas_12_99,owner decision 17
crosswalk_disagreement,PA30,Unintentional railway transport injury event with collision or derailment,VAs-12.02,V01-X59,generated vas_12_02; WHO_2022_VA multiple:vas_12_01|vas_12_02|vas_12_03|vas_12_04|vas_12_05|vas_12_06|vas_12_07|vas_12_10|vas_12_99; WHO_2022_VA_2026 ICD-10 multiple:vas_12_01|vas_12_02|vas_12_03|vas_12_04|vas_12_05|vas_12_06|vas_12_07|vas_12_10|vas_12_99,accepted: native bucket (owner decision 1)
crosswalk_disagreement,PA31,Unintentional railway transport injury event without collision or derailment,VAs-12.02,V01-X59,generated vas_12_02; WHO_2022_VA multiple:vas_12_01|vas_12_02|vas_12_03|vas_12_04|vas_12_05|vas_12_06|vas_12_07|vas_12_10|vas_12_99; WHO_2022_VA_2026 ICD-10 multiple:vas_12_01|vas_12_02|vas_12_03|vas_12_04|vas_12_05|vas_12_06|vas_12_07|vas_12_10|vas_12_99,accepted: native bucket (owner decision 1)
crosswalk_disagreement,PA3Z,Unintentional railway transport injury event of unspecified type,VAs-12.02,V01-X59,generated vas_12_02; WHO_2022_VA multiple:vas_12_01|vas_12_02|vas_12_03|vas_12_04|vas_12_05|vas_12_06|vas_12_07|vas_12_10|vas_12_99; WHO_2022_VA_2026 ICD-10 multiple:vas_12_01|vas_12_02|vas_12_03|vas_12_04|vas_12_05|vas_12_06|vas_12_07|vas_12_10|vas_12_99,accepted: native bucket (owner decision 1)
crosswalk_disagreement,PA5Y,Other specified unintentional transport injury event,VAs-12.02,V01-X59,generated vas_12_02; WHO_2022_VA multiple:vas_12_01|vas_12_02|vas_12_03|vas_12_04|vas_12_05|vas_12_06|vas_12_07|vas_12_10|vas_12_99; WHO_2022_VA_2026 ICD-10 multiple:vas_12_01|vas_12_02|vas_12_03|vas_12_04|vas_12_05|vas_12_06|vas_12_07|vas_12_10|vas_12_99,accepted: native bucket (owner decision 1)
crosswalk_disagreement,PA5Z,"Unintentional transport injury event, unspecified",VAs-12.02,V01-X59,generated vas_12_02; WHO_2022_VA multiple:vas_12_01|vas_12_02|vas_12_03|vas_12_04|vas_12_05|vas_12_06|vas_12_07|vas_12_10|vas_12_99; WHO_2022_VA_2026 ICD-10 multiple:vas_12_01|vas_12_02|vas_12_03|vas_12_04|vas_12_05|vas_12_06|vas_12_07|vas_12_10|vas_12_99,accepted: native bucket (owner decision 1)
crosswalk_disagreement,PA92,Unintentional injury other than drowning following fall into body of water,VAs-12.04,W16,generated vas_12_04; WHO_2022_VA vas_12_03; WHO_2022_VA_2026 ICD-10 vas_12_03,owner review (digitva-712.6)
crosswalk_disagreement,PB10,Unintentional exposure to uncontrolled fire,VAs-12.05,W00-X59,generated vas_12_05; WHO_2022_VA multiple:vas_12_03|vas_12_04|vas_12_05|vas_12_06|vas_12_07|vas_12_10|vas_12_99; WHO_2022_VA_2026 ICD-10 multiple:vas_12_03|vas_12_04|vas_12_05|vas_12_06|vas_12_07|vas_12_10|vas_12_99,accepted: native bucket (owner decision 1)
crosswalk_disagreement,PB11,Unintentional exposure to controlled fire,VAs-12.05,W00-X59,generated vas_12_05; WHO_2022_VA multiple:vas_12_03|vas_12_04|vas_12_05|vas_12_06|vas_12_07|vas_12_10|vas_12_99; WHO_2022_VA_2026 ICD-10 multiple:vas_12_03|vas_12_04|vas_12_05|vas_12_06|vas_12_07|vas_12_10|vas_12_99,accepted: native bucket (owner decision 1)
crosswalk_disagreement,PB12,Unintentional exposure to ignition or melting of material,VAs-12.05,W00-X59,generated vas_12_05; WHO_2022_VA multiple:vas_12_03|vas_12_04|vas_12_05|vas_12_06|vas_12_07|vas_12_10|vas_12_99; WHO_2022_VA_2026 ICD-10 multiple:vas_12_03|vas_12_04|vas_12_05|vas_12_06|vas_12_07|vas_12_10|vas_12_99,accepted: native bucket (owner decision 1)
crosswalk_disagreement,PB13,Unintentional contact with hot object or liquid,VAs-12.05,W00-X59,generated vas_12_05; WHO_2022_VA multiple:vas_12_03|vas_12_04|vas_12_05|vas_12_06|vas_12_07|vas_12_10|vas_12_99; WHO_2022_VA_2026 ICD-10 multiple:vas_12_03|vas_12_04|vas_12_05|vas_12_06|vas_12_07|vas_12_10|vas_12_99,accepted: native bucket (owner decision 1)
crosswalk_disagreement,PB14,"Unintentional exposure to steam, hot vapour, air or gases",VAs-12.05,W00-X59,generated vas_12_05; WHO_2022_VA multiple:vas_12_03|vas_12_04|vas_12_05|vas_12_06|vas_12_07|vas_12_10|vas_12_99; WHO_2022_VA_2026 ICD-10 multiple:vas_12_03|vas_12_04|vas_12_05|vas_12_06|vas_12_07|vas_12_10|vas_12_99,accepted: native bucket (owner decision 1)
crosswalk_disagreement,PB15,Unintentional exposure to excessive heat,VAs-12.05,W92,generated vas_12_05; WHO_2022_VA vas_12_99; WHO_2022_VA_2026 ICD-10 vas_12_99,accepted: native bucket (owner decision 1)
crosswalk_disagreement,PB1Y,Unintentional exposure to other specified thermal mechanism,VAs-12.05,W00-X59,generated vas_12_05; WHO_2022_VA multiple:vas_12_03|vas_12_04|vas_12_05|vas_12_06|vas_12_07|vas_12_10|vas_12_99; WHO_2022_VA_2026 ICD-10 multiple:vas_12_03|vas_12_04|vas_12_05|vas_12_06|vas_12_07|vas_12_10|vas_12_99,accepted: native bucket (owner decision 1)
crosswalk_disagreement,PB1Z,Unintentional exposure to unspecified thermal mechanism,VAs-12.05,W00-X59,generated vas_12_05; WHO_2022_VA multiple:vas_12_03|vas_12_04|vas_12_05|vas_12_06|vas_12_07|vas_12_10|vas_12_99; WHO_2022_VA_2026 ICD-10 multiple:vas_12_03|vas_12_04|vas_12_05|vas_12_06|vas_12_07|vas_12_10|vas_12_99,accepted: native bucket (owner decision 1)
crosswalk_disagreement,PB52,Unintentional exposure to sunlight,VAs-12.99,X32,generated vas_12_99; WHO_2022_VA vas_12_10; WHO_2022_VA_2026 ICD-10 vas_12_10,accepted: native bucket (owner decision 1)
crosswalk_disagreement,PB55,Unintentional exposure to explosion,VAs-12.05,V01-X59,generated vas_12_05; WHO_2022_VA multiple:vas_12_01|vas_12_02|vas_12_03|vas_12_04|vas_12_05|vas_12_06|vas_12_07|vas_12_10|vas_12_99; WHO_2022_VA_2026 ICD-10 multiple:vas_12_01|vas_12_02|vas_12_03|vas_12_04|vas_12_05|vas_12_06|vas_12_07|vas_12_10|vas_12_99,accepted: native bucket (owner decision 1)
crosswalk_disagreement,PB55.0,Unintentional exposure to chemical explosion,VAs-12.05,V01-X59,generated vas_12_05; WHO_2022_VA multiple:vas_12_01|vas_12_02|vas_12_03|vas_12_04|vas_12_05|vas_12_06|vas_12_07|vas_12_10|vas_12_99; WHO_2022_VA_2026 ICD-10 multiple:vas_12_01|vas_12_02|vas_12_03|vas_12_04|vas_12_05|vas_12_06|vas_12_07|vas_12_10|vas_12_99,accepted: native bucket (owner decision 1)
crosswalk_disagreement,PB55.1,Unintentional exposure to explosion or rupture of pressurised materials or object,VAs-12.05,V01-X59,generated vas_12_05; WHO_2022_VA multiple:vas_12_01|vas_12_02|vas_12_03|vas_12_04|vas_12_05|vas_12_06|vas_12_07|vas_12_10|vas_12_99; WHO_2022_VA_2026 ICD-10 multiple:vas_12_01|vas_12_02|vas_12_03|vas_12_04|vas_12_05|vas_12_06|vas_12_07|vas_12_10|vas_12_99,accepted: native bucket (owner decision 1)
crosswalk_disagreement,PB55.Y,Other specified unintentional exposure to explosion,VAs-12.05,V01-X59,generated vas_12_05; WHO_2022_VA multiple:vas_12_01|vas_12_02|vas_12_03|vas_12_04|vas_12_05|vas_12_06|vas_12_07|vas_12_10|vas_12_99; WHO_2022_VA_2026 ICD-10 multiple:vas_12_01|vas_12_02|vas_12_03|vas_12_04|vas_12_05|vas_12_06|vas_12_07|vas_12_10|vas_12_99,accepted: native bucket (owner decision 1)
crosswalk_disagreement,PB55.Z,"Unintentional exposure to explosion, unspecified",VAs-12.05,V01-X59,generated vas_12_05; WHO_2022_VA multiple:vas_12_01|vas_12_02|vas_12_03|vas_12_04|vas_12_05|vas_12_06|vas_12_07|vas_12_10|vas_12_99; WHO_2022_VA_2026 ICD-10 multiple:vas_12_01|vas_12_02|vas_12_03|vas_12_04|vas_12_05|vas_12_06|vas_12_07|vas_12_10|vas_12_99,accepted: native bucket (owner decision 1)
crosswalk_disagreement,PB59,Unintentional other specified privation,VAs-12.99,V01-X59,generated vas_12_99; WHO_2022_VA multiple:vas_12_01|vas_12_02|vas_12_03|vas_12_04|vas_12_05|vas_12_06|vas_12_07|vas_12_10|vas_12_99; WHO_2022_VA_2026 ICD-10 multiple:vas_12_01|vas_12_02|vas_12_03|vas_12_04|vas_12_05|vas_12_06|vas_12_07|vas_12_10|vas_12_99,accepted: native bucket (owner decision 1)
crosswalk_disagreement,PB5A,Unintentional abandonment,VAs-12.99,Y06,generated vas_12_99; WHO_2022_VA vas_12_09; WHO_2022_VA_2026 ICD-10 vas_12_09,accepted: native bucket (owner decision 1)
crosswalk_disagreement,PB5B,Unintentional neglect,VAs-12.99,Y06,generated vas_12_99; WHO_2022_VA vas_12_09; WHO_2022_VA_2026 ICD-10 vas_12_09,accepted: native bucket (owner decision 1)
crosswalk_disagreement,PB6Y,Other unintentional cause of morbidity or mortality,VAs-12.99,V01-X59,generated vas_12_99; WHO_2022_VA multiple:vas_12_01|vas_12_02|vas_12_03|vas_12_04|vas_12_05|vas_12_06|vas_12_07|vas_12_10|vas_12_99; WHO_2022_VA_2026 ICD-10 multiple:vas_12_01|vas_12_02|vas_12_03|vas_12_04|vas_12_05|vas_12_06|vas_12_07|vas_12_10|vas_12_99,accepted: native bucket (owner decision 1)
crosswalk_disagreement,PB6Z,Unspecified unintentional cause of morbidity or mortality,VAs-12.99,V01-X59,generated vas_12_99; WHO_2022_VA multiple:vas_12_01|vas_12_02|vas_12_03|vas_12_04|vas_12_05|vas_12_06|vas_12_07|vas_12_10|vas_12_99; WHO_2022_VA_2026 ICD-10 multiple:vas_12_01|vas_12_02|vas_12_03|vas_12_04|vas_12_05|vas_12_06|vas_12_07|vas_12_10|vas_12_99,accepted: native bucket (owner decision 1)
crosswalk_disagreement,RA00,Conditions of uncertain aetiology and emergency use,VAs-99,U00-U49,generated vas_99; WHO_2022_VA vas_01_13; WHO_2022_VA_2026 ICD-10 vas_01_13,owner decision 5b
crosswalk_disagreement,RA00.0,Vaping related disorder,VAs-99,U07.0,generated vas_99; WHO_2022_VA vas_01_13; WHO_2022_VA_2026 ICD-10 vas_01_13,owner decision 5b
crosswalk_disagreement,RA04,International emergency code 05,VAs-99,U00-U49,generated vas_99; WHO_2022_VA vas_01_13; WHO_2022_VA_2026 ICD-10 vas_01_13,owner decision 5b
crosswalk_disagreement,RA05,International emergency code 06,VAs-99,U00-U49,generated vas_99; WHO_2022_VA vas_01_13; WHO_2022_VA_2026 ICD-10 vas_01_13,owner decision 5b
crosswalk_disagreement,RA06,International emergency code 07,VAs-99,U00-U49,generated vas_99; WHO_2022_VA vas_01_13; WHO_2022_VA_2026 ICD-10 vas_01_13,owner decision 5b
crosswalk_disagreement,RA07,International emergency code 08,VAs-99,U00-U49,generated vas_99; WHO_2022_VA vas_01_13; WHO_2022_VA_2026 ICD-10 vas_01_13,owner decision 5b
crosswalk_disagreement,RA08,International emergency code 09,VAs-99,U00-U49,generated vas_99; WHO_2022_VA vas_01_13; WHO_2022_VA_2026 ICD-10 vas_01_13,owner decision 5b
crosswalk_disagreement,RA09,International emergency code 10,VAs-99,U00-U49,generated vas_99; WHO_2022_VA vas_01_13; WHO_2022_VA_2026 ICD-10 vas_01_13,owner decision 5b
