locale_code,item_kind,item_key,field,text
hi,question,Id10002,guidance_hint,"<span style=""color:blue"">इस प्रश्न का उत्तर VA साक्षात्कार से पहले प्रोजेक्ट कार्यालय द्वारा तय किया जाना चाहिए। HIV/AIDS की उच्च मृत्यु दर अध्ययन आबादी में HIV से होने वाली किसी विशेष मृत्यु दर पर आधारित नहीं है, बल्कि उस क्षेत्र की मृत्यु दर पर आधारित है जहाँ वह आबादी स्थित है। आमतौर पर पूर्वी और दक्षिणी अफ्रीका के सभी देशों को उच्च मृत्यु दर वाला और AFRO, SEARO, WPRO तथा PAHO के शेष क्षेत्रों को कम या बहुत कम मृत्यु दर वाला माना जाता है। उच्च (HIGH) का अर्थ है >1% मृत्यु, कम (LOW) का अर्थ है लगभग 0.1% और बहुत कम (VERY LOW) का अर्थ है <0.01%। साक्षात्कार के दौरान इसे भरना अनिवार्य नहीं है; प्रोजेक्ट कार्यालय इस प्रश्न को साक्षात्कारकर्ताओं से छिपा सकता है।</span>"
hi,question,Id10003,guidance_hint,"<span style=""color:blue"">इस प्रश्न का उत्तर VA साक्षात्कार से पहले प्रोजेक्ट कार्यालय द्वारा तय किया जाना चाहिए। मलेरिया की उच्च मृत्यु दर अध्ययन आबादी में मलेरिया से होने वाली किसी विशेष मृत्यु दर पर आधारित नहीं है, बल्कि उस क्षेत्र में मलेरिया के प्रसार पर आधारित है जहाँ वह आबादी स्थित है। आमतौर पर पूर्वी और दक्षिणी अफ्रीका के सभी देशों को उच्च मृत्यु दर वाला और AFRO, SEARO, WPRO तथा PAHO के शेष क्षेत्रों को कम या बहुत कम मृत्यु दर वाला माना जाता है। उच्च (HIGH) का अर्थ है 1% से अधिक मृत्यु, कम (LOW) का अर्थ है लगभग 0.1% और बहुत कम (VERY LOW) का अर्थ है <0.01%। साक्षात्कार के दौरान इसे भरना अनिवार्य नहीं है; प्रोजेक्ट कार्यालय इस प्रश्न को साक्षात्कारकर्ताओं से छिपा सकता है।</span>"
hi,question,Id10004,guidance_hint,"<span style=""color:blue"">प्रोजेक्ट टीम को गीले या सूखे के रूप में वर्गीकृत महीनों की सूची उपलब्ध करानी चाहिए। उपलब्ध कराई गई सूची के अनुसार गीला या सूखा चुनें। यह जानकारी कैसे भरी जाती है, यह साइट के अनुसार अलग-अलग होता है, लेकिन आदर्श रूप से इसे केंद्रीय कार्यालय द्वारा भरा जाता है; और यदि केंद्रीय कार्यालय से परामर्श के बाद जानकारी अलग तरह से सत्यापित होती है, तो साक्षात्कारकर्ता उसे संपादित कर सकते हैं।</span>"
hi,question,Id10007,constraint_message,उत्तरदाता के नाम में केवल अक्षर और स्पेस हो सकते हैं
hi,question,Id10007,guidance_hint,"<span style=""color:blue"">उत्तरदाता द्वारा बताया गया नाम दर्ज करें। नाम मानक रूप में इस प्रकार दर्ज करें: पहला नाम (दिया गया नाम), उपनाम। यह प्रश्न मृत्यु के कारण के निर्धारण के लिए आवश्यक नहीं है और इसे छोड़ा जा सकता है।</span>"
hi,question,Id10007a,guidance_hint,"<span style=""color:blue"">उत्तरदाता का लिंग महिला, पुरुष या अस्पष्ट/इंटरसेक्स के रूप में दर्ज करें।</span>"
hi,question,Id10007b,constraint_message,उत्तरदाता वयस्क होना चाहिए और 90 वर्ष से अधिक आयु का नहीं होना चाहिए
hi,question,Id10007b,guidance_hint,"<span style=""color:blue"">उत्तरदाता की आयु वर्षों में दर्ज करें। यह प्रश्न मृत्यु के कारण के निर्धारण के लिए आवश्यक नहीं है और इसे छोड़ा जा सकता है।</span>"
hi,question,Id10008,guidance_hint,"<span style=""color:blue"">पहले जाँच लें कि उत्तरदाता परिवार का सदस्य है या नहीं, और केवल तभी जब वह परिवार का सदस्य न हो, अन्य उत्तर श्रेणियों में से चुनें, जैसे “स्वास्थ्य कर्मी”, “सरकारी अधिकारी” या “कोई अन्य संबंध”। केवल एक उत्तर बॉक्स चुना जा सकता है। उत्तरदाता द्वारा बताए गए संबंध को दर्शाने वाला उचित बॉक्स चुनें।</span>"
hi,question,Id10009,guidance_hint,"<span style=""color:blue"">उचित उत्तर चुनें। मृत जन्म या नवजात की मृत्यु के मामलों में, सीधे उत्तर चुनने से पहले उत्तरदाता से अतिरिक्त स्पष्टीकरण की आवश्यकता हो सकती है।</span>
<span style=""color:blue"">● यदि उत्तरदाता माँ है और यह मृत जन्म था, तो ""हाँ"" दर्ज करें।</span>
<span style=""color:blue"">● यदि उत्तरदाता माँ है और यह नवजात की मृत्यु थी, तो उत्तर संभवतः ""हाँ"" होगा, लेकिन यदि उत्तरदाता ऐसी परिस्थिति बताती है जिसमें वह अपने नवजात के साथ नहीं थी, तो उत्तर ""नहीं"" हो सकता है।</span>
<span style=""color:blue"">● यदि उत्तरदाता माँ नहीं है और यह मृत जन्म था, तो यदि उत्तरदाता बताता है कि वह मृतक की माँ के साथ रहता था, तो ""हाँ"" दर्ज करें। </span>
<span style=""color:blue"">● यदि उत्तरदाता माँ नहीं है और यह नवजात की मृत्यु थी, तो यदि उत्तरदाता माँ के साथ रहता था, तो उत्तर संभवतः ""हाँ"" होगा। हालाँकि, यह परिस्थितियों पर निर्भर करता है (जैसे उत्तरदाता और माँ नवजात के साथ नहीं थे)। इसलिए उत्तरदाता से और स्पष्टीकरण की आवश्यकता हो सकती है। </span>
<span style=""color:blue"">नोट: जब तक कोई विशेष समय-सीमा न बताई गई हो, प्रश्न सामान्यतः “मृत्यु तक पहुँचाने वाली बीमारी के दौरान” की अवधि से संबंधित होते हैं। कुछ स्थितियों (जैसे COPD में साँस लेने में कठिनाई) का अनुभव लंबे समय तक लगातार हो सकता है और अंततः मृत्यु हो सकती है। अन्य स्थितियों या बीमारियों के लक्षण पहले दिखे हो सकते हैं, लेकिन यदि व्यक्ति मृत्यु से पहले उन लक्षणों से ठीक हो गया था, तो वे मृत्यु से संबंधित होने की संभावना कम है।</span>"
hi,question,Id10010,constraint_message,साक्षात्कारकर्ता के नाम में केवल अक्षर और स्पेस हो सकते हैं
hi,question,Id10010,guidance_hint,"<span style=""color:blue"">यहाँ मुख्य VA साक्षात्कारकर्ता का नाम दर्ज करें। प्रोजेक्ट कार्यालय साक्षात्कारकर्ताओं के नामों की सूची जोड़ सकता है या नाम दर्ज करने के लिए कोई मानक प्रारूप सुझा सकता है (जैसे पहला नाम, उपनाम)।</span>"
hi,question,Id10010a,constraint_message,साक्षात्कारकर्ता वयस्क होना चाहिए और 89 वर्ष से अधिक आयु का नहीं होना चाहिए
hi,question,Id10010a,guidance_hint,"<span style=""color:blue"">यहाँ मुख्य VA साक्षात्कारकर्ता की आयु वर्षों में दर्ज करें। ODK Collect में एक बार भर देने के बाद, इस क्षेत्र का उत्तर पहले से भरा हुआ आने लगता है। यह क्षेत्र मृत्यु के कारण के निर्धारण से संबंधित नहीं है; फिर भी यह जानने के लिए उपयोगी जानकारी है कि VA प्रणाली कैसे काम कर रही है। यदि साक्षात्कारकर्ता उत्तर देना नहीं चाहते, तो “99” दर्ज करें।</span>"
hi,question,Id10010b,guidance_hint,"<span style=""color:blue"">मुख्य VA साक्षात्कारकर्ता का लिंग महिला, पुरुष या अस्पष्ट/इंटरसेक्स के रूप में दर्ज करें। ODK Collect में एक बार भर देने के बाद, इस क्षेत्र का उत्तर पहले से भरा हुआ आने लगता है।</span>"
hi,question,Id10010c,guidance_hint,"<span style=""color:blue"">मुख्य VA साक्षात्कारकर्ता के लिए एक विशिष्ट पहचान कोड दर्ज करें। साक्षात्कारकर्ता की ID में संख्याएँ और अक्षर हो सकते हैं। VA साक्षात्कारकर्ताओं के लिए किस प्रकार की ID का उपयोग होता है, यह साइट के अनुसार अलग-अलग होता है। प्रोजेक्ट कार्यालय को साक्षात्कारकर्ताओं के नामों और उनके विशिष्ट पहचान कोड की सूची रखनी चाहिए। ODK Collect में एक बार भर देने के बाद, इस क्षेत्र का उत्तर पहले से भरा हुआ आने लगता है। यदि साक्षात्कारकर्ता की ID उपलब्ध नहीं है, तो “NA” दर्ज करें।</span>"
hi,question,Id10013,guidance_hint,"<span style=""color:blue"">उचित उत्तर चुनें। यदि उत्तरदाता ने सहमति नहीं दी, तो साक्षात्कार यहीं समाप्त करें और साक्षात्कार पूरा होने का समय दर्ज करें। VA प्रक्रियाओं की गुणवत्ता नियंत्रण के लिए आवश्यक न्यूनतम जानकारी के रूप में, सहमति Id10007-10009 के बाद पूछी जाती है। </span>"
hi,question,Id10017,guidance_hint,"<span style=""color:blue"">सौंपे गए वर्बल ऑटोप्सी मामले के कागजात/इलेक्ट्रॉनिक सूची में मृतक का नाम देखें और उसे उत्तरदाता द्वारा बताए गए नाम से मिलाएँ। यदि दोनों में असंगति है, तो इसकी सूचना पर्यवेक्षक को दें। यदि नाम मेल खाता है, तो नाम दर्ज करें (यदि कागज़ी फॉर्म का उपयोग कर रहे हैं तो सुनिश्चित करें कि लिखावट पढ़ने योग्य हो)। Id10017 में आपसे मृतक का पहला या दिया गया नाम पूछा जाता है। Id10018 में आपसे मृतक का उपनाम (या पारिवारिक नाम) पूछा जाता है (यानी एक से अधिक नाम जोड़े जा सकते हैं)। </span>"
hi,question,Id10018,guidance_hint,"<span style=""color:blue"">सौंपे गए वर्बल ऑटोप्सी मामले के कागजात/इलेक्ट्रॉनिक सूची में मृतक का नाम देखें और उसे उत्तरदाता द्वारा बताए गए नाम से मिलाएँ। यदि दोनों में असंगति है, तो इसकी सूचना पर्यवेक्षक को दें। यदि नाम मेल खाता है, तो नाम दर्ज करें (यदि कागज़ी फॉर्म का उपयोग कर रहे हैं तो सुनिश्चित करें कि लिखावट पढ़ने योग्य हो)। Id10017 में आपसे मृतक का पहला या दिया गया नाम पूछा जाता है। Id10018 में आपसे मृतक का उपनाम (या पारिवारिक नाम) पूछा जाता है (यानी एक से अधिक नाम जोड़े जा सकते हैं)। </span>"
hi,question,Id10019,guidance_hint,"<span style=""color:blue"">सौंपे गए वर्बल ऑटोप्सी मामले के कागजात/इलेक्ट्रॉनिक सूची में मृतक का जैविक लिंग देखें और उसे उत्तरदाता द्वारा बताए गए लिंग से मिलाएँ। यदि दोनों में असंगति है, तो इसकी सूचना पर्यवेक्षक को दें। सुनिश्चित करें कि आप सही उत्तर बॉक्स चुनें। यदि आप गलत बॉक्स चुनते हैं, तो मृत्यु का कारण गलत आ सकता है। यदि जैविक लिंग सामान्यतः पुरुष या महिला नहीं है, तो “अस्पष्ट जननांग/इंटरसेक्स” चुनें। यदि शिशु को कोई दुर्लभ स्थिति थी जिसमें शिशु के बाहरी जननांग स्पष्ट रूप से न पुरुष के और न महिला के दिखते हैं, तो यह चयन उचित हो सकता है। ऐसे मामलों में जननांग पूरी तरह विकसित नहीं हो सकते, या शिशु में दोनों लिंगों की विशेषताएँ हो सकती हैं।</span>"
hi,question,Id10020,guidance_hint,"<span style=""color:blue"">यदि आपको जन्म की पूरी तारीख नहीं पता है, तो विकल्प “नहीं” चुनें; तब आप तारीख बताने वाले जन्म की तारीख के अगले प्रश्न (Id10021) को छोड़ देंगे – और मृत्यु की तारीख जानने से संबंधित प्रश्न (Id10022) पर पहुँच जाएँगे। ODK में यह अपने आप होता है। कुछ मामलों में, विशेषकर बुजुर्ग वयस्कों के लिए, महत्वपूर्ण ऐतिहासिक घटनाओं के सामुदायिक कैलेंडर के उपयोग से जन्म के वर्ष का अनुमान लगाने में सहायता मिल सकती है। यदि उत्तर “हाँ” है, तो जन्म की तारीख पूरी भरें</span>"
hi,question,Id10021,constraint_message,तारीख भविष्य की नहीं हो सकती
hi,question,Id10021,guidance_hint,"<span style=""color:blue"">जन्म की तारीख दर्ज करें। तारीख का प्रारूप दिन, महीना, वर्ष (dd/mm/yyyy) है। ODK में यह कैलेंडर के रूप में होगा।</span>"
hi,question,Id10022,guidance_hint,"<span style=""color:blue"">सौंपे गए वर्बल ऑटोप्सी मामले के कागजात में मृत्यु की सूची में यह जानकारी होनी चाहिए, लेकिन यह प्रश्न उत्तरदाताओं से भी पूछा जाना चाहिए। नोट: ODK में इसे दर्ज करने के लिए आपके पास मृत्यु की पूरी तारीख होना आवश्यक है। यदि आपके पास मृत्यु की पूरी तारीख नहीं है, तो आपको “नहीं” चुनना चाहिए। तब ODK में आपसे मृत्यु के वर्ष के बारे में एक अतिरिक्त प्रश्न पूछा जाएगा। मृत्यु का वर्ष चार अंकों में भरें। प्रश्नावली के कागज़ी संस्करण में, यदि उन्हें तारीख के बारे में निश्चित नहीं है, तो मृत्यु का वर्ष, यदि ज्ञात हो, दर्ज करें। </span>"
hi,question,Id10023_a,constraint_message,मृत्यु की तारीख जन्म की तारीख के बराबर या उसके बाद की होनी चाहिए और भविष्य की नहीं हो सकती।
hi,question,Id10023_a,guidance_hint,"<span style=""color:blue"">सौंपी गई वर्बल ऑटोप्सी के मृत्यु संबंधी कागजात में यह जानकारी होनी चाहिए। फिर भी आपको उत्तरदाता से पूछना चाहिए और फिर दिन/महीना/वर्ष (dd/mm/yyyy) प्रारूप में मृत्यु की तारीख के लिए उनका उत्तर दर्ज करना चाहिए। ODK में यह कैलेंडर के रूप में होगा, इसलिए आपको पूरी तारीख डालनी होगी। कागज़ी प्रश्नावली के लिए, आप दिए गए बॉक्स भरेंगे। यदि उन्हें सटीक तारीख के बारे में निश्चित नहीं है, तो मृत्यु का वर्ष दर्ज करें। यदि मृतक मृत जन्मा शिशु था, तो प्रसव की तारीख को मृत्यु की तारीख के रूप में दर्ज करें। यदि आपने जन्म की पूरी तारीख और मृत्यु की पूरी तारीख दर्ज कर दी है, तो इलेक्ट्रॉनिक उपकरण अपने आप तीन आयु वर्गों में से एक – नवजात, बच्चा या वयस्क – के अनुरूप प्रश्नावली चुन लेगा। इसलिए जन्म की तारीख और मृत्यु की तारीख भरते समय बहुत सावधान रहें। यदि आप जन्म या मृत्यु की तारीख में गलती करते हैं, तो आप गलत प्रश्नावली भरेंगे। </span>"
hi,question,Id10023_b,constraint_message,मृत्यु की तारीख भविष्य की नहीं हो सकती।
hi,question,Id10023_b,guidance_hint,"<span style=""color:blue"">सौंपी गई वर्बल ऑटोप्सी के मृत्यु संबंधी कागजात में यह जानकारी होनी चाहिए। फिर भी आपको उत्तरदाता से पूछना चाहिए और फिर दिन/महीना/वर्ष (dd/mm/yyyy) प्रारूप में मृत्यु की तारीख के लिए उनका उत्तर दर्ज करना चाहिए। ODK में यह कैलेंडर के रूप में होगा, इसलिए आपको पूरी तारीख डालनी होगी। कागज़ी प्रश्नावली के लिए, आप दिए गए बॉक्स भरेंगे। यदि उन्हें सटीक तारीख के बारे में निश्चित नहीं है, तो मृत्यु का वर्ष दर्ज करें। यदि मृतक मृत जन्मा शिशु था, तो प्रसव की तारीख को मृत्यु की तारीख के रूप में दर्ज करें। यदि आपने जन्म की पूरी तारीख और मृत्यु की पूरी तारीख दर्ज कर दी है, तो इलेक्ट्रॉनिक उपकरण अपने आप तीन आयु वर्गों में से एक – नवजात, बच्चा या वयस्क – के अनुरूप प्रश्नावली चुन लेगा। इसलिए जन्म की तारीख और मृत्यु की तारीख भरते समय बहुत सावधान रहें। यदि आप जन्म या मृत्यु की तारीख में गलती करते हैं, तो आप गलत प्रश्नावली भरेंगे। </span>"
hi,question,Id10024,constraint_message,मृत्यु का वर्ष भविष्य का नहीं हो सकता
hi,question,Id10024,guidance_hint,"<span style=""color:blue"">मृत्यु का वर्ष दर्ज करें। </span>"
hi,question,Id10051,guidance_hint,"<span style=""color:blue"">प्रोजेक्ट साइट तय करेगी कि यह जानकारी एकत्र की जानी चाहिए या नहीं। यदि आप ""नहीं"" चुनते हैं, तो आप निवास स्थान, शिक्षा और परिवार के बारे में विवरण छोड़ देंगे। यदि आप ""हाँ"" चुनते हैं, तो अगले प्रश्न पर जाएँ। साइट प्रोग्रामर इस प्रश्न को साक्षात्कारकर्ताओं से छिपा सकते हैं।</span>"
hi,question,Id10052,guidance_hint,"<span style=""color:blue"">नागरिकता की स्थानीय परिभाषाओं के अनुसार उचित उत्तर चुनें। प्राकृतिक नागरिक वह व्यक्ति है जो कहीं और जन्मा था लेकिन अब देश का नागरिक बन गया है। विदेशी नागरिक वह व्यक्ति है जो उस मेजबान देश का नागरिक नहीं है जिसमें वह रह रहा है या अस्थायी रूप से ठहरा हुआ है।</span>"
hi,question,Id10053,guidance_hint,"<span style=""color:blue"">बताई गई जातीयता दर्ज करें। यदि उत्तरदाता असहज हो, तो बहुत अधिक न कुरेदें। यदि यह जानकारी उपलब्ध नहीं है या उत्तरदाता जातीयता बताने में सहज नहीं है, तो “-“ दर्ज करें। </span>"
hi,question,Id10054,guidance_hint,"<span style=""color:blue"">बताया गया जन्म स्थान दर्ज करें। यहाँ गाँव और जिला बताएँ। सुविधा और परिस्थितियों के बारे में प्रश्न बाद में पूछा जाएगा। यदि यह जानकारी उपलब्ध नहीं है या अज्ञात है, तो “-“ दर्ज करें। </span>"
hi,question,Id10055,guidance_hint,"<span style=""color:blue"">प्रसवकालीन (पेरिनेटल) मामलों के लिए, केवल स्वास्थ्य सुविधा का पता पूछें, या यदि छुट्टी मिल चुकी हो और वे घर पर हों, तो घर का पता पूछें। नवजात की मृत्यु के मामलों में, निवास स्थान आमतौर पर वही होगा जहाँ मृत्यु हुई।</span>"
hi,question,Id10057,guidance_hint,"<span style=""color:blue"">यदि अधिक उपयुक्त हो, तो आप गाँव के स्थान पर शहर/कस्बा भर सकते हैं। प्रोजेक्ट टीम को इस प्रश्न को स्थानीय संदर्भ के अनुसार विशेष रूप से अनुकूलित करना चाहिए।</span>"
hi,question,Id10058,guidance_hint,"<span style=""color:blue"">उचित बॉक्स चुनकर मृत्यु का स्थान दर्ज करें।</span>"
hi,question,Id10059,guidance_hint,"<span style=""color:blue"">उचित उत्तर चुनें। लाइफ पार्टनर (जीवन साथी) कॉमन लॉ पार्टनर के समान होता है। ये शब्द ऐसी साझेदारी को दर्शाते हैं जिसमें लोग विवाह के समकक्ष संबंध में लगातार साथ रह रहे हों। दिए गए उत्तर विकल्पों का उपयोग एल्गोरिदम द्वारा किया जाता है। ध्यान दें कि विशिष्ट शब्द निर्धारित करना प्रासंगिक हो सकता है, और जहाँ संभव हो, वैवाहिक स्थिति जानने के लिए स्थानीय शब्दावली का उपयोग करें, बशर्ते मूल अर्थ में बदलाव न हो। उत्तर विकल्पों को प्रोजेक्ट टीम द्वारा स्थानीय संदर्भ के अनुसार विशेष रूप से अनुकूलित किया जाना चाहिए।</span>"
hi,question,Id10061,guidance_hint,"<span style=""color:blue"">पिता का पूरा नाम दर्ज करें। नाम सामान्य तरीके से पहले नाम (दिया गया नाम), फिर उपनाम (सरनेम) के क्रम में लिखें। इस जानकारी का उपयोग नागरिक पंजीकरण के लिए और/या मिलान या स्थान खोजने में सहायता के लिए किया जा सकता है।</span>"
hi,question,Id10062,guidance_hint,"<span style=""color:blue"">माता का पूरा नाम दर्ज करें। नाम सामान्य तरीके से पहले नाम (दिया गया नाम), फिर उपनाम (सरनेम) के क्रम में लिखें। इस जानकारी का उपयोग नागरिक पंजीकरण के लिए और/या मिलान या स्थान खोजने में सहायता के लिए किया जा सकता है।</span>"
hi,question,Id10063,guidance_hint,"<span style=""color:blue"">उपयुक्त उत्तर चुनें। </span>"
hi,question,Id10064,guidance_hint,"<span style=""color:blue"">उपयुक्त उत्तर चुनें। यदि मृतक केवल पढ़ना या केवल लिखना जानता/जानती था, तब भी उत्तर ""हाँ"" दें। ध्यान रखें कि इस प्रश्न का उद्देश्य साक्षरता को मापना है (विकलांगता को नहीं), यानी क्या मृतक ने अपने जीवनकाल में पढ़ना और/या लिखना सीखा था।</span>"
hi,question,Id10065,guidance_hint,"<span style=""color:blue"">मृतक की कई गतिविधियाँ रही हो सकती हैं। बीमारी और मृत्यु से पहले के वर्ष के अधिकांश समय के लिए जो गतिविधि सबसे अधिक सही रही हो, उसे चुनें। उपयुक्त उत्तर चुनें। यदि उत्तर “मुख्य रूप से नियोजित” है, तो अगले प्रश्न पर जाएँ। अन्यथा, Id10476 पर जाएँ</span>"
hi,question,Id10066,guidance_hint,"<span style=""color:blue"">यह प्रश्न केवल तभी पूछा जाएगा जब Id10065 का उत्तर “मुख्य रूप से नियोजित” हो। उपयुक्त उत्तर दर्ज करें।</span>"
hi,question,Id10069_a,guidance_hint,"<span style=""color:blue"">प्रमाणपत्र या मृत्यु पंजीकरण के कागजात दिखाने के लिए कहें। साक्षात्कारकर्ताओं को स्थानीय नागरिक पंजीकरण प्राधिकरण और उचित मृत्यु पंजीकरण फॉर्म से परिचित होना चाहिए, जिनमें इस खंड में पूछी गई मृत्यु पंजीकरण की संबंधित जानकारी होती है। यदि ""हाँ"" है और कागजात उपलब्ध हैं, तो Id10070–Id10073 पर जारी रखें। यदि कागजात उपलब्ध नहीं हैं, तो Id10462 पर जाएँ।</span>"
hi,question,Id10070,guidance_hint,"<span style=""color:blue"">पंजीकरण या प्रमाणपत्र संख्या दर्ज करें। ध्यान रखें कि उत्तरदाताओं के पास “सूचना” संख्या वाली “मृत्यु सूचना” हो सकती है, या “प्रमाणपत्र”, “पंजीकरण”, “क्रम” या किसी अन्य प्रकार की संख्या वाला “मृत्यु प्रमाणपत्र” हो सकता है। परियोजना कार्यालय को यह सुनिश्चित करना चाहिए कि सभी साक्षात्कारकर्ताओं को स्पष्ट रूप से पता हो कि कौन-सी संख्या दर्ज करनी है। परियोजना कार्यालय इस मद को स्थानीय क्रमांक की प्रथाओं के अनुसार बदल सकता है। यदि यह जानकारी उपलब्ध नहीं है, तो “-“ दर्ज करें। </span>"
hi,question,Id10071,guidance_hint,"<span style=""color:blue"">यदि पंजीकरण की तिथि पता हो, तो उसे दर्ज करें। </span>"
hi,question,Id10072,guidance_hint,"<span style=""color:blue"">पंजीकरण के स्थान का पूरा विवरण दर्ज करें। इसमें उस गाँव/कस्बे/नगरपालिका का नाम शामिल हो सकता है जहाँ मृत्यु का पंजीकरण हुआ था। यदि यह जानकारी उपलब्ध नहीं है, तो “-“ दर्ज करें। परियोजना स्थल स्थानों के विकल्पों की एक ड्रॉप-डाउन सूची जोड़ सकता है।</span>"
hi,question,Id10073,guidance_hint,"<span style=""color:blue"">राष्ट्रीय पहचान संख्या दर्ज करें। जिन नवजात शिशुओं की कोई ID संख्या नहीं है, उनके लिए माता की ID का उपयोग करें। यदि माता की ID उपलब्ध नहीं है, तो पिता की ID का उपयोग करें। यदि यह जानकारी अज्ञात है या उपलब्ध नहीं है, तो “-“ दर्ज करें। ID दर्ज करने के बाद, रिक्त स्थान में यह नोट करें कि किसकी ID दर्ज की गई है।</span>"
hi,question,Id10077,guidance_hint,"<span style=""color:blue"">यह एक प्रारंभिक प्रश्न है जिससे जाँचा जाता है कि मृत्यु किसी चोट या दुर्घटना से जुड़ी थी या नहीं। यदि उत्तर “हाँ” है, तो आगे के प्रश्नों पर जाएँ। ये प्रश्न आम तौर पर सीधे और आसानी से समझे जाने वाले हैं, और उत्तर में त्रुटि की संभावना कम है, सिवाय उस स्थिति के जब कलंक का भय हो या पुलिस अथवा अन्य प्रशासन से जुड़ने की आशंका हो। नवजात: यदि उत्तर ""नहीं"" है, तो Id10351 पर जाएँ। परंतु यदि उत्तर ""पता नहीं/मना किया"" है, तो साक्षात्कारकर्ता को और पूछताछ करनी चाहिए और बाद के प्रश्नों पर जारी रखना चाहिए। बच्चे: यदि उत्तर ""नहीं"" है, तो Id10408 पर जाएँ। परंतु यदि उत्तर ""पता नहीं/मना किया"" है, तो साक्षात्कारकर्ता को और पूछताछ करनी चाहिए और बाद के प्रश्नों पर जारी रखना चाहिए। वयस्क: यदि उत्तर ""नहीं"" है, तो Id10120_unit पर जाएँ। परंतु यदि उत्तर ""पता नहीं/मना किया"" है, तो साक्षात्कारकर्ता को और पूछताछ करनी चाहिए और Id10079 तक के बाद के प्रश्नों पर जारी रखना चाहिए।</span>"
hi,question,Id10077_b,guidance_hint,"<span style=""color:blue"">पता करें कि क्या मृतक की मृत्यु मृत्यु का कारण बनी दुर्घटना या चोट के 7 दिन या उससे अधिक के भीतर हुई थी। यह महत्वपूर्ण है क्योंकि इससे VA साक्षात्कार की लंबाई तय होगी। यदि 7 दिन के भीतर हुई, तो मृतक की मृत्यु संभवतः दुर्घटना या चोट से हुई है, और चोट वाले खंड के अलावा केवल कुछ मातृ संबंधी प्रश्न पूछे जाएँगे। यदि 7 दिन से अधिक हुए हैं, तो पूरा VA साक्षात्कार लिया जाएगा।</span>"
hi,question,Id10079,guidance_hint,"<span style=""color:blue"">विकासशील देशों में चोटों से होने वाली मृत्यु का सबसे आम कारण सड़क परिवहन से लगी चोटें हैं। सड़क परिवहन की चोट लगने के लिए वाहन में होना आवश्यक नहीं है, उदाहरण के लिए पैदल यात्रियों की मृत्यु। यदि Id10079 का उत्तर ""हाँ"" है, तो प्रश्न Id10082–Id10097 छोड़ दें। यदि उत्तर ""नहीं/पता नहीं/मना किया"" है, तो Id10082 पर जाएँ।</span>"
hi,question,Id10082,guidance_hint,"<span style=""color:blue"">पूछें और दर्ज करें कि क्या मृत्यु सड़क के अलावा किसी अन्य परिवहन में लगी चोट से हुई थी। इनमें हवाई (जैसे विमान), रेल (जैसे ट्रेन), समुद्र या नदी (जैसे नाव, डोंगी) परिवहन से जुड़ी घातक चोटें शामिल हैं। यदि ""हाँ"", तो प्रश्नावली के मुक्त पाठ वाले खंड में दुर्घटना का स्वरूप और लगी चोटें दर्ज करें। यदि Id10082 का उत्तर ""हाँ"" है, तो प्रश्न Id10083–Id10097 छोड़ दें। यदि उत्तर ""नहीं/पता नहीं/मना किया"" है, तो Id10083 पर जाएँ।</span>"
hi,question,Id10083,guidance_hint,"<span style=""color:blue"">यदि उत्तर ""हाँ"" है, तो प्रश्नावली के विवरण वाले खंड में शरीर के वे अंग दर्ज करें जिन पर चोट लगी थी। इसमें दुर्घटनाएँ और वे मामले शामिल हैं जहाँ यह पता नहीं है कि यह दुर्घटना थी या जानबूझकर की गई हिंसा।यदि Id10083 का उत्तर ""हाँ"" है, तो प्रश्न Id10084–Id10097 छोड़ दें। यदि उत्तर ""नहीं/पता नहीं/मना किया"" है, तो Id10084 पर जाएँ।</span>"
hi,question,Id10084,guidance_hint,"<span style=""color:blue"">यदि मृत्यु कीटनाशकों, मिट्टी के तेल या किसी अन्य रसायन से विषाक्तता के कारण हुई, तो यहाँ ""हाँ"" दर्ज करें, और विवरण वाले खंड में विष का स्वरूप नोट करें। इसमें दुर्घटनाएँ और वे मामले शामिल हैं जहाँ यह पता नहीं है कि यह दुर्घटना थी या जानबूझकर की गई हिंसा। साँप के काटने या पशु के डंक आदि से हुई विषाक्तता को यहाँ शामिल नहीं करना है। यदि Id10084 का उत्तर ""हाँ"" है, तो प्रश्न Id10085–Id10097 छोड़ दें। यदि उत्तर ""नहीं/पता नहीं/मना किया"" है, तो Id10085 पर जाएँ।</span>"
hi,question,Id10085,guidance_hint,"<span style=""color:blue"">यदि उत्तर ""हाँ"" है, तो प्रश्नावली के विवरण वाले खंड में वह स्थान दर्ज करें जहाँ डूबना हुआ – नदी/झील/समुद्र/स्विमिंग पूल। इसमें दुर्घटनाएँ और वे मामले शामिल हैं जहाँ यह पता नहीं है कि यह दुर्घटना थी या जानबूझकर की गई हिंसा।यदि Id10085 का उत्तर ""हाँ"" है, तो प्रश्न Id10086–Id10097 छोड़ दें। यदि उत्तर ""नहीं/पता नहीं/मना किया"" है, तो Id10086 पर जाएँ।</span>"
hi,question,Id10086,guidance_hint,"<span style=""color:blue"">यदि चोट साँप के काटने या किसी अन्य जहरीले कीड़े के कारण थी, तो ""हाँ"" दर्ज करें। इसमें दुर्घटनाएँ और वे मामले शामिल हैं जहाँ यह पता नहीं है कि यह दुर्घटना थी या जानबूझकर की गई हिंसा। यदि ""हाँ"", तो Id10088 पर जाएँ।</span>"
hi,question,Id10087,guidance_hint,"<span style=""color:blue"">कुत्ते के काटने, या किसी अन्य पशु के हमले से लगी चोटों की स्थिति में ""हाँ"" दर्ज करें, और विवरण अगले प्रश्न के उत्तर में दर्ज करें। यदि ""नहीं/पता नहीं/मना किया"", तो Id10089 पर जाएँ।</span>"
hi,question,Id10088,guidance_hint,"<span style=""color:blue"">कुत्ता, साँप, कीड़ा, बिच्छू या अन्य चुनें। यदि पता नहीं हो, तो ""पता नहीं"" चुनें। </span>"
hi,question,Id10089,guidance_hint,"<span style=""color:blue"">जलने की जिन चोटों से मृत्यु होती है, वे आम तौर पर शरीर के बड़े हिस्सों को ढकती हैं। यदि उत्तर ""हाँ"" है, तो प्रश्नावली के विवरण वाले खंड में शरीर के वे अंग दर्ज करें जो जलने से प्रभावित हुए।यदि Id10089 का उत्तर ""हाँ"" है, तो प्रश्न Id10091–Id10097 छोड़ दें। यदि उत्तर ""नहीं/पता नहीं/मना किया"" है, तो Id10091 पर जाएँ।</span>"
hi,question,Id10091,guidance_hint,"<span style=""color:blue"">आग्नेयास्त्रों के लिए स्थानीय शब्द का उपयोग करें, और उत्तर दर्ज करें। यदि Id10091 का उत्तर ""हाँ"" है, तो प्रश्न Id10092–Id10097 छोड़ दें। यदि उत्तर ""नहीं/पता नहीं/मना किया"" है, तो Id10092 पर जाएँ।</span>"
hi,question,Id10092,guidance_hint,"<span style=""color:blue"">चाकू या तलवार जैसे धारदार हथियारों का उपयोग यहाँ दर्ज किया जाना चाहिए। यदि Id10092 का उत्तर ""हाँ"" है, तो प्रश्न Id10093–Id10097 छोड़ दें। यदि उत्तर ""नहीं/पता नहीं/मना किया"" है, तो Id10093 पर जाएँ।</span>"
hi,question,Id10093,guidance_hint,"<span style=""color:blue"">हाथ, रस्सी या किसी अन्य वस्तु से बलपूर्वक गर्दन दबाने (गला घोंटने) के लिए स्थानीय शब्द का उपयोग करें। यदि Id10093 का उत्तर ""हाँ"" है, तो प्रश्न Id10094–Id10097 छोड़ दें। यदि उत्तर ""नहीं/पता नहीं/मना किया"" है, तो Id10096 पर जाएँ।</span>"
hi,question,Id10094,guidance_hint,"<span style=""color:blue"">किसी भोथरे बल, जैसे डंडे या भारी वस्तु से लगी चोट, जिससे सीधे बाहरी चोट न दिखे, परंतु वह इतनी गंभीर हो सकती है कि हड्डी टूट जाए, आंतरिक रक्तस्राव हो और मृत्यु हो जाए। भोथरे बल का अर्थ समझाएँ, और उसके अनुसार उत्तर दर्ज करें।</span>"
hi,question,Id10095,guidance_hint,"<span style=""color:blue"">प्रकृति की शक्तियों में आकाशीय बिजली, बाढ़, भूकंप, सुनामी, जंगल की आग, ज्वालामुखी विस्फोट आदि शामिल हैं। यदि उत्तर ""हाँ"" है, तो प्रश्नावली के विवरण वाले खंड में प्रकृति की उस शक्ति को दर्ज करें। यदि उत्तर ""हाँ"" है, तो Id10100 पर जाएँ। </span>"
hi,question,Id10096,guidance_hint,"<span style=""color:blue"">यदि मृत्यु बिजली के झटके से हुई, तो यहाँ ""हाँ"" दर्ज करें। इसमें दुर्घटनाएँ और वे मामले शामिल हैं जहाँ यह पता नहीं है कि यह दुर्घटना थी या जानबूझकर की गई हिंसा। यदि Id10096 का उत्तर ""हाँ"" है, तो प्रश्न Id10094–Id10097 छोड़ दें। यदि उत्तर ""नहीं/पता नहीं/मना किया"" है, तो Id10094 पर जाएँ।</span>"
hi,question,Id10097,guidance_hint,"<span style=""color:blue"">यदि चोट ऐसी परिस्थितियों में लगी जो ऊपर की श्रेणियों में फिट नहीं बैठतीं (जैसे फाँसी, बारूदी सुरंग का विस्फोट आदि), तो विवरण वाले खंड में उसके अनुसार उत्तर दर्ज करें।</span>"
hi,question,Id10098,guidance_hint,"<span style=""color:blue"">यह प्रश्न पहचानता है कि क्या चोट अनजाने में (अनपेक्षित रूप से) लगी थी। यदि ""हाँ"", तो Id10351 पर जाएँ।</span>"
hi,question,Id10099,guidance_hint,"<span style=""color:blue"">दर्दनाक व्यक्तिगत घटना को देखते हुए यह एक संवेदनशील प्रश्न है। सुनिश्चित करें कि यह प्रश्न सहानुभूतिपूर्ण ढंग से पूछा जाए, और उत्तरदाता को उत्तर देने के लिए पर्याप्त समय दें। यह उत्तरदाता की व्यक्तिगत राय है। यदि संभव हो, तो अन्य स्थानीय जानकारी से इसकी पुष्टि करने का प्रयास करें, और प्रश्नावली के विवरण वाले खंड में टिप्पणियाँ दर्ज करें। यदि ""हाँ"", तो Id10120_unit पर जाएँ।</span>"
hi,question,Id10100,guidance_hint,"<span style=""color:blue"">पूछें कि क्या चोट किसी हिंसा के कृत्य से लगी थी, जो सीधे किसी अन्य व्यक्ति द्वारा या किसी अन्य व्यक्ति द्वारा जानबूझकर बनाई गई परिस्थिति से हुई (जैसे आतंकवादी कृत्य)।</span>"
hi,question,Id10104,guidance_hint,"<span style=""color:blue"">रोना साँस लेने का संकेत है। यदि जन्म के समय शिशु रोया, तो यह संकेत है कि शिशु जन्म के समय जीवित था। कुछ मामलों में शिशु नहीं रोता, फिर भी साँस लेने का कोई दिखाई देने वाला प्रयास हो सकता है, परंतु उसे देख पाना कठिन हो सकता है। इसलिए साँस लेने, और इस प्रकार जीवन, के संकेत के रूप में जन्म के समय रोने पर भरोसा किया जाता है। इस खंड में आगे साँस लेने के बारे में एक अलग प्रश्न है। यह प्रश्न केवल रोने से संबंधित है। यह एक महत्वपूर्ण छँटाई वाला प्रश्न है, क्योंकि नकारात्मक उत्तर मृत जन्म की ओर संकेत करेगा। मृत जन्म का अर्थ है गर्भावस्था के 28 सप्ताह या उसके बाद जन्मे वे शिशु जिनमें जीवन के कोई लक्षण नहीं थे। 28 सप्ताह से पहले गर्भस्थ शिशु की मृत्यु को गर्भपात माना जाता है। यदि ""नहीं/पता नहीं/मना किया"", तो Id10377 पर जाएँ। यदि ""हाँ"", तो अगले प्रश्न पर जाएँ।</span>"
hi,question,Id10105,guidance_hint,"<span style=""color:blue"">पहली बार रोने का समय यह संकेत देता है कि क्या शिशु का स्वास्थ्य गर्भावस्था, प्रसव पीड़ा या प्रसव के दौरान हुई घटनाओं से प्रभावित हुआ था। सावधानी से पूछें कि क्या शिशु जन्म के तुरंत बाद रोया, और यदि हाँ, तो उत्तर ""हाँ"" दर्ज करें। कुछ मामलों में जन्म और पहली बार रोने के बीच कुछ देरी (एक से कई मिनट) हो सकती है। ऐसी स्थिति में उत्तर “नहीं” दर्ज करें, और अगले प्रश्न पर जाएँ। </span>"
hi,question,Id10106,constraint_message,"1 से 60 के बीच की संख्या दर्ज करें। यदि उत्तरदाता कहता है कि शिशु कभी रोया ही नहीं, तो पीछे जाकर ""नहीं"" दर्ज करें, यानी शिशु कभी नहीं रोया।"
hi,question,Id10106,guidance_hint,"<span style=""color:blue"">यह प्रश्न पिछले प्रश्न के दोनों संभावित उत्तरों के लिए प्रासंगिक है। यदि Id10105 का उत्तर ""हाँ"" था, तो इस प्रश्न का उद्देश्य समय की पुष्टि करना है। यदि शिशु तुरंत रोया, तो “0” (शून्य) मिनट दर्ज करें। परंतु यदि रोने में देरी हुई, तो जन्म और पहली बार रोने के बीच लगा समय यह आकलन करने में सहायक संकेतक है कि क्या शिशु की मृत्यु प्रसव पीड़ा या प्रसव के दौरान हुई घटनाओं के कारण हुई। समय पता करने के लिए सावधानी से पूछें और मिनटों में दर्ज करें। मान्य उत्तर 0–60 मिनट के बीच है। यदि उत्तरदाता को जन्म और पहली बार रोने के बीच का सटीक समय याद नहीं है, तो चिकित्सकीय रूप से प्रासंगिक जानकारी के अनुसार पूछकर दर्ज करें: यदि शिशु लगभग 5 मिनट के भीतर रोया (साक्षात्कारकर्ता 4 मिनट दर्ज करे); या यदि शिशु लगभग 5 मिनट से अधिक के बाद रोया (साक्षात्कारकर्ता 6 मिनट दर्ज करे)। “पता नहीं” के लिए “99” दर्ज करें। “उत्तर देने से मना किया” के लिए “88” दर्ज करें। यदि उत्तरदाता कहे कि शिशु कभी नहीं रोया, तो Id10104 पर वापस जाएँ और सही उत्तर दर्ज करें।</span>"
hi,question,Id10107,guidance_hint,"<span style=""color:blue"">जन्म के समय रोने वाला शिशु कमजोर हो सकता है और बाद में रोना बंद कर सकता है। यह नवजात की मृत्यु के कुछ कारणों का संकेतक है। सही उत्तर पाने के लिए सावधानी से पूछें। </span>"
hi,question,Id10109,guidance_hint,"<span style=""color:blue"">जन्म के बाद पहली बार रोने वाले प्रश्न की तरह, यह प्रश्न भी यह समझने के लिए बहुत महत्वपूर्ण है कि शिशु मृत जन्मा था या जन्म के समय जीवित था। सावधानी से पूछें कि क्या माँ ने जन्म के बाद शिशु की कोई हरकत देखी, यानी हाथ-पैरों या सिर की हरकत। साँस लेने से संबंधित हरकत अगले प्रश्न में शामिल है।</span>"
hi,question,Id10110,guidance_hint,"<span style=""color:blue"">यदि इस प्रश्न का उत्तर ""हाँ"" है, तो यह पुष्टि होती है कि यह जीवित जन्म था। जैसा कि पहले बताया गया, भले ही शिशु जन्म के समय न रोया हो, प्रसव कराने वाले व्यक्ति या माँ ने साँस लेने का प्रयास देखा हो सकता है। यह प्रश्न यह समझने में मदद करता है कि जन्म के समय शिशु मृत जन्मा था या जीवित था। कुछ मामलों में, पिछले प्रश्न के उत्तर में उत्तरदाता की ओर से कुछ हिचकिचाहट या भ्रम हो सकता है। यह प्रश्न साँस लेने के प्रयास की उपस्थिति की पुष्टि करने में भी मदद करता है, जो छाती की दीवार, गर्दन की मांसपेशियों या नथुनों की हरकत के रूप में देखा गया हो सकता है। ये सूक्ष्म संकेत हैं। साँस लेने का हल्का-सा प्रयास भी जीवन का संकेत है, और यही जीवित जन्म और मृत जन्म के बीच अंतर करता है। यदि उत्तर ""नहीं"" है, तो यह एक महत्वपूर्ण नकारात्मक उत्तर है, जो मृत जन्म के निदान तक ले जा सकता है। इसलिए, कोई भी नकारात्मक, ""पता नहीं/मना किया"" उत्तर स्पष्ट किया जाना चाहिए और उसकी पुष्टि की जानी चाहिए। यदि ""नहीं/पता नहीं/मना किया"", तो Id10114 पर जाएँ।</span>"
hi,question,Id10111,guidance_hint,"<span style=""color:blue"">यह प्रश्न पिछले प्रश्न के सकारात्मक उत्तर की पुष्टि करने में मदद करता है। इस महत्वपूर्ण अंतर को करने के लिए सही उत्तर पाने हेतु सावधानी से पूछें, और यदि शिशु ने जन्म के तुरंत बाद साँस ली, तो “हाँ” दर्ज करें। दूसरी ओर, यदि साँस शुरू होने में कुछ देरी हुई, तो यह मृत्यु के संभावित कारण के बारे में एक महत्वपूर्ण संकेतक है। ऐसी स्थिति में, उत्तर “नहीं” दर्ज करें, और अगले प्रश्न पर जाएँ।</span>"
hi,question,Id10112,guidance_hint,"<span style=""color:blue"">यह प्रश्न स्पष्ट करता है कि शिशु की साँस लेने के संबंध में कोई ध्यान देने योग्य समस्या थी या नहीं। जन्म के समय साँस की समस्या को स्वीकार करना जन्म के समय दम घुटने (बर्थ एस्फिक्सिया) जैसी स्थितियों का एक महत्वपूर्ण संकेतक है। </span>"
hi,question,Id10113,guidance_hint,"<span style=""color:blue"">जन्म के समय साँस लेने में सहायता के लिए विशेष ध्यान दिया जाना नवजात के स्वास्थ्य में किसी गंभीर समस्या का संकेत है। सहायता पीठ/नितंबों को सहलाने/रगड़ने (उत्तेजित करने), छाती दबाने, या मुँह से कृत्रिम साँस देने के रूप में हो सकती है। उत्तरदाता को यह आसानी से याद होगा, और यदि उत्तर सकारात्मक है तो इसकी पुष्टि की जानी चाहिए। साँस लेने में सहायता मृत जन्म के साथ-साथ देरी से/कठिनाई से साँस लेने वाले जीवित जन्म, दोनों के लिए दी गई हो सकती है, इसलिए उत्तर को पिछले प्रश्नों के उत्तरों के साथ मिलाकर देखा जाना चाहिए।</span>"
hi,question,Id10114,guidance_hint,"<span style=""color:blue"">यह प्रश्न अंततः यह निर्धारित करने का काम करता है कि शिशु जीवित जन्मा था या मृत। यह प्रश्न केवल तभी पूछा जाना है जब Id10104; Id10109; और Id10110 के उत्तर ""नहीं/पता नहीं/मना किया"" के किसी भी संयोजन में हों। इस प्रश्न का ""हाँ"" उत्तर यह संकेत देगा कि शिशु मृत जन्मा था। ऐसी स्थिति में, ""हाँ"" उत्तर के बाद प्रश्न Id10115 और Id10116 पूछने होंगे; और Id10116 के बाद के निर्देशों का पालन करना होगा।दूसरी ओर, ऐसी संभावना भी हो सकती है कि पिछले प्रश्नों के उत्तरों के स्वरूप के बावजूद उत्तरदाता ""नहीं"" कहे (अर्थात शिशु मृत जन्मा नहीं था), इस स्थिति में अगले प्रश्न यानी Id10115 पर जाएँ।</span>"
hi,question,Id10115,guidance_hint,"<span style=""color:blue"">जन्म चोट का अर्थ है वह चोट जो जन्म के दौरान लगी, जैसे बड़ा नील, सिर पर सूजन, या टूटी हड्डी, जिससे बच्चे की मृत्यु हो सकती है। Id10115 का उत्तर पूछकर दर्ज करने के बाद, Id10114 के उत्तर के आधार पर निम्नलिखित निर्देश लागू करें। यदि Id10114 का उत्तर ""हाँ"" था (अर्थात मृत जन्मा बच्चा); तो Id10116 पर जाएँ। यदि Id10114 का उत्तर ""नहीं/पता नहीं/मना किया"" था (अर्थात जीवित जन्मा); तो Id10077 पर जाएँ</span>"
hi,question,Id10116,guidance_hint,"<span style=""color:blue"">यह प्रश्न केवल तभी पूछें जब Id10114 का उत्तर ""हाँ"" था, यानी यह मृत जन्म था। इस प्रश्न में हम मृत जन्मे शिशु की त्वचा की स्थिति का आकलन करना चाहते हैं। कभी-कभी मृत जन्मे शिशुओं की त्वचा का वर्णन करने के लिए “मैसरेटेड” (गला हुआ) शब्द का उपयोग किया जाता है। जब त्वचा के लिए मैसरेटेड शब्द का उपयोग किया जाता है, तो इसका अर्थ है कि त्वचा, जो कभी-कभी रंग बदली हुई होती है, छिल गई है या छिल रही है। मैसरेटेड का अर्थ है कि शरीर लुगदी जैसा नरम हो गया था। यह संकेत देता है कि शिशु माँ के गर्भ के अंदर कुछ समय से मृत था। यदि मैसरेटेड शब्द का उपयोग नहीं किया जाता है, तो त्वचा की स्थिति के ऐसे ही वर्णन को ध्यान से सुनें – छिलना, लुगदी जैसा, रंग बदला हुआ, आदि।Id10116 के बाद, यदि यह मृत जन्म था, तो Id10354 पर जाएँ।</span>"
hi,question,Id10120_0,constraint_message,कृपया मृत्यु के समय नवजात की आयु (दिनों में) से कम मान दर्ज करें।
hi,question,Id10120_0,guidance_hint,"<span style=""color:blue"">पूछें कि मृत्यु का कारण बनी बीमारी के दौरान वह कितने दिन बीमार रहा/रही। यदि 24 घंटे से कम, तो “0” दर्ज करें। मान्य उत्तर नवजात की मृत्यु के समय की आयु से कम होना चाहिए। यदि उत्तरदाता को ठीक-ठीक याद नहीं है कि मृतक मृत्यु से पहले कितने दिन बीमार था/थी, तो चिकित्सकीय रूप से प्रासंगिक जानकारी के अनुसार पूछकर दर्ज करें। यदि मृतक इतने समय बीमार रहा/रही:</span>
<span style=""color:blue"">● 1 सप्ताह से कम - साक्षात्कारकर्ता 6 दिन दर्ज करे;</span>
<span style=""color:blue"">● 1 से 2 सप्ताह - साक्षात्कारकर्ता 13 दिन दर्ज करे;</span>
<span style=""color:blue"">● 2 से 3 सप्ताह - साक्षात्कारकर्ता 20 दिन दर्ज करे;</span>
<span style=""color:blue"">● 3 से 4 सप्ताह – साक्षात्कारकर्ता 27 दिन दर्ज करे।</span>
<span style=""color:blue"">पता नहीं के लिए “99” दर्ज करें। उत्तर देने से मना किया के लिए “88” दर्ज करें।</span>"
hi,question,Id10120_1,constraint_message,"यदि उत्तर 30 दिन से अधिक था, तो उत्तरदाता से समय किसी अन्य इकाई में बताने को कहें।"
hi,question,Id10121,constraint_message,"यदि उत्तर 11 महीने से अधिक था, तो उत्तरदाता से समय वर्षों में बताने को कहें। साथ ही कृपया जाँच लें कि दर्ज किया गया मान मृतक की आयु से कम है।"
hi,question,Id10122,constraint_message,दर्ज की गई अवधि मृत्यु के समय की आयु से अधिक है।
hi,question,Id10123,guidance_hint,"<span style=""color:blue"">पूछें कि क्या मृतक की मृत्यु नियमित रूप से अच्छे स्वास्थ्य में रहने के 24 घंटे के भीतर अप्रत्याशित रूप से हुई। कुछ मामलों में, किसी व्यक्ति को तीव्र बीमारी हो सकती है और फिर कुछ समय के लिए वह ठीक होता हुआ लग सकता है, और उसके बाद अचानक मृत्यु हो जाती है। ऐसे मामलों को भी इस प्रश्न के लिए ""हाँ"" उत्तर माना जा सकता है। यानी जब यह माना जाता है कि व्यक्ति बीमारी से उबर रहा है और फिर अचानक उसकी मृत्यु हो जाती है।</span>"
hi,question,Id10125,guidance_hint,"<span style=""color:blue"">उत्तरदाता को याद दिलाएँ कि हम अंतिम बीमारी के दौरान किसी डॉक्टर, स्वास्थ्य कार्यकर्ता या अन्य स्वास्थ्य पेशेवर द्वारा किए गए निदान के बारे में पूछ रहे हैं।</span>"
hi,question,Id10126,guidance_hint,"<span style=""color:blue"">पूछें कि क्या मृतक की कभी HIV की जाँच हुई थी, और यदि हुई थी, तो क्या जाँच कभी पॉजिटिव आई थी।</span>"
hi,question,Id10127,guidance_hint,"<span style=""color:blue"">पूछें कि क्या मृतक को कभी AIDS का निदान हुआ था, जो HIV की अंतिम बीमारी है और मृत्यु का कारण बनती है। उत्तरदाता को याद दिलाएँ कि हम अंतिम बीमारी के दौरान किसी डॉक्टर, स्वास्थ्य कार्यकर्ता या अन्य स्वास्थ्य पेशेवर द्वारा किए गए निदान के बारे में पूछ रहे हैं।</span>"
hi,question,Id10128,guidance_hint,"<span style=""color:blue"">पूछें कि क्या मृत्यु का कारण बनी बीमारी के दौरान मलेरिया की जाँच (डिपस्टिक या रक्त स्लाइड) की गई थी, और यदि “हाँ”, तो क्या जाँच पॉजिटिव थी। उत्तरदाता को याद दिलाएँ कि हम अंतिम बीमारी के दौरान किसी डॉक्टर, स्वास्थ्य कार्यकर्ता या अन्य स्वास्थ्य पेशेवर द्वारा किए गए निदान के बारे में पूछ रहे हैं। यदि इस प्रश्न का उत्तर ""हाँ"" है, तो Id10482 पर जाएँ।</span>"
hi,question,Id10129,guidance_hint,"<span style=""color:blue"">पूछें कि क्या मृत्यु का कारण बनी बीमारी के दौरान मलेरिया की जाँच (डिपस्टिक या रक्त स्लाइड) की गई थी, और यदि “हाँ”, तो क्या वह नेगेटिव थी। उत्तरदाता को याद दिलाएँ कि हम अंतिम बीमारी के दौरान किसी डॉक्टर, स्वास्थ्य कार्यकर्ता या अन्य स्वास्थ्य पेशेवर द्वारा किए गए निदान के बारे में पूछ रहे हैं।</span>"
hi,question,Id10130,guidance_hint,"<span style=""color:blue"">पूछें कि मृत्यु का कारण बनी बीमारी के दौरान डेंगू का निदान हुआ था या नहीं। डेंगू बुखार के लिए कोई स्थानीय शब्द हो सकता है। यदि हो, तो सुनिश्चित करें कि उसका उल्लेख अनूदित प्रश्नावली में किया गया है, और डेंगू बुखार के बारे में पूछने के लिए उसी शब्द का प्रयोग करें। उत्तरदाता को याद दिलाएँ कि हम डॉक्टर, स्वास्थ्यकर्मी या किसी अन्य स्वास्थ्य पेशेवर द्वारा अंतिम बीमारी के दौरान किए गए निदान के बारे में पूछ रहे हैं।</span>"
hi,question,Id10131,guidance_hint,"<span style=""color:blue"">पूछें कि मृत्यु का कारण बनी बीमारी के दौरान खसरे का निदान हुआ था या नहीं। खसरे के लिए कोई स्थानीय शब्द हो सकता है। यदि हो, तो सुनिश्चित करें कि उसका उल्लेख अनूदित प्रश्नावली में किया गया है, और खसरे के बारे में पूछने के लिए उसी शब्द का प्रयोग करें। उत्तरदाता को याद दिलाएँ कि हम डॉक्टर, स्वास्थ्यकर्मी या किसी अन्य स्वास्थ्य पेशेवर द्वारा अंतिम बीमारी के दौरान किए गए निदान के बारे में पूछ रहे हैं।</span>"
hi,question,Id10132,guidance_hint,"<span style=""color:blue"">पूछें कि क्या मृतक को कभी किसी चिकित्सक या अन्य स्वास्थ्यकर्मी द्वारा उच्च रक्तचाप का रोगी बताया गया था। उत्तरदाता को याद दिलाएँ कि हम डॉक्टर, स्वास्थ्यकर्मी या किसी अन्य स्वास्थ्य पेशेवर द्वारा अंतिम बीमारी के दौरान किए गए निदान के बारे में पूछ रहे हैं। उच्च रक्तचाप के लिए कोई स्थानीय शब्द हो सकता है। यदि हो, तो सुनिश्चित करें कि उसका उल्लेख अनूदित प्रश्नावली में किया गया है, और पूछताछ के लिए उसी शब्द का प्रयोग करें।</span>"
hi,question,Id10133,guidance_hint,"<span style=""color:blue"">पूछें कि क्या मृतक को कभी किसी चिकित्सक या अन्य स्वास्थ्यकर्मी द्वारा हृदय रोग का रोगी बताया गया था। उत्तरदाता को याद दिलाएँ कि हम डॉक्टर, स्वास्थ्यकर्मी या किसी अन्य स्वास्थ्य पेशेवर द्वारा अंतिम बीमारी के दौरान किए गए निदान के बारे में पूछ रहे हैं।</span>"
hi,question,Id10134,guidance_hint,"<span style=""color:blue"">पूछें कि क्या मृतक को किसी चिकित्सक या अन्य स्वास्थ्यकर्मी द्वारा मधुमेह का रोगी बताया गया था। उत्तरदाता को याद दिलाएँ कि हम डॉक्टर, स्वास्थ्यकर्मी या किसी अन्य स्वास्थ्य पेशेवर द्वारा अंतिम बीमारी के दौरान किए गए निदान के बारे में पूछ रहे हैं। मधुमेह के लिए कोई स्थानीय शब्द हो सकता है। यदि हो, तो सुनिश्चित करें कि उसका उल्लेख अनूदित प्रश्नावली में किया गया है, और पूछताछ के लिए स्थानीय शब्द का प्रयोग करें।</span>"
hi,question,Id10135,guidance_hint,"<span style=""color:blue"">पूछें कि क्या मृतक को किसी चिकित्सक या अन्य स्वास्थ्यकर्मी द्वारा दमा का रोगी बताया गया था। उत्तरदाता को याद दिलाएँ कि हम डॉक्टर, स्वास्थ्यकर्मी या किसी अन्य स्वास्थ्य पेशेवर द्वारा अंतिम बीमारी के दौरान किए गए निदान के बारे में पूछ रहे हैं। दमा के लिए कोई स्थानीय शब्द हो सकता है। यदि हो, तो सुनिश्चित करें कि उसका उल्लेख अनूदित प्रश्नावली में किया गया है, और पूछताछ के लिए स्थानीय शब्द का प्रयोग करें। आपको यह दिखाना पड़ सकता है कि दमे का रोगी साँस लेने में कैसे संघर्ष करता है।</span>"
hi,question,Id10136,guidance_hint,"<span style=""color:blue"">पूछें कि क्या मृतक को किसी चिकित्सक या अन्य स्वास्थ्यकर्मी द्वारा मिर्गी का रोगी बताया गया था। उत्तरदाता को याद दिलाएँ कि हम डॉक्टर, स्वास्थ्यकर्मी या किसी अन्य स्वास्थ्य पेशेवर द्वारा अंतिम बीमारी के दौरान किए गए निदान के बारे में पूछ रहे हैं। मिर्गी के लिए कोई स्थानीय शब्द हो सकता है। यदि हो, तो सुनिश्चित करें कि उसका उल्लेख अनूदित प्रश्नावली में किया गया है, और पूछताछ के लिए स्थानीय शब्द का प्रयोग करें। आपको मिर्गी का दौरा कैसा होता है, यह दिखाना पड़ सकता है।</span>"
hi,question,Id10137,guidance_hint,"<span style=""color:blue"">पूछें कि क्या मृतक को कभी किसी चिकित्सक या अन्य स्वास्थ्यकर्मी द्वारा कैंसर का रोगी बताया गया था। उत्तरदाता को याद दिलाएँ कि हम डॉक्टर, स्वास्थ्यकर्मी या किसी अन्य स्वास्थ्य पेशेवर द्वारा अंतिम बीमारी के दौरान किए गए निदान के बारे में पूछ रहे हैं। कैंसर के लिए कोई स्थानीय शब्द हो सकता है। यदि हो, तो सुनिश्चित करें कि उसका उल्लेख अनूदित प्रश्नावली में किया गया है, और पूछताछ के लिए स्थानीय शब्द का प्रयोग करें।</span>"
hi,question,Id10138,guidance_hint,"<span style=""color:blue"">पूछें कि क्या मृतक को किसी चिकित्सक या अन्य स्वास्थ्यकर्मी द्वारा COPD का रोगी बताया गया था। उत्तरदाता को याद दिलाएँ कि हम डॉक्टर, स्वास्थ्यकर्मी या किसी अन्य स्वास्थ्य पेशेवर द्वारा अंतिम बीमारी के दौरान किए गए निदान के बारे में पूछ रहे हैं। COPD के रोगियों को बार-बार साँस फूलने के दौरे पड़ते हैं, साथ में खाँसी के दौरे और बलगम भी होता है, और राहत व इलाज के लिए अक्सर चिकित्सा सहायता की आवश्यकता पड़ती है।</span>"
hi,question,Id10139,guidance_hint,"<span style=""color:blue"">पूछें कि क्या मृतक को कभी किसी चिकित्सक या अन्य स्वास्थ्यकर्मी द्वारा मनोभ्रंश (डिमेंशिया) का रोगी बताया गया था। उत्तरदाता को याद दिलाएँ कि हम डॉक्टर, स्वास्थ्यकर्मी या किसी अन्य स्वास्थ्य पेशेवर द्वारा अंतिम बीमारी के दौरान किए गए निदान के बारे में पूछ रहे हैं। आपको मनोभ्रंश के लिए स्थानीय शब्द का पता लगाना पड़ सकता है। यह ऐसी स्थिति है जिसमें व्यक्ति अधिक भुलक्कड़ हो जाता है; आमतौर पर ऐसा बुज़ुर्गों में होता है। यदि कोई स्थानीय शब्द है, तो सुनिश्चित करें कि उसका उल्लेख अनूदित प्रश्नावली में किया गया है, और पूछताछ के लिए स्थानीय शब्द का प्रयोग करें।</span>"
hi,question,Id10140,guidance_hint,"<span style=""color:blue"">पूछें कि क्या मृतक को कभी किसी चिकित्सक या अन्य स्वास्थ्यकर्मी द्वारा अवसाद का रोगी बताया गया था। उत्तरदाता को याद दिलाएँ कि हम डॉक्टर, स्वास्थ्यकर्मी या किसी अन्य स्वास्थ्य पेशेवर द्वारा अंतिम बीमारी के दौरान किए गए निदान के बारे में पूछ रहे हैं। आपको अवसाद के लिए स्थानीय शब्द का पता लगाना पड़ सकता है। यह ऐसी स्थिति है जिसमें व्यक्ति परिवार और समुदाय से कटा-कटा रहने लगता है, अकेला पड़ जाता है, कम बातचीत करता है और दुखी रहता है। यदि अवसाद के लिए कोई स्थानीय शब्द है, तो सुनिश्चित करें कि उसका उल्लेख अनूदित प्रश्नावली में किया गया है, और पूछताछ के लिए स्थानीय शब्द का प्रयोग करें।</span>"
hi,question,Id10141,guidance_hint,"<span style=""color:blue"">पूछें कि क्या मृतक को किसी चिकित्सक या अन्य स्वास्थ्यकर्मी द्वारा स्ट्रोक (लकवे का दौरा) हुआ बताया गया था। उत्तरदाता को याद दिलाएँ कि हम डॉक्टर, स्वास्थ्यकर्मी या किसी अन्य स्वास्थ्य पेशेवर द्वारा अंतिम बीमारी के दौरान किए गए निदान के बारे में पूछ रहे हैं। स्ट्रोक के लिए कोई स्थानीय शब्द हो सकता है। यह ऐसी स्थिति है जिसमें व्यक्ति अचानक बेहोश हो जाता है और/या शरीर के एक ओर के हिस्से को लकवा मार जाता है। यदि स्ट्रोक के लिए कोई स्थानीय शब्द है, तो सुनिश्चित करें कि उसका उल्लेख अनूदित प्रश्नावली में किया गया है, और पूछताछ के लिए स्थानीय शब्द का प्रयोग करें।</span>"
hi,question,Id10142,guidance_hint,"<span style=""color:blue"">पूछें कि क्या मृतक को कभी किसी चिकित्सक या अन्य स्वास्थ्यकर्मी द्वारा सिकल सेल रोग का रोगी बताया गया था। उत्तरदाता को याद दिलाएँ कि हम डॉक्टर, स्वास्थ्यकर्मी या किसी अन्य स्वास्थ्य पेशेवर द्वारा अंतिम बीमारी के दौरान किए गए निदान के बारे में पूछ रहे हैं। सिकल रोग के लिए कोई स्थानीय शब्द हो सकता है। यह ऐसी स्थिति है जिसमें व्यक्ति का खून पतला हो जाता है और वह बार-बार बीमार पड़ता है, और इसका निदान खून की जाँच से होता है। यदि कोई स्थानीय शब्द है, तो सुनिश्चित करें कि उसका उल्लेख अनूदित प्रश्नावली में किया गया है और पूछताछ के लिए स्थानीय शब्द का प्रयोग करें।</span>"
hi,question,Id10143,guidance_hint,"<span style=""color:blue"">पूछें कि क्या मृतक को हाल ही में या अंतिम बीमारी के दौरान किसी चिकित्सक या अन्य स्वास्थ्यकर्मी द्वारा गुर्दे की बीमारी का रोगी बताया गया था। उत्तरदाता को याद दिलाएँ कि हम डॉक्टर, स्वास्थ्यकर्मी या किसी अन्य स्वास्थ्य पेशेवर द्वारा अंतिम बीमारी के दौरान किए गए निदान के बारे में पूछ रहे हैं। गुर्दे की बीमारी के लिए कोई स्थानीय शब्द हो सकता है। यदि हो, तो सुनिश्चित करें कि उसका उल्लेख अनूदित प्रश्नावली में किया गया है और पूछताछ के लिए स्थानीय शब्द का प्रयोग करें।</span>"
hi,question,Id10144,guidance_hint,"<span style=""color:blue"">पूछें कि क्या मृतक को हाल ही में या अंतिम बीमारी के दौरान किसी चिकित्सक या अन्य स्वास्थ्यकर्मी द्वारा यकृत (लिवर) की बीमारी का रोगी बताया गया था। उत्तरदाता को याद दिलाएँ कि हम डॉक्टर, स्वास्थ्यकर्मी या किसी अन्य स्वास्थ्य पेशेवर द्वारा अंतिम बीमारी के दौरान किए गए निदान के बारे में पूछ रहे हैं। यकृत की बीमारी के लिए कोई स्थानीय शब्द हो सकता है। यदि हो, तो सुनिश्चित करें कि उसका उल्लेख अनूदित प्रश्नावली में किया गया है, और पूछताछ के लिए स्थानीय शब्द का प्रयोग करें।</span>"
hi,question,Id10147,guidance_hint,"<span style=""color:blue"">बुखार वह स्थिति है जब शरीर असामान्य रूप से गर्म लगता है या छूने पर गर्म महसूस होता है, और/या जब थर्मामीटर असामान्य रूप से अधिक तापमान दर्शाता है। बुखार संक्रमणों का एक आम लक्षण है, और अक्सर अन्य लक्षणों के साथ मिलकर होता है। नवजात शिशुओं में बुखार एक सूक्ष्म संकेत होता है, और माँ या रिश्तेदारों का इस पर ध्यान नहीं जा सकता। अधिकांश समुदायों / भाषाओं में बुखार के लिए एक स्थानीय शब्द होता है, जिसे प्रश्नावली के स्थानीय भाषा के अनूदित संस्करण में शामिल किया जाना चाहिए। यदि उत्तर ""NO/DK/Ref"" है, तो Id10153 पर जाएँ।</span>"
hi,question,Id10148_a,constraint_message,कृपया मृत्यु के समय नवजात की आयु (दिनों में) से कम मान दर्ज करें।
hi,question,Id10148_a,guidance_hint,"<span style=""color:blue"">अधिकांश तीव्र संक्रमणों में, मृत्यु से पहले की अवधि के दौरान बुखार कम से कम 1–2 दिन तक रहता है। कुछ दीर्घकालिक संक्रमणों में बुखार अधिक अवधि तक रह सकता है। अनुमानित अवधि जान लेने से विशिष्ट संक्रमण का निदान करने में सहायता मिलती है। यदि 1 दिन या 24 घंटे से कम हो, तो “0” दर्ज करें। दिनों की संख्या तय करने के लिए 1 सप्ताह = 7 दिन मानें। यदि पता नहीं है, तो “99” दर्ज करें। यदि उत्तर देने से इनकार किया, तो “88” दर्ज करें।</span>"
hi,question,Id10148_b,constraint_message,"यदि उत्तर 30 दिन से अधिक था, तो उत्तरदाता से समय महीनों में बताने को कहें।"
hi,question,Id10148_c,constraint_message,"संभावित उत्तर 60 महीने से कम है। यदि उत्तर 60 महीने से अधिक था, तो उत्तर की पुष्टि करें और 60 दर्ज करें।"
hi,question,Id10149,guidance_hint,"<span style=""color:blue"">अधिक अवधि के बुखार की स्थिति में, यह जानना महत्वपूर्ण है कि क्या बुखार मृत्यु से ठीक पहले की अंतिम बीमारी की अवधि में भी था। </span>"
hi,question,Id10150,guidance_hint,"<span style=""color:blue"">गंभीरता से तात्पर्य बुखार की तीव्रता से है, जो कुछ स्थितियों में काफ़ी अधिक हो सकती है, जब शरीर बहुत गर्म लगता है। कई बार उत्तरदाता के लिए बुखार की गंभीरता बताना कठिन हो सकता है, इसलिए उत्तरदाता द्वारा समझी और बताई गई गंभीरता को ही दर्ज करें। उचित उत्तर चुनें।</span>"
hi,question,Id10151,guidance_hint,"<span style=""color:blue"">कुछ संक्रमणों में बुखार के विशिष्ट पैटर्न होते हैं – लगातार, या रुक-रुककर आने वाला; या केवल रात में आने वाला बुखार। यदि प्रश्न सीधे समझ में न आए, तो इन अलग-अलग पैटर्न का उल्लेख करें और पूछें कि क्या बुखार इनमें से किसी पैटर्न का था, और उसके अनुसार उत्तर दर्ज करें।</span>"
hi,question,Id10153,guidance_hint,"<span style=""color:blue"">खाँसी श्वसन तंत्र के संक्रमणों और अन्य स्थितियों का एक आम लक्षण और बहुत महत्वपूर्ण संकेत है। निमोनिया जैसी श्वसन संबंधी स्थितियाँ कभी-कभी अन्य बीमारियों के अंतिम चरणों में, विशेषकर बुज़ुर्गों में, मौजूद होती हैं, इसलिए इस प्रश्न का सकारात्मक उत्तर मिल सकता है। यह प्रश्न सावधानी से पूछें और नकारात्मक उत्तर को दोबारा जाँच लें, क्योंकि इससे खाँसी से संबंधित अन्य सभी प्रश्न छूट जाएँगे। यदि खाँसी का उत्तर सकारात्मक है, तो खाँसी की प्रकृति बताने वाले आगे के प्रश्नों को ध्यान से पूछने का ध्यान रखें। नवजात शिशुओं के लिए: यह प्रश्न इसलिए पूछा जाता है क्योंकि खाँसी फेफड़ों के संक्रमण या गले अथवा छाती से जुड़ी किसी अन्य स्वास्थ्य समस्या का संकेत हो सकती है। यद्यपि नवजात शिशुओं में खाँसी बीमारी का प्रमुख लक्षण न हो, फिर भी माँ को यह याद हो सकती है, और यह एक उपयोगी नैदानिक संकेत है। यदि ""NO/DK/Ref"" है, तो Id10159 पर जाएँ।</span>"
hi,question,Id10154_a,constraint_message,"यदि उत्तर 30 दिन से अधिक था, तो उत्तरदाता से समय महीनों में बताने को कहें।"
hi,question,Id10154_b,constraint_message,"संभावित उत्तर 60 महीने से कम है। यदि उत्तर 60 महीने से अधिक था, तो उत्तर की पुष्टि करें और 60 दर्ज करें।"
hi,question,Id10154_units,guidance_hint,"<span style=""color:blue"">खाँसी की अवधि से यह तय करने में सहायता मिलती है कि क्या श्वसन संबंधी स्थिति ही मृत्यु का कारण बनी मुख्य बीमारी थी, विशेषकर जब खाँसी के साथ शरीर के अन्य तंत्रों से जुड़े लक्षण भी मौजूद हों। कुछ मामलों में कई वर्षों तक बार-बार खाँसी के दौरे पड़ सकते हैं, इसलिए आवश्यकता हो तो साक्षात्कारकर्ता को इस बिंदु को उत्तरदाता से स्पष्ट कर लेना चाहिए। मृत्यु से पहले की अवधि के दौरान खाँसी की अवधि का सटीक उत्तर पाने के लिए सावधानी से पूछताछ करें और आवश्यकता हो तो दोबारा जाँच लें। उत्तर के अनुसार सबसे उपयुक्त इकाई चुनें – दिन या महीने। मान्य उत्तर 0–30 दिन या 1–60 महीने के बीच है। 1 दिन या 24 घंटे से कम के लिए “0” दिन दर्ज करें। 1 सप्ताह = 7 दिन मानें। संभावित उत्तर 60 महीने से कम है। यदि दिया गया उत्तर 60 महीने से अधिक हो, तो उत्तर की पुष्टि करें और ""60"" दर्ज करें। यदि उत्तरदाता को खाँसी की अवधि ठीक से याद नहीं है, तो उसे याद दिलाएँ और चिकित्सकीय रूप से जो दर्ज करना प्रासंगिक है, उसके अनुसार दर्ज करें। यदि खाँसी:</span>
<span style=""color:blue"">● 3 सप्ताह से कम रही – साक्षात्कारकर्ता 20 दिन दर्ज करे;</span>
<span style=""color:blue"">● कम से कम 3 सप्ताह रही – साक्षात्कारकर्ता 22 दिन दर्ज करे। </span>"
hi,question,Id10155,guidance_hint,"<span style=""color:blue"">अक्सर किसी व्यक्ति को केवल सूखी खाँसी हो सकती है। जब कोई व्यक्ति निमोनिया या TB जैसी बीमारियों से पीड़ित होता है, तो खाँसी का दौरा छाती की साँस की नलियों में बने कुछ स्राव के थूकने के साथ समाप्त हो सकता है, जिसे कफ (बलगम) कहा जाता है। यह स्राव साफ़ या सफ़ेद तरल, या रंगीन (मवाद), या यहाँ तक कि खून भी हो सकता है (देखें Id10157)। कफ के लिए अक्सर एक स्थानीय शब्द होता है, जिसका प्रयोग पूछताछ के लिए किया जाना चाहिए।</span>"
hi,question,Id10156,guidance_hint,"<span style=""color:blue"">खाँसी की गंभीरता से तात्पर्य मृतक में मौजूद लक्षणों के बीच उसकी प्रमुखता से है। गंभीरता को परिभाषित करना अक्सर कठिन होता है। फिर भी, यह पूछकर खाँसी की गंभीरता का आकलन किया जा सकता है कि क्या खाँसी के दौरे लंबे समय तक चलते थे, या क्या लेटने की स्थिति या शारीरिक परिश्रम से खाँसी बढ़ जाती थी, और/या उससे नींद प्रभावित होती थी। </span>"
hi,question,Id10157,guidance_hint,"<span style=""color:blue"">निमोनिया से पीड़ित बच्चे के बलगम में खून की धारियाँ आ सकती हैं। यह तपेदिक (TB) और फेफड़ों के कैंसर में भी हो सकता है, लेकिन बच्चों में ये स्थितियाँ अपेक्षाकृत दुर्लभ हैं। बलगम में खून का होना आसानी से पहचाना जाने वाला संकेत है, और उत्तरदाताओं को यह याद रहने की संभावना होती है, चाहे मृतक ने उन्हें बताया हो या उन्होंने स्वयं देखा हो। यह संकेत अक्सर स्वास्थ्य सेवा लेने का प्रयास भी शुरू करवा देता है, इसलिए रिश्तेदारों को आमतौर पर यह याद रहता है।</span>"
hi,question,Id10158,guidance_hint,"<span style=""color:blue"">कुछ मामलों में, खाँसी के दौरे से पहले बच्चा साँस अंदर खींचते समय तेज़ ""हूप"" जैसी आवाज़ निकाल सकता है। यह एक विशिष्ट आवाज़ है जो उत्तरदाता को याद हो सकती है, विशेषकर जब खाँसी को गंभीर बताया गया हो।</span>"
hi,question,Id10159,guidance_hint,"<span style=""color:blue"">साँस लेने में कठिनाई मृत्यु का कारण पहचानने में सहायक एक महत्वपूर्ण लक्षण है, और यह असामान्य रूप से शोर वाली साँस के रूप में देखी जा सकती है, मानो साँस की नली (श्वास नली) में किसी प्रकार की रुकावट हो। साँस फूलने का अर्थ है गहरी साँसें लेना, या अधिक या अतिरिक्त प्रयास से साँस लेने का एहसास होना या ऐसा करते हुए देखा जाना। नवजात शिशुओं में अंतिम बीमारी के हिस्से के रूप में निमोनिया के साथ थोड़े समय के लिए साँस फूल सकती है। यदि बताया गया कि मृतक को साँस लेने में कठिनाई और/या साँस फूलने की समस्या थी, तो “Yes” दर्ज करें। यदि उत्तर ""NO/DK/Ref"" है, तो Id10166 पर जाएँ।</span>"
hi,question,Id10161_0,constraint_message,कृपया मृत्यु के समय नवजात की आयु (दिनों में) से कम मान दर्ज करें।
hi,question,Id10161_0,guidance_hint,"<span style=""color:blue"">साँस लेने में कठिनाई या साँस फूलने की अवधि से बीमारी की गंभीरता और मृत्यु के कारण से उसके संबंध को समझने में सहायता मिल सकती है। उन दिनों की संख्या दर्ज करें जिनके दौरान बच्चे को साँस लेने में कठिनाई या साँस फूलते हुए देखा गया। यदि यह केवल 1 दिन से कम देखा गया, तो 0 दिन। साँस लेने में कठिनाई की अवधि का उत्तर 0–30 दिन तक हो सकता है। दिनों की संख्या तय करने के लिए 1 सप्ताह = 7 दिन मानें। यदि पता नहीं है, तो “99” दर्ज करें। यदि उत्तर देने से इनकार किया, तो “88” दर्ज करें।</span>"
hi,question,Id10161_1,constraint_message,"यदि उत्तर 30 दिन से अधिक था, तो उत्तरदाता से समय किसी अन्य इकाई में बताने को कहें।"
hi,question,Id10162,constraint_message,"यदि उत्तर 11 महीने से अधिक था, तो उत्तरदाता से समय वर्षों में बताने को कहें।"
hi,question,Id10163,constraint_message,दर्ज की गई अवधि मृत्यु के समय की आयु से अधिक है।
hi,question,Id10165,guidance_hint,"<span style=""color:blue"">जैसा ऊपर बताया गया है, दमे में घरघराहट पैदा करने वाली साँस की कठिनाई महीनों और वर्षों तक रुक-रुककर होती है, और यह एक महत्वपूर्ण लक्षण है। बचपन के निमोनिया से जुड़ी शोर वाली कठिन साँस बीमारी के दौरान लगातार रह सकती है। नवजात और शिशु निमोनिया में, शोर वाली साँस केवल अंतिम बीमारी के दौरान, मृत्यु से कुछ घंटे से लेकर 2–3 दिन पहले तक, हर साँस के साथ लगातार होती है। स्पष्ट करें कि अंतिम बीमारी के दौरान साँस लेने में कठिनाई लगातार थी या रुक-रुककर।</span>"
hi,question,Id10166,guidance_hint,"<span style=""color:blue"">तेज़ साँस आमतौर पर बुखार के साथ होती है, और नवजात शिशुओं तथा बच्चों में निमोनिया के संकेतों में से एक है। यह एक सूक्ष्म संकेत है, और हो सकता है कि इसे साँस फूलने या शोर वाली साँस से अलग पहचाना न गया हो। यह आमतौर पर उत्तरदाता का व्यक्तिपरक अवलोकन होता है, इसलिए उत्तर को जैसा बताया गया है वैसा ही दर्ज करें, आगे और पूछताछ न करें। नवजात शिशुओं और बच्चों के लिए, यदि उत्तर ""NO/DK/Ref"" है, तो Id10172 पर जाएँ। केवल वयस्कों के लिए - यदि ""NO/DK/Ref"" है तो Id10173_a पर जाएँ</span>"
hi,question,Id10167_a,constraint_message,कृपया मृत्यु के समय नवजात की आयु (दिनों में) से कम मान दर्ज करें।
hi,question,Id10167_a,guidance_hint,"<span style=""color:blue"">तेज़ साँस की अवधि बीमारी की गंभीरता दर्शाती है, लेकिन इस संकेत को पहचानना और याद रखना कठिन होता है। यदि 1 दिन या 24 घंटे से कम हो, तो “0” दर्ज करें। मान्य अवधि मृतक की दिनों में आयु से अधिक नहीं हो सकती। दिनों की संख्या तय करने के लिए 1 सप्ताह = 7 दिन मानें। यदि पता नहीं है, तो “99” दर्ज करें। यदि उत्तर देने से इनकार किया, तो “88” दर्ज करें।</span>"
hi,question,Id10167_b,constraint_message,"यदि उत्तर 30 दिन से अधिक था, तो उत्तरदाता से समय महीनों में बताने को कहें।"
hi,question,Id10167_c,constraint_message,"संभावित उत्तर 60 महीने से कम है। यदि उत्तर 60 महीने से अधिक था, तो उत्तर की पुष्टि करें और 60 दर्ज करें।"
hi,question,Id10167_units,guidance_hint,"<span style=""color:blue"">निमोनिया की स्थिति में तेज़ साँस की अवधि आमतौर पर अंतिम बीमारी की अवधि के समान होगी। यदि उत्तरदाता अंतिम बीमारी से अधिक अवधि तक तेज़ साँस बताता है, तो 4 सप्ताह से कम से लेकर 11 वर्ष तक के बच्चे की मृत्यु के लिए 2022 WHO VA प्रश्नावली के अनुसार स्पष्ट करें कि आप अंतिम बीमारी के दौरान तेज़ साँस के बारे में पूछ रहे हैं। उत्तर के अनुसार सबसे उपयुक्त इकाई चुनें – दिन या महीने। मान्य उत्तर 0–30 दिन या 1–60 महीने के बीच है। 1 दिन या 24 घंटे से कम के लिए “0” दिन दर्ज करें। 1 सप्ताह = 7 दिन मानें। संभावित उत्तर 60 महीने से कम है। यदि दिया गया उत्तर 60 महीने से अधिक हो, तो उत्तर की पुष्टि करें और ""60"" दर्ज करें। यदि उत्तरदाता को तेज़ साँस की अवधि ठीक से याद नहीं है, तो उसे याद दिलाएँ और चिकित्सकीय रूप से जो दर्ज करना प्रासंगिक है, उसके अनुसार दर्ज करें। यदि तेज़ साँस:</span>
<span style=""color:blue"">● 2 सप्ताह से कम रही – साक्षात्कारकर्ता 13 दिन दर्ज करे;</span>
<span style=""color:blue"">● कम से कम सप्ताह रही – साक्षात्कारकर्ता 15 दिन दर्ज करे।</span>"
hi,question,Id10171,guidance_hint,"<span style=""color:blue"">हृदय गति रुकने (हार्ट फेल्योर) या COPD की उन्नत अवस्थाओं में, सीधे लेटने पर भी साँस फूलती है, और अक्सर नींद में बाधा डालती है। कई मामलों में, व्यक्ति पीठ और गर्दन को सहारा देने के लिए कई तकियों के साथ सहारा लेकर ऊँचा होकर सोता है। पूछें कि क्या अंतिम बीमारी के दौरान मृतक को सीधे लेटने पर साँस फूलती थी, और उत्तर दर्ज करें।</span>"
hi,question,Id10172,guidance_hint,"<span style=""color:blue"">आमतौर पर साँस अंदर लेते समय छाती की दीवारें ऊपर उठती और फैलती हैं। श्वास मार्ग में रुकावट या गंभीर फेफड़ों की बीमारी की स्थिति में इसका उलटा होता है, जिसमें साँस अंदर लेते समय छाती की निचली दीवार (विशेषकर पसलियों के बीच की जगहें) अंदर की ओर खिंचती है। बीमार नवजात/बच्चे की निकट से देखभाल करने वाला व्यक्ति इसे देख सकता है। कुछ समुदायों में इस संकेत के लिए एक स्थानीय शब्द होता है। यदि ऐसा है, तो इस शब्द को प्रश्नावली के स्थानीय अनूदित संस्करण में शामिल करें।</span>"
hi,question,Id10173_a,guidance_hint,"<span style=""color:blue"">घरघराहट (व्हीज़िंग) सीटी जैसी आवाज़ है जो साँस बाहर छोड़ते समय छाती से आती है। VA साक्षात्कारकर्ता को उत्तरदाता को घरघराहट दिखाकर समझाने का प्रशिक्षण दिया जाना चाहिए। यदि ऑडियो फ़ाइल उपलब्ध हो तो उसे सुनाएँ। </span>"
hi,question,Id10173_nc,constraint_message,"""नहीं पता"" या ""उत्तर देने से मना"" या ""नहीं"" को अन्य विकल्पों के साथ चुनना संभव नहीं है। कृपया पीछे जाकर चयन सही करें।"
hi,question,Id10173_nc,guidance_hint,"<span style=""color:blue"">VA साक्षात्कारकर्ताओं को साँस लेने में कठिनाई के उन उदाहरणों की जानकारी होनी चाहिए जिनसे असामान्य आवाज़ें पैदा होती हैं, और उन्हें उनका वर्णन करने और/या उन्हें दिखाने में सक्षम होना चाहिए, तथा उत्तर को उसी के अनुसार दर्ज करना चाहिए। इनमें सीटी जैसी आवाज़ (जिसे आमतौर पर घरघराहट कहा जाता है) शामिल है। श्वसन रोग से पीड़ित नवजात शिशुओं में कठिन साँस के दौरान पैदा होने वाली अन्य असामान्य आवाज़ें हैं स्ट्राइडर (साँस अंदर लेते समय शोर) और ग्रंटिंग (साँस बाहर छोड़ते समय कराहने जैसा शोर)। यदि ऑडियो फ़ाइलें उपलब्ध हों तो उनका उपयोग करें। साँस के तीनों अलग-अलग प्रकार दिखाएँ और पूछें कि क्या उसे इनमें से कोई था। संबंधित बॉक्स चुनें।</span>"
hi,question,Id10174,guidance_hint,"<span style=""color:blue"">सीने के दर्द के कई संभावित कारण होते हैं जो दो प्रमुख श्रेणियों में आते हैं: हृदय संबंधी और गैर-हृदय संबंधी कारण। इस प्रश्न का उद्देश्य यह पहचानना है कि क्या मृत्यु से पहले की बीमारी के दौरान सीने में दर्द हुआ था, और दिल के दौरे से जुड़े हृदय संबंधी सीने के दर्द की पहचान करना है। हृदय संबंधी सीने का दर्द अचानक शुरू होता है, अक्सर बहुत तेज़ होता है, लगभग 30 मिनट से एक घंटे तक रहता है, और आमतौर पर केवल चिकित्सा सहायता से ही कम होता है। दूसरी ओर, गैर-हृदय संबंधी सीने का दर्द कम तेज़ होता है, आमतौर पर साँस लेने या खाँसने से बढ़ जाता है, और कई दिनों तक रहता है। यदि आवश्यक हो, तो ऊपर बताए प्रकारों के अनुसार स्पष्ट करें कि सीने के दर्द से क्या तात्पर्य है, और उत्तर को उसी के अनुसार दर्ज करें। यदि ""NO/DK/Ref"" है, तो Id10181 पर जाएँ।</span>"
hi,question,Id10175,guidance_hint,"<span style=""color:blue"">सीने के दर्द की गंभीरता का अनुमान छाती के बीच में अत्यधिक भारीपन या जकड़न के वर्णन से लगाया जा सकता है, जो व्यक्ति के सभी कार्यों और गतिविधियों को पूरी तरह दबा देता है, पसीने के साथ और संभवतः गिर पड़ने की स्थिति तक पहुँच सकता है। कम गंभीर सीने का दर्द साँस की गति या छाती की दीवार में स्थानीय कोमलता से जुड़ा होता है, और अक्सर गैर-हृदय संबंधी सीने का दर्द होता है। इसे आमतौर पर सहन कर लिया जाता है, और समय के साथ देखभाल करने वालों के ध्यान में लाया जाता है; इसके विपरीत हृदय संबंधी सीने का दर्द तेज़ होता है और उसके प्रभाव नाटकीय होते हैं।</span>"
hi,question,Id10176,constraint_message,"कृपया 0 से 99 के बीच का मान दर्ज करें। यदि उत्तर 98 दिन से अधिक था, तो उत्तर की पुष्टि करें और 98 दर्ज करें।"
hi,question,Id10176,guidance_hint,"<span style=""color:blue"">हृदय रोग से जुड़ा सीने का दर्द आमतौर पर अचानक शुरू होता है और कम अवधि का होता है। यह अक्सर मृत्यु से 24 घंटे के भीतर होता है। फिर भी, पहले अचानक तेज़ सीने के दर्द के दौरे पड़े हो सकते हैं, या दवा के अधीन पुराना सीने का दर्द रहा हो सकता है, जो व्यायाम करने पर प्रकट हो सकता है। यदि कई दौरे पड़े थे, तो मृत्यु से पहले अंतिम गंभीर सीने के दर्द के दौरे से लेकर की अवधि दर्ज करें। दूसरी ओर, निमोनिया जैसी छाती की बीमारी से जुड़ा दर्द कई दिनों तक रहा हो सकता है, साँस लेने से जुड़ा होता है, और बहुत तेज़ नहीं होता। उत्तर को दिनों की संख्या में दर्ज करें; यदि 1 दिन या 24 घंटे से कम हो, तो 0 दिन दर्ज करें। दिनों की संख्या तय करने के लिए 1 सप्ताह = 7 दिन मानें। यदि उत्तरदाता को सीने के दर्द की अवधि ठीक से याद नहीं है, तो उसे याद दिलाएँ और चिकित्सकीय रूप से जो दर्ज करना प्रासंगिक है, उसके अनुसार दर्ज करें। यदि सीने का दर्द: </span>
<span style=""color:blue"">● मृत्यु से 3 दिन से कम पहले रहा – साक्षात्कारकर्ता 2 दिन दर्ज करे; </span>
<span style=""color:blue"">● मृत्यु से कम से कम 3 दिन से अधिक पहले रहा – साक्षात्कारकर्ता 4 दिन दर्ज करे। </span>
<span style=""color:blue"">यदि पता नहीं है, तो ""99"" दर्ज करें। यदि उत्तर देने से इनकार किया, तो ""88"" दर्ज करें। मान्य उत्तर 0 से 99 के बीच है। यदि उत्तर संयोग से 88 दिन हो, तो उसकी जगह “87” दर्ज करें ताकि उत्तर अपने आप उत्तर देने से इनकार के रूप में कोडित न हो जाए।</span>"
hi,question,Id10178_unit,guidance_hint,"<span style=""color:blue"">कभी-कभी सीने में दर्द का दौरा पड़ने के बाद थोड़े ही समय में व्यक्ति बेहोश हो जाता है और उसकी मृत्यु हो जाती है। हृदय से जुड़ा तीव्र सीने का दर्द लगभग 2–3 घंटे तक रह सकता है। इसलिए निदान स्थापित करने के लिए सीने के दर्द की अवधि महत्वपूर्ण है। उत्तर के अनुसार सबसे उपयुक्त इकाई चुनें - घंटे या दिन। मान्य उत्तर 1–23 घंटे के बीच है, या Id10176: मृत्यु से कितने दिन पहले उसे सीने में दर्द हुआ था, के उत्तर से कम दिन। 1 सप्ताह = 7 दिन मानें। ध्यान दें कि इस प्रश्न का उपयोग स्वचालित विश्लेषण सॉफ़्टवेयर द्वारा नहीं किया जाता, लेकिन यह चिकित्सक की समीक्षा के लिए महत्वपूर्ण है। यदि उत्तरदाता सीने के दर्द की अवधि ठीक-ठीक याद नहीं कर पाता, तो जो चिकित्सकीय रूप से दर्ज करना प्रासंगिक है, उसके अनुसार पूछताछ करें और दर्ज करें। यदि सीने का दर्द इतने समय तक रहा:</span>
<span style=""color:blue"">● 0-1 घंटा – 0 घंटे दर्ज करें;</span>
<span style=""color:blue"">● 1-4 घंटे – 4 घंटे दर्ज करें;</span>
<span style=""color:blue"">● 5-23 घंटे – 23 घंटे दर्ज करें।</span>"
hi,question,Id10179,constraint_message,"यदि उत्तर 23 घंटे से अधिक था, तो उत्तरदाता से समय दिनों में बताने को कहें।"
hi,question,Id10179_1,constraint_message,उत्तर ID10176 के उत्तर से कम होना चाहिए।
hi,question,Id10181,guidance_hint,"<span style=""color:blue"">उत्तरदाता से पूछें कि वह दस्त (सामान्य से अधिक बार पतला या तरल मल आना) को क्या समझता/समझती है; यदि उसकी समझ अस्पष्ट या गलत हो, तो उत्तरदाता को समझाएँ कि दस्त का अर्थ है बार-बार पतला या पानी जैसा मल आना, चाहे उसमें खून हो या न हो। इसके लिए स्थानीय शब्द हो सकते हैं; यदि हों, तो उन्हें प्रश्नावली के स्थानीय अनूदित संस्करण में शामिल करें। यदि ""NO/DK/Ref"" है, तो Id10186 पर जाएँ।</span>"
hi,question,Id10182_a,constraint_message,"यदि उत्तर 30 दिन से अधिक था, तो उत्तरदाता से समय महीनों में बताने को कहें।"
hi,question,Id10182_b,constraint_message,"संभावित उत्तर 60 महीने से कम है। यदि उत्तर 60 महीने से अधिक था, तो उत्तर की पुष्टि करें और 60 दर्ज करें।"
hi,question,Id10182_units,guidance_hint,"<span style=""color:blue"">यह प्रश्न तब पूछा जाता है जब मृतक को दस्त होने की जानकारी दी गई हो। यह अलग-अलग अवधि तक हो सकता है; जैसे HIV/AIDS, दीर्घकालिक कुपोषण या सीलिएक रोग जैसी स्थितियों में प्रभावित व्यक्ति को हफ्तों या महीनों तक लंबे समय तक दस्त हो सकते हैं। दूसरी ओर, यह मृत्यु से ठीक पहले दस्त का एक दौर भी हो सकता है। उत्तर के अनुसार सबसे उपयुक्त इकाई चुनें – दिन या महीने। मान्य उत्तर 0–30 दिन या 1–60 महीने के बीच है। 1 दिन या 24 घंटे से कम के लिए “0” दिन दर्ज करें। 1 सप्ताह = 7 दिन मानें। संभावित उत्तर 60 महीने से कम है। यदि दिया गया उत्तर 60 महीने से अधिक हो, तो उत्तर की पुष्टि करें और “60” दर्ज करें। यदि उत्तरदाता दस्त की अवधि ठीक-ठीक याद नहीं कर पाता, तो जो चिकित्सकीय रूप से दर्ज करना प्रासंगिक है, उसके अनुसार पूछताछ करें और दर्ज करें। यदि दस्त इतने समय तक रहे: </span>
<span style=""color:blue"">● 2 सप्ताह से कम - साक्षात्कारकर्ता 13 दिन दर्ज करे;</span>
<span style=""color:blue"">● 2 से 4 सप्ताह – साक्षात्कारकर्ता 15 दिन दर्ज करे;</span>
<span style=""color:blue"">● 4 सप्ताह से अधिक – साक्षात्कारकर्ता 29 दिन दर्ज करे। </span>"
hi,question,Id10183,constraint_message,"कृपया 1-20, 88, 99 में से कोई मान दर्ज करें। यदि उत्तर 20 से अधिक है, तो उत्तर की पुष्टि करें और 20 दर्ज करें।"
hi,question,Id10183,guidance_hint,"<span style=""color:blue"">यह प्रश्न दस्त की बारंबारता दर्ज करता है। उत्तरदाता से पूछें कि मृत्यु से ठीक पहले की अवधि में किसी भी एक दिन मृतक को अधिकतम कितनी बार दस्त हुए, और इस संख्या को दिए गए स्थान में दर्ज करें। मान्य उत्तर 0 से 20 के बीच है। यदि उत्तर 20 से अधिक बार मल आने का हो, तो उत्तर की पुष्टि करें और “20” दर्ज करें। जानकारी न होने पर “99” दर्ज करें। उत्तर देने से मना करने पर “88” दर्ज करें।</span>"
hi,question,Id10184_a,constraint_message,कृपया मृत्यु के समय नवजात की आयु (दिनों में) से कम मान दर्ज करें।
hi,question,Id10184_a,guidance_hint,"<span style=""color:blue"">यह प्रश्न दस्त के दौर को विशेष रूप से मृत्यु से जोड़ने के लिए पूछा जाता है। यदि तीव्र दस्त था, तो शुरू होने से मृत्यु तक के दिनों की संख्या दर्ज करें। यदि दीर्घकालिक दस्त था, तो अंतिम दौर की अवधि दर्ज करें। यदि 1 दिन या 24 घंटे से कम हो, तो “0” दिन दर्ज करें। मान्य अवधि मृतक की दिनों में आयु से अधिक नहीं हो सकती। दिनों की संख्या निर्धारित करने के लिए 1 सप्ताह = 7 दिन मानें। जानकारी न होने पर “99” दर्ज करें। उत्तर देने से मना करने पर “88” दर्ज करें। यदि उत्तरदाता दिनों की संख्या ठीक-ठीक याद नहीं कर पाता, तो जो चिकित्सकीय रूप से दर्ज करना प्रासंगिक है, उसके अनुसार पूछताछ करें और दर्ज करें। यदि दस्त:</span>
<span style=""color:blue"">● मृत्यु से 3 दिन से कम पहले शुरू हुए - साक्षात्कारकर्ता 2 दिन दर्ज करे; </span>
<span style=""color:blue"">● मृत्यु से कम से कम 3 दिन पहले शुरू हुए – साक्षात्कारकर्ता 4 दिन दर्ज करे।</span>"
hi,question,Id10184_b,constraint_message,"यदि उत्तर 30 दिन से अधिक था, तो उत्तरदाता से समय महीनों में बताने को कहें।"
hi,question,Id10184_c,constraint_message,"संभावित उत्तर 60 महीने से कम है। यदि उत्तर 60 महीने से अधिक था, तो उत्तर की पुष्टि करें और 60 दर्ज करें।"
hi,question,Id10184_units,guidance_hint,"<span style=""color:blue"">यह प्रश्न दस्त के दौर को विशेष रूप से मृत्यु से जोड़ने के लिए पूछा जाता है। यदि तीव्र दस्त था (केवल कुछ दिन), तो शुरू होने से मृत्यु तक के दिनों की संख्या दर्ज करें। यदि दीर्घकालिक दस्त था (कई हफ्तों तक बार-बार होने वाले दौर), तो अंतिम दौर की अवधि दर्ज करें। उत्तर के अनुसार सबसे उपयुक्त इकाई चुनें – दिन या महीने। मान्य उत्तर 0–30 दिन या 1–60 महीने के बीच है। 1 दिन या 24 घंटे से कम के लिए “0” दिन दर्ज करें। 1 सप्ताह = 7 दिन मानें। संभावित उत्तर 60 महीने से कम है। यदि दिया गया उत्तर 60 महीने से अधिक हो, तो उत्तर की पुष्टि करें और “60” दर्ज करें। यदि उत्तरदाता दिनों की संख्या ठीक-ठीक याद नहीं कर पाता, तो जो चिकित्सकीय रूप से दर्ज करना प्रासंगिक है, उसके अनुसार पूछताछ करें और दर्ज करें। यदि दस्त शुरू हुए:</span>
<span style=""color:blue"">● मृत्यु से 3 दिन से कम पहले - साक्षात्कारकर्ता 2 दिन दर्ज करे; </span>
<span style=""color:blue"">● मृत्यु से कम से कम 3 दिन पहले – साक्षात्कारकर्ता 4 दिन दर्ज करे।</span>"
hi,question,Id10185,guidance_hint,"<span style=""color:blue"">इस प्रश्न का सकारात्मक उत्तर दस्त को मृत्यु के संभावित कारणों में गिनने का ठोस आधार देता है। हालाँकि, कुछ मामलों में मृतक बेहोशी में चला गया हो और मृत्यु से कुछ समय पहले कुछ खाया न हो, इसलिए दस्त मृत्यु से पहले ही रुक गए हों। ऐसी स्थिति में, दस्त को मृत्यु का कारण मानने का निदान करने के लिए इस प्रश्न के उत्तर को अन्य प्रश्नों के उत्तरों के साथ मिलाकर देखना होगा।</span>"
hi,question,Id10186,guidance_hint,"<span style=""color:blue"">यह दस्त से संबंधित हो सकता है, यदि दस्त हों। कुछ संक्रमणों में मल में खून आ सकता है, लेकिन यह अधिकतर बच्चों और वयस्कों में होता है, नवजात शिशुओं में दुर्लभ है। यदि यह हो, तो बीमार नवजात की देखभाल करने वाले लोग प्रायः इसे देख लेते हैं।</span>"
hi,question,Id10188,guidance_hint,"<span style=""color:blue"">उल्टी पेट के रोगों का एक सुपरिचित लक्षण है, लेकिन यह मेनिन्जाइटिस, मूत्र मार्ग संक्रमण या अन्य प्रणालीगत संक्रमण जैसी दूसरी स्थितियों में भी हो सकती है। अन्य लक्षणों के साथ इसका संबंध मृत्यु का कारण पहचानने में सहायक हो सकता है। नवजात: यदि ""NO/DK/Ref"" है, तो Id10275 पर जाएँ। केवल वयस्कों और बच्चों के लिए - यदि ""NO/DK/Ref"" है, तो Id10194 पर जाएँ </span>"
hi,question,Id10189,guidance_hint,"<span style=""color:blue"">यह प्रश्न इस बात की पुष्टि के लिए पूछा जाता है कि मृत्यु से पहले के सप्ताह में रोगी को विशेष रूप से उल्टी का कोई दौर हुआ था या नहीं। यद्यपि उल्टी उस बीमारी का प्रमुख लक्षण न रही हो जिससे मृत्यु हुई, फिर भी पिछले सप्ताह में उल्टी का होना बीमारी को जटिल बना सकता है या बढ़ा सकता है। </span>"
hi,question,Id10189_1,guidance_hint,"<span style=""color:blue"">यह प्रश्न उल्टी की गंभीरता का आकलन करने में मदद करता है।</span>"
hi,question,Id10190_a,constraint_message,"यदि उत्तर 30 दिन से अधिक था, तो उत्तरदाता से समय महीनों में बताने को कहें।"
hi,question,Id10190_b,constraint_message,"संभावित उत्तर 60 महीने से कम है। यदि उत्तर 60 महीने से अधिक था, तो उत्तर की पुष्टि करें और 60 दर्ज करें।"
hi,question,Id10190_units,guidance_hint,"<span style=""color:blue"">यह जानना उपयोगी है कि उल्टी के दौर कितने समय तक रहे, ताकि इस लक्षण का संभावित कारण से संबंध समझा जा सके। उत्तर के अनुसार सबसे उपयुक्त इकाई चुनें – दिन या महीने। मान्य उत्तर 0–30 दिन या 1–60 महीने के बीच है। 1 दिन या 24 घंटे से कम के लिए “0” दिन दर्ज करें। 1 सप्ताह = 7 दिन मानें। संभावित उत्तर 60 महीने से कम है। यदि दिया गया उत्तर 60 महीने से अधिक हो, तो उत्तर की पुष्टि करें और “60” दर्ज करें। यदि उत्तरदाता दिनों की संख्या ठीक-ठीक याद नहीं कर पाता, तो जो चिकित्सकीय रूप से दर्ज करना प्रासंगिक है, उसके अनुसार पूछताछ करें और दर्ज करें। यदि उल्टी इतने समय तक रही:</span>
<span style=""color:blue"">● 3 दिन से कम - साक्षात्कारकर्ता 2 दिन दर्ज करे;</span>
<span style=""color:blue"">● 3 दिन से अधिक – साक्षात्कारकर्ता 4 दिन दर्ज करे।</span>"
hi,question,Id10191,guidance_hint,"<span style=""color:blue"">खून की उल्टी पेट या लिवर के रोग का एक महत्वपूर्ण संकेत है, और यदि मात्रा काफ़ी अधिक हो, तो मृत्यु का कारण बन सकती है। उल्टी में ताज़ा खून आसानी से पहचाना जाता है और बीमारी के बारे में तुरंत चिंता और जागरूकता पैदा करता है। खून की उल्टी (पेट की सामग्री) और खून की खाँसी (छाती से) के बीच सावधानी से अंतर करना महत्वपूर्ण है; क्योंकि उत्तरदाता कभी-कभी इन दोनों में भ्रमित हो जाते हैं। उत्तरदाता से स्पष्ट करें और उत्तर को उसी के अनुसार दर्ज करें।</span>"
hi,question,Id10192,guidance_hint,"<span style=""color:blue"">कुछ मामलों में, कई घंटों तक पेट में हल्का रक्तस्राव हो सकता है, और जब तक इतनी मात्रा जमा न हो जाए कि उल्टी शुरू हो, तब तक पता नहीं चलता। ऐसे मामलों में उल्टी की सामग्री चटक लाल नहीं दिखती, क्योंकि खून पेट की अन्य सामग्री में मिल जाता है और रंग बदलकर कालापन लिए अर्ध-ठोस पदार्थ बन जाता है। काले पदार्थ की ऐसी उल्टी एक से अधिक बार हो सकती है - जो कॉफ़ी के बुरादे जैसी दिख सकती है। </span>"
hi,question,Id10194,guidance_hint,"<span style=""color:blue"">पेट दर्द की उपस्थिति से पेट की स्थिति के स्वरूप का संकेत मिल सकता है, और हो सकता है कि दर्द से राहत या चिकित्सा देखभाल पाने का प्रयास भी किया गया हो। कुछ मामलों में, दिल के दौरे का दर्द ऊपरी पेट में तीव्र दर्द के रूप में महसूस या वर्णित किया जा सकता है। सामान्यतः यह प्रश्न पेट दर्द के अचानक शुरू होने पर केंद्रित है। इसके लिए कोई स्थानीय शब्द हो सकता है। सुनिश्चित करें कि स्थानीय शब्द प्रश्नावली के अनूदित संस्करण में शामिल हो, और पूछताछ में उसी स्थानीय शब्द का उपयोग करें। यदि उत्तर ""NO/DK/Ref"" है, तो Id10200 पर जाएँ।</span>"
hi,question,Id10195,guidance_hint,"<span style=""color:blue"">दर्द की तीव्रता निदान तय करने में मदद कर सकती है। ऐसा तीव्र दर्द जिससे व्यक्ति गिर पड़ा हो और जिसके लिए चिकित्सकीय सहायता की ज़रूरत पड़ी हो, उसे सकारात्मक उत्तर के रूप में दर्ज किया जाएगा। सावधानी से पूछताछ करें, और नकारात्मक उत्तर तभी दर्ज करें जब केवल कोई अस्पष्ट, क्षणिक दर्द रहा हो। यदि उत्तरदाता सीधे ""YES"" कहता है, चाहे बिना किसी स्पष्टीकरण के ही, तो उसे वैसा ही दर्ज करें और आगे के प्रश्नों पर बढ़ें।</span>"
hi,question,Id10196,constraint_message,"यदि उत्तर 23 घंटे से अधिक था, तो उत्तरदाता से समय किसी अन्य इकाई में बताने को कहें।"
hi,question,Id10197_a,constraint_message,"यदि उत्तर 30 दिन से अधिक था, तो उत्तरदाता से समय महीनों में बताने को कहें"
hi,question,Id10198,constraint_message,"संभावित उत्तर 60 महीने से कम है। यदि उत्तर 60 से अधिक है, तो उत्तर की पुष्टि करें और 60 दर्ज करें।"
hi,question,Id10199,constraint_message,"""पूरे शरीर पर"" को अन्य विकल्पों के साथ चुनना संभव नहीं है"
hi,question,Id10199,guidance_hint,"<span style=""color:blue"">तीव्र पेट दर्द का स्थान भी एक महत्वपूर्ण सुराग है, लेकिन यह मृतक की अधिकतर व्यक्तिगत अनुभूति होती है, और हो सकता है कि वह उत्तरदाता को स्पष्ट रूप से न बताई गई हो। इसलिए उत्तरदाता के लिए इस प्रश्न का सटीक स्मरण कर उत्तर देना कठिन हो सकता है। पेट के चारों चतुर्थांश (ऊपर दाएँ; ऊपर बाएँ; नीचे दाएँ; नीचे बाएँ) दिखाएँ और पूछें कि दर्द होने पर क्या मृतक ने उस हिस्से की ओर इशारा किया था।</span>"
hi,question,Id10200,guidance_hint,"<span style=""color:blue"">कुछ रोगों (सबसे आम तौर पर लिवर की विफलता) में पेट में तरल जमा हो जाता है, जिससे पेट का आकार बढ़ जाता है और वह असामान्य रूप से उभरा हुआ और बाहर निकला हुआ दिखता है। इसी तरह, आंत में रुकावट की स्थिति में गैस और आंत की अन्य सामग्री जमा हो सकती है, लेकिन तरल के जमाव की तुलना में यह बहुत दुर्लभ है। पेट के आकार में यह वृद्धि अक्सर मृतक के रिश्तेदारों द्वारा देखी और याद रखी जाती है। यदि ""NO/DK/Ref"" है, तो Id10204 पर जाएँ।</span>"
hi,question,Id10201_a,constraint_message,"यदि उत्तर 30 दिन से अधिक था, तो उत्तरदाता से समय महीनों में बताने को कहें"
hi,question,Id10201_unit,guidance_hint,"<span style=""color:blue"">आंत में रुकावट के कारण पेट का फूलना तेज़ी से शुरू होता है और कुछ दिनों तक रहता है, क्योंकि व्यक्ति को जीवित रहने के लिए तुरंत इलाज की ज़रूरत होती है। यह संभव है कि मृतक ने राहत के लिए कुछ चिकित्सकीय सहायता ली हो, क्योंकि इस स्थिति में काफ़ी बेचैनी, साँस फूलना और चलने-फिरने में कमी हो सकती है। उत्तर के अनुसार सबसे उपयुक्त इकाई चुनें – दिन या महीने। मान्य उत्तर 0–30 दिन या 1–60 महीने के बीच है। 1 दिन या 24 घंटे से कम के लिए “0” दिन दर्ज करें। 1 सप्ताह = 7 दिन मानें। संभावित उत्तर 60 महीने से कम है। यदि दिया गया उत्तर 60 महीने से अधिक हो, तो उत्तर की पुष्टि करें और “60” दर्ज करें। यदि उत्तरदाता सामान्य से अधिक उभरे हुए पेट की अवधि याद नहीं कर पाता, तो जो चिकित्सकीय रूप से दर्ज करना प्रासंगिक है, उसके अनुसार पूछताछ करें और दर्ज करें। यदि उभरा हुआ पेट इतने समय तक रहा:</span>
<span style=""color:blue"">● 2 सप्ताह से कम - साक्षात्कारकर्ता 13 दिन दर्ज करे;</span>
<span style=""color:blue"">● कम से कम 2 सप्ताह – साक्षात्कारकर्ता 15 दिन दर्ज करे।</span>"
hi,question,Id10202,constraint_message,"संभावित उत्तर 60 महीने से कम है। यदि उत्तर 60 से अधिक है, तो उत्तर की पुष्टि करें और 60 दर्ज करें।"
hi,question,Id10203,guidance_hint,"<span style=""color:blue"">इस लक्षण की शुरुआत और बढ़ने का तरीका अलग-अलग स्थितियों में अलग होता है; आंत में रुकावट में यह अपेक्षाकृत कम समय का होगा (कुछ घंटे – 2/3 दिन); लेकिन लिवर की विफलता, कैंसर और हृदय की विफलता जैसी अन्य अधिक आम स्थितियों में यह अधिक धीरे-धीरे होता है। उत्तर को स्पष्ट करें और दर्ज करें।</span>"
hi,question,Id10204,guidance_hint,"<span style=""color:blue"">पेट में गाँठ पेट के किसी एक हिस्से में स्थानीय सूजन या उभार को कहते हैं। उत्तरदाता इसे आँखों से न देख पाए हों, और हो सकता है कि मृतक ने इसे केवल भारीपन या बेचैनी की अनुभूति के रूप में अपने रिश्तेदारों को बताया हो। अक्सर चिकित्सा देखभाल पाने का प्रयास किया गया हो सकता है, जिसे रिश्तेदार याद कर सकते हैं। ऐसी स्थिति में कोई निदान उपलब्ध होने की संभावना है, जो उत्तरदाता को याद हो सकता है। यदि उत्तर सकारात्मक है, तो सावधानी से पूछताछ करें, और खंड 9 में स्वास्थ्य रिकॉर्ड के बारे में पूछताछ के दौरान इस मुद्दे पर वापस आना याद रखें, और उस खंड में स्वास्थ्य सेवा प्राप्त करने और निदान की जानकारी से जुड़े सभी प्रासंगिक विवरण दर्ज करें। यदि उत्तर ""NO/DK/Ref"" है, तो Id10207 पर जाएँ।</span>"
hi,question,Id10205_a,constraint_message,"यदि उत्तर 30 दिन से अधिक था, तो उत्तरदाता से समय महीनों में बताने को कहें"
hi,question,Id10205_unit,guidance_hint,"<span style=""color:blue"">गाँठ कितने समय तक रही, यह निदान में मार्गदर्शन दे सकता है। उत्तर के अनुसार सबसे उपयुक्त इकाई चुनें – दिन या महीने। मान्य उत्तर 0–30 दिन या 1–60 महीने के बीच है। 1 दिन या 24 घंटे से कम के लिए “0” दिन दर्ज करें। 1 सप्ताह = 7 दिन मानें। संभावित उत्तर 60 महीने से कम है। यदि दिया गया उत्तर 60 महीने से अधिक हो, तो उत्तर की पुष्टि करें और “60” दर्ज करें। यदि उत्तरदाता पेट में गाँठ की अवधि याद नहीं कर पाता, तो जो चिकित्सकीय रूप से दर्ज करना प्रासंगिक है, उसके अनुसार पूछताछ करें और दर्ज करें। यदि पेट में गाँठ इतने समय तक रही:</span>
<span style=""color:blue"">● 2 सप्ताह से कम - साक्षात्कारकर्ता 13 दिन दर्ज करे;</span>
<span style=""color:blue"">● कम से कम 2 सप्ताह – साक्षात्कारकर्ता 15 दिन दर्ज करे।</span>"
hi,question,Id10206,constraint_message,"संभावित उत्तर 60 महीने से कम है। यदि उत्तर 60 से अधिक है, तो उत्तर की पुष्टि करें और 60 दर्ज करें।"
hi,question,Id10207,guidance_hint,"<span style=""color:blue"">सिरदर्द एक आम और अपेक्षाकृत मामूली लक्षण है। साक्षात्कारकर्ता के लिए “गंभीर” शब्द पर ज़ोर देना महत्वपूर्ण है, ताकि सिरदर्द को मृत्यु के संभावित कारण से जोड़ा जा सके। उत्तरदाता को गंभीरता का महत्व समझाएँ, और उत्तर को उसी के अनुसार दर्ज करें। गंभीर सिरदर्द मेनिन्जाइटिस और मलेरिया सहित कई स्थितियों में बताया जा सकता है। अचानक, गंभीर सिरदर्द के बाद बेहोशी कभी-कभी मस्तिष्क-रक्तवाहिका रोग/स्ट्रोक में देखी जाती है। इसके लिए कोई स्थानीय शब्द हो सकता है। सुनिश्चित करें कि स्थानीय शब्द प्रश्नावली के अनूदित संस्करण में शामिल हो, और पूछताछ में उसी स्थानीय शब्द का उपयोग करें।</span>"
hi,question,Id10208,guidance_hint,"<span style=""color:blue"">गर्दन की अकड़न की पहचान आमतौर पर इससे होती है कि व्यक्ति गर्दन को आगे झुकाकर ठुड्डी को छाती से नहीं छुआ पाता, या तकिये से सिर उठाने में कठिनाई होती है। यह मेनिन्जाइटिस (मस्तिष्क का संक्रमण) का एक महत्वपूर्ण लक्षण है, विशेषकर बच्चों में। उत्तरदाता के लिए इस संकेत को आसानी से देखना या याद रखना संभव न हो। कुछ लोगों के लिए, गर्दन की अकड़न को गर्दन में दर्द के रूप में भी बताया जा सकता है। यदि आवश्यक हो, तो उत्तरदाता को ऊपर दिया गया विवरण समझाएँ, और उत्तर दर्ज करें। यदि ""NO/DK/Ref"" है, तो Id10212 पर जाएँ।</span>"
hi,question,Id10209_a,constraint_message,"यदि उत्तर 30 दिन से अधिक था, तो उत्तरदाता से समय महीनों में बताने को कहें"
hi,question,Id10209_b,constraint_message,"संभावित उत्तर 60 महीने से कम है। यदि उत्तर 60 से अधिक है, तो उत्तर की पुष्टि करें और 60 दर्ज करें।"
hi,question,Id10209_units,guidance_hint,"<span style=""color:blue"">गर्दन की अकड़न की पहचान आमतौर पर इससे होती है कि व्यक्ति गर्दन को आगे झुकाकर ठुड्डी को छाती से नहीं छुआ पाता, या तकिये से सिर उठाने में कठिनाई होती है। यह मेनिन्जाइटिस (मस्तिष्क का संक्रमण) का एक महत्वपूर्ण लक्षण है, विशेषकर बच्चों में। उत्तरदाता के लिए इस संकेत को आसानी से देखना या याद रखना संभव न हो। कुछ लोगों के लिए, गर्दन की अकड़न को गर्दन में दर्द के रूप में भी बताया जा सकता है। यदि आवश्यक हो, तो उत्तरदाता को ऊपर दिया गया विवरण समझाएँ, और उत्तर दर्ज करें। यदि ""NO/DK/Ref"" है, तो Id10212 पर जाएँ।</span>"
hi,question,Id10212,guidance_hint,"<span style=""color:blue"">“भ्रम” का अर्थ है व्यक्ति, समय और स्थान के बारे में दिशा-भ्रम। अंतिम बीमारी के दौरान, व्यक्ति को ऐसे दौर आ सकते हैं जब वह लोगों को पहचानता नहीं, या उसे अपनी जगह का पता नहीं रहता (अस्पताल में है या घर पर); या उसे समय, दिन के हिस्से, महीने आदि का पता नहीं रहता। “भ्रम” कभी-कभी बिना किसी स्पष्ट कारण के समय-समय पर उत्तेजित या बेचैन व्यवहार से जुड़ा होता है। यह बेहोश हो जाने जैसा नहीं है। वास्तव में, इसमें चेतना में कोई कमी नहीं होती। “भ्रम” मनोभ्रंश (डिमेंशिया) पैदा करने वाली दीर्घकालिक स्थितियों (जैसे अल्जाइमर रोग; लकवे के बाद का दीर्घकालिक प्रभाव; आदि) का एक महत्वपूर्ण संकेत है। यह प्रश्न केवल कई महीनों या वर्षों तक चले लंबे समय के मानसिक भ्रम से संबंधित है। ये बातें उत्तरदाता को स्पष्ट करें, और उत्तर को उसी के अनुसार दर्ज करें। यदि ""NO/DK/Ref"" है, तो Id10214 पर जाएँ।</span>"
hi,question,Id10213_a,constraint_message,"यदि उत्तर 30 दिन से अधिक था, तो उत्तरदाता से समय महीनों में बताने को कहें"
hi,question,Id10213_b,constraint_message,"संभावित उत्तर 60 महीने से कम है। यदि उत्तर 60 से अधिक है, तो उत्तर की पुष्टि करें और 60 दर्ज करें।"
hi,question,Id10213_units,guidance_hint,"<span style=""color:blue"">भ्रम कितने समय तक रहा, यह निदान के लिए महत्वपूर्ण है। इस प्रश्न का उत्तर लंबे समय तक रहे भ्रम की उपस्थिति की पुष्टि करता है, जो इस प्रश्न में जानना अभीष्ट है। उत्तर के अनुसार सबसे उपयुक्त इकाई चुनें – दिन या महीने। मान्य उत्तर 0–30 दिन या 1–60 महीने के बीच है। 1 दिन या 24 घंटे से कम के लिए “0” दिन दर्ज करें। 1 सप्ताह = 7 दिन मानें। संभावित उत्तर 60 महीने से कम है। यदि दिया गया उत्तर 60 महीने से अधिक हो, तो उत्तर की पुष्टि करें और “60” दर्ज करें। यदि उत्तरदाता मानसिक भ्रम की अवधि याद नहीं कर पाता, तो जो चिकित्सकीय रूप से दर्ज करना प्रासंगिक है, उसके अनुसार पूछताछ करें और दर्ज करें। यदि मानसिक भ्रम इतने समय तक रहा:</span>
<span style=""color:blue"">● 3 महीने से कम - साक्षात्कारकर्ता 2 महीने दर्ज करे;</span>
<span style=""color:blue"">● कम से कम 3 महीने – साक्षात्कारकर्ता 4 महीने दर्ज करे।</span>"
hi,question,Id10214,guidance_hint,"<span style=""color:blue"">बेहोशी का अर्थ है व्यक्ति को जगाने में पूरी तरह असमर्थता, साँस लेने के अलावा कोई हरकत नहीं। व्यक्ति दर्द सहित शारीरिक उत्तेजनाओं पर भी प्रतिक्रिया नहीं देता। किसी भी बीमारी से मृत्यु से पहले आमतौर पर कुछ समय की बेहोशी होती है। प्रश्नों की यह श्रृंखला मृत्यु तक ले जाने वाली बीमारी से जुड़े एक महत्वपूर्ण विशिष्ट कारक के रूप में बेहोशी की पहचान करने की ओर उन्मुख है, जो आमतौर पर मस्तिष्क की संलिप्तता का संकेत देती है। कभी-कभी इस प्रश्न पर कुछ हिचकिचाहट या अनिश्चितता होती है। बेहोशी का वर्णन करने के लिए कोई स्थानीय शब्द हो सकता है। सुनिश्चित करें कि स्थानीय शब्द प्रश्नावली के अनूदित संस्करण में शामिल हो, और पूछताछ में उसी स्थानीय शब्द का उपयोग करें। यदि ""NO/DK/Ref"" है, तो Id10220 पर जाएँ।</span>"
hi,question,Id10216_a,constraint_message,"यदि उत्तर 23 घंटे से अधिक था, तो उत्तरदाता से समय दिनों में बताने को कहें।"
hi,question,Id10216_a,guidance_hint,"<span style=""color:blue"">उत्तर के अनुसार सबसे उपयुक्त इकाई चुनें – घंटे या दिन। मान्य उत्तर 0–23 घंटे या 1–99 दिन के बीच है। 1 सप्ताह = 7 दिन मानें। संभावित उत्तर 99 दिन से कम है। यदि दिया गया उत्तर 99 दिन से अधिक हो, तो उत्तर की पुष्टि करें और “99” दर्ज करें। यदि उत्तरदाता यह याद नहीं कर पाता कि बेहोशी कब शुरू हुई, तो जो चिकित्सकीय रूप से दर्ज करना प्रासंगिक है, उसके अनुसार पूछताछ करें और दर्ज करें। यदि बेहोशी शुरू हुई:</span>
<span style=""color:blue"">● मृत्यु से 6 घंटे से कम पहले - साक्षात्कारकर्ता 5 घंटे दर्ज करे;</span>
<span style=""color:blue"">● मृत्यु से 6 से 23 घंटे पहले – साक्षात्कारकर्ता 23 घंटे दर्ज करे;</span>
<span style=""color:blue"">● मृत्यु से कम से कम 24 घंटे पहले – साक्षात्कारकर्ता 1 दिन दर्ज करे।</span>"
hi,question,Id10216_b,constraint_message,"संभावित उत्तर 99 दिन से कम है। यदि उत्तर 99 दिन से अधिक था, तो उत्तर की पुष्टि करें और 99 दर्ज करें।"
hi,question,Id10216_units,guidance_hint,"<span style=""color:blue"">उत्तर के अनुसार सबसे उपयुक्त इकाई चुनें – घंटे या दिन। मान्य उत्तर 0–23 घंटे या 1–99 दिन के बीच है। 1 सप्ताह = 7 दिन मानें। संभावित उत्तर 99 दिन से कम है। यदि दिया गया उत्तर 99 दिन से अधिक हो, तो उत्तर की पुष्टि करें और “99” दर्ज करें। यदि उत्तरदाता यह याद नहीं कर पाता कि बेहोशी कब शुरू हुई, तो जो चिकित्सकीय रूप से दर्ज करना प्रासंगिक है, उसके अनुसार पूछताछ करें और दर्ज करें। यदि बेहोशी शुरू हुई: </span>
<span style=""color:blue"">● मृत्यु से 6 घंटे से कम पहले - साक्षात्कारकर्ता 5 घंटे दर्ज करे;</span>
<span style=""color:blue"">● मृत्यु से 6 से 23 घंटे पहले – साक्षात्कारकर्ता 23 घंटे दर्ज करे;</span>
<span style=""color:blue"">● मृत्यु से कम से कम 24 घंटे पहले – साक्षात्कारकर्ता 1 दिन दर्ज करे।</span>"
hi,question,Id10217,guidance_hint,"<span style=""color:blue"">स्ट्रोक (मस्तिष्क-रक्तवाहिका रोग) में बेहोशी अचानक हो सकती है, या मस्तिष्क के संक्रमण या अन्य स्थितियों से जुड़ी बेहोशी में कई घंटों/दिनों की अवधि में रुक-रुककर अधिक धीरे-धीरे हो सकती है। संक्रामक रोगों में आमतौर पर ऐसा ही होता है। यह प्रश्न अधिकतम एक दिन के भीतर अचानक होने वाली बेहोशी का पता लगाने के लिए है, जो मस्तिष्क-रक्तवाहिका रोग में होती है, और बच्चों में दुर्लभ है। आवश्यकतानुसार उत्तरदाता के साथ इस पहलू को स्पष्ट करें, और उत्तर दर्ज करें।</span>"
hi,question,Id10220,guidance_hint,"<span style=""color:blue"">यह प्रश्न उन दौरों के बारे में है जो पूरे शरीर को प्रभावित करते हैं, यानी दोनों हाथ और दोनों पैर, काफ़ी झटकों के साथ, और जो आमतौर पर बेहोशी में समाप्त होते हैं। अन्य प्रकार के दौरों में केवल एक या दो अंग प्रभावित होते हैं, या कभी-कभी केवल आँखों की पुतलियाँ/चेहरा/दाँत भींचना या किटकिटाना आदि प्रभावित होता है। यह प्रश्न केवल पूरे शरीर को प्रभावित करने वाले दौरों के बारे में है, इसलिए इस पहलू को स्पष्ट करें और उत्तर उसी के अनुसार दर्ज करें। दौरे अंगों के कुछ हिस्सों या कभी-कभी पूरे अंगों की तेज़ फड़कन या झटकेदार गतिविधियाँ हैं, जो अक्सर होश खो जाने के साथ थम जाती हैं। दौरों के लिए आम शब्द ""फिट्स"" है, और ऐसी गतिविधियों के लिए अक्सर कोई स्थानीय शब्द भी होता है। ऐसे दौरे पड़ना कुछ बीमारियों का संकेत है, जिनमें मिर्गी और अन्य बीमारियाँ शामिल हैं जिनमें रक्त में रसायनों का स्तर असामान्य हो जाता है, जिससे दौरे पड़ते हैं। यदि आवश्यक हो, तो हाथ-पैरों (और आँखों की पुतलियों) की झटकेदार गतिविधियाँ करके दिखाएँ, और उत्तर उसी के अनुसार दर्ज करें। यदि ""नहीं/पता नहीं/उत्तर देने से मना किया"" है, तो Id10223 पर जाएँ।</span>"
hi,question,Id10222,guidance_hint,"<span style=""color:blue"">होश खोना आमतौर पर पूरे शरीर के दौरे के बाद होता है, इसलिए हाँ में उत्तर इसके होने की पुष्टि करेगा और इस प्रकार निदान में सहायता करेगा। </span>"
hi,question,Id10223,guidance_hint,"<span style=""color:blue"">उत्तरदाता को समझाएँ कि पेशाब की समस्या का मतलब बहुत अधिक पेशाब आना या बिल्कुल न आना, और पेशाब में खून आना है। यह एक सामान्य प्रश्न है जिससे पता चलता है कि मृतक को पेशाब से जुड़ी कोई समस्या थी या नहीं। पेशाब की वे मुख्य समस्याएँ जो मृत्यु के विशिष्ट कारणों से जुड़ी हैं, ये हैं: पेशाब करने में कठिनाई, कुछ समय तक कम या बिल्कुल पेशाब न आना, बार-बार पेशाब आना, और पेशाब में खून आना। पूछें कि क्या उन्हें इनमें से कोई समस्या थी। यदि ""नहीं/पता नहीं/उत्तर देने से मना किया"" है, तो Id10230 पर जाएँ।</span>"
hi,question,Id10224,guidance_hint,"<span style=""color:blue"">इसका मतलब है कि मृतक ने पेशाब करना बंद कर दिया था। हम यह प्रश्न इसलिए पूछते हैं क्योंकि मृत्यु से एक-दो दिन से अधिक पहले पेशाब बंद हो जाना गुर्दे की बीमारी या गुर्दे के काम न करने के कारण हो सकता है। कम आम तौर पर, यह उस नली में रुकावट का लक्षण हो सकता है जो मूत्राशय से पेशाब को शरीर के बाहर ले जाती है, लेकिन उसके साथ पेट में तेज़ दर्द होता है। गुर्दे की बीमारी में, पेशाब बंद होने से पहले आमतौर पर काफ़ी समय तक बीमारी रहती है। स्पष्ट करें कि पेशाब बंद होने से क्या मतलब है, और जैसा बताया गया है वैसा ही उत्तर दर्ज करें। ध्यान दें: ऐसा हो सकता है कि किसी व्यक्ति को सामान्य से अधिक बार पेशाब आया हो और फिर पेशाब बंद भी हो गया हो; मृत्यु तक पहुँचाने वाली बीमारी के दौरान ये दोनों स्थितियाँ अलग-अलग समय पर हो सकती हैं।</span>"
hi,question,Id10226,guidance_hint,"<span style=""color:blue"">पेशाब में खून आना मूत्राशय या गुर्दे के कैंसर का एक प्रमुख लक्षण है। यह कुछ परजीवी संक्रमणों में भी हो सकता है। इसमें साफ़ (लाल) खून आता है जिसे रोगी आसानी से पहचान लेता है, रिश्तेदारों को बताता है, और संभवतः इलाज कराने की ओर जाता है। इसलिए, यदि यह लक्षण था, तो हाँ में उत्तर मिलने की अच्छी संभावना है।</span>"
hi,question,Id10227,guidance_hint,"<span style=""color:blue"">मृत्यु से पहले की बीमारी के दौरान कभी-कभी त्वचा की गड़बड़ियाँ देखी जाती हैं। ये घाव या अल्सर, या फफोले, या संक्रमित या ""सेप्टिक"" घावों के रूप में हो सकती हैं, और लंबे समय की खराब सेहत से जुड़ी हो सकती हैं। किशोरों और वयस्कों में, ये शुरू में फफोलों या त्वचा के उभरे हुए धब्बों के रूप में दिख सकते हैं जिनमें तरल भरा होता है। वयस्कों/बुज़ुर्गों में, लंबे समय तक बिस्तर पर पड़े रहने के कारण पीठ पर दबाव के घाव (बेडसोर) हो सकते हैं। इन बातों को उत्तरदाता से स्पष्ट करें, और उत्तर उसी के अनुसार दर्ज करें। इसके लिए स्थानीय शब्द हो सकते हैं। सुनिश्चित करें कि स्थानीय शब्द प्रश्नावली के अनुवादित संस्करण में शामिल हैं, और पूछताछ में स्थानीय शब्दों का उपयोग करें। यदि ""नहीं/पता नहीं/उत्तर देने से मना किया"" है, तो Id10233 पर जाएँ।</span>"
hi,question,Id10229,guidance_hint,"<span style=""color:blue"">घाव कभी-कभी शुरू में त्वचा पर छोटे बुलबुलों के रूप में दिखते हैं, जिन्हें फफोले कहते हैं। ""फफोले"" त्वचा के वे उभरे हुए हिस्से हैं जिनमें तरल भरा होता है। ऐसे फफोले शिशुओं या छोटे बच्चों में बुखार के साथ दिख सकते हैं। अक्सर साफ़ तरल मवाद में बदल जाता है। अन्य मामलों में, दबाव का पुराना घाव संक्रमित हो सकता है और मवाद से भर सकता है। </span>"
hi,question,Id10230,guidance_hint,"<span style=""color:blue"">कुछ स्थितियों में, खासकर बुज़ुर्गों और मधुमेह के रोगियों में, पैर पर पुराने, न भरने वाले अल्सर हो जाते हैं। इन अल्सर में सेप्टिक होने की प्रवृत्ति होती है (अगला प्रश्न देखें), और ये अक्सर आकार में बढ़ते जाते हैं तथा इनके भरने की संभावना कम रहती है। ऐसे अल्सर का होना इन स्थितियों के निदान में एक महत्वपूर्ण सुराग है। मधुमेह वाले व्यक्तियों के मामले में इसका काफ़ी महत्व है। यदि ""नहीं/पता नहीं/उत्तर देने से मना किया"" है, तो Id10227 पर जाएँ। </span>"
hi,question,Id10231,guidance_hint,"<span style=""color:blue"">पैर के न भरने वाले अल्सर में मवाद का होना एक महत्वपूर्ण निदानात्मक संकेत है। मवाद एक गाढ़ा तरल है जो हरे या पीले रंग का हो सकता है, और जो अल्सर की सतह पर लगातार जमा होता रहता है।</span>"
hi,question,Id10232_a,constraint_message,"यदि उत्तर 30 दिन से अधिक था, तो उत्तरदाता से समय महीनों में बताने को कहें"
hi,question,Id10232_b,constraint_message,"संभावित उत्तर 60 महीने से कम है। यदि उत्तर 60 से अधिक है, तो उत्तर की पुष्टि करें और 60 दर्ज करें।"
hi,question,Id10232_units,guidance_hint,"<span style=""color:blue"">पैर पर संक्रमित अल्सर कितने समय तक रहा, इससे स्थिति की गंभीरता और मृत्यु के कारकों में उसके संभावित योगदान का पता चलता है। लंबी अवधि से यह भी पता चलता है कि मधुमेह जैसे अंतर्निहित कारकों का इलाज या नियंत्रण कठिन था, इसलिए यह मृत्यु के अंतर्निहित कारण के निदान में भी मार्गदर्शन करती है। उत्तर के अनुसार सबसे उपयुक्त इकाई चुनें – दिन या महीने। मान्य उत्तर 0–30 दिन या 1–60 महीने के बीच है। 1 दिन या 24 घंटे से कम के लिए, ""0"" दिन दर्ज करें। 1 सप्ताह = 7 दिन मानें। संभावित उत्तर 60 महीने से कम है। यदि दिया गया उत्तर 60 महीने से अधिक है, तो उत्तर की पुष्टि करें और ""60"" दर्ज करें। यदि उत्तरदाता अवधि याद नहीं कर पा रहा है, तो उसे याद दिलाने का प्रयास करें और वही दर्ज करें जो चिकित्सकीय रूप से दर्ज करना प्रासंगिक है। यदि पैर के अल्सर में मवाद था:</span>
<span style=""color:blue"">● 2 सप्ताह से कम के लिए - साक्षात्कारकर्ता 13 दिन दर्ज करे;</span>
<span style=""color:blue"">● कम से कम 2 सप्ताह के लिए – साक्षात्कारकर्ता 15 दिन दर्ज करे</span>"
hi,question,Id10233,guidance_hint,"<span style=""color:blue"">""दाने"" (रैश) त्वचा की वह असामान्यता है जो कट या चोट का निशान नहीं है। यह आमतौर पर त्वचा पर लाल धब्बों के समूह के रूप में, या कभी-कभी त्वचा पर लाल चकत्ते या पैच के रूप में दिखता है। यह कभी-कभी जलन, खुजली या दर्द के साथ होता है। त्वचा के दाने के लिए कोई स्थानीय शब्द हो सकता है। सुनिश्चित करें कि स्थानीय शब्द प्रश्नावली के अनुवादित संस्करण में शामिल है, और पूछताछ में स्थानीय शब्द का उपयोग करें। वयस्क के लिए यदि ""नहीं/पता नहीं/उत्तर देने से मना किया"" है, तो Id10237 पर जाएँ। बच्चों के लिए यदि ""नहीं/पता नहीं/उत्तर देने से मना किया"" है, तो Id10238 पर जाएँ।</span>"
hi,question,Id10234,constraint_message,"कृपया 0 से 99 के बीच का मान दर्ज करें। यदि उत्तर 98 दिन से अधिक था, तो उत्तर की पुष्टि करें और 98 दर्ज करें।"
hi,question,Id10234,guidance_hint,"<span style=""color:blue"">दाने की अवधि से हमें गंभीरता समझने में मदद मिलेगी और यह भी कि क्या यह समस्या उस बीमारी का हिस्सा थी जो मृत्यु तक पहुँची। यदि 1 दिन या 24 घंटे से कम है, तो ""0"" दिन दर्ज करें। दिनों की संख्या तय करने के लिए 1 सप्ताह = 7 दिन या 1 महीना = 30 दिन मानें। यदि उत्तरदाता अवधि याद नहीं कर पा रहा है, तो उसे याद दिलाने का प्रयास करें और वही दर्ज करें जो चिकित्सकीय रूप से दर्ज करना प्रासंगिक है। यदि त्वचा का दाना रहा: </span>
<span style=""color:blue"">● 1 सप्ताह से कम - साक्षात्कारकर्ता 6 दिन दर्ज करे;</span>
<span style=""color:blue"">● कम से कम 1 सप्ताह – साक्षात्कारकर्ता 8 दिन दर्ज करे।</span>
<span style=""color:blue"">पता नहीं के लिए, ""99"" दर्ज करें। उत्तर देने से मना करने के लिए, ""88"" दर्ज करें। मान्य उत्तर 0 से 99 के बीच है। यदि उत्तर 98 दिन से अधिक था, तो उत्तर की पुष्टि करें और ""98"" दर्ज करें। यदि अवधि का उत्तर 88 दिन आता है, तो उसकी जगह ""87"" दर्ज करें ताकि उत्तर अपने आप ""उत्तर देने से मना किया"" के रूप में कोड न हो जाए।</span>"
hi,question,Id10235,constraint_message,"""नहीं पता"" या ""उत्तर देने से मना किया"" को अन्य विकल्पों के साथ चुनना संभव नहीं है। कृपया पीछे जाकर चयन सही करें।"
hi,question,Id10235,guidance_hint,"<span style=""color:blue"">यह जानना महत्वपूर्ण है कि दाना शरीर पर ठीक कहाँ था। इसका कारण यह है कि दाने का स्थान कुछ स्थितियों की विशेषता होता है, और उनके निदान में सहायक हो सकता है। साथ ही, इससे हमें यह भी पता चलेगा कि क्या यह समस्या उस बीमारी का हिस्सा थी जो मृत्यु तक पहुँची। उपयुक्त बॉक्स चुनें, एक से अधिक उत्तर मान्य हैं।</span>
<span style=""color:blue"">● ""धड़"" का मतलब छाती/पीठ/पेट का क्षेत्र है </span>
<span style=""color:blue"">● ""हाथ-पैर"" का मतलब बाँहें और टाँगें हैं।</span>"
hi,question,Id10236,guidance_hint,"<span style=""color:blue"">खसरा त्वचा के दानों से जुड़ी एक बीमारी है जो अधिकतर बचपन की शुरुआत में होती है। कभी-कभी ऐसे संक्रमण बड़े बच्चों या वयस्कों में भी हो सकते हैं, लेकिन तब दाने के साथ न भी हों, और आमतौर पर बुखार और साँस की बीमारी के रूप में दिखते हैं. </span>"
hi,question,Id10237,guidance_hint,"<span style=""color:blue"">यह त्वचा की एक विशिष्ट स्थिति है जो प्रतिरक्षा तंत्र की समस्याओं से जुड़ी होती है। कुछ मामलों में, पसलियों के साथ एक रेखा में, या चेहरे पर, साफ़ तरल वाले छोटे फफोलों के साथ दाने का एक सीमित धब्बा होता है, जिसके साथ बिजली के करंट जैसा जलन वाला दर्द होता है। ऐसे संक्रामक दाने का होना फेफड़ों या मस्तिष्क से जुड़े अन्य गंभीर लक्षणों से जुड़ा हो सकता है। यह काफ़ी दुर्लभ है। उत्तरदाता से पूछें कि क्या मृतक ने जलन वाले दर्द के साथ दाने के किसी सीमित धब्बे की शिकायत की थी।</span>"
hi,question,Id10238,guidance_hint,"<span style=""color:blue"">लंबे समय से कुपोषण वाले व्यक्ति में त्वचा बहुत अधिक सूख जाती है और धब्बों के रूप में उखड़ने या छिलने लगती है। यह संकेत जब मौजूद होता है तो आसानी से पहचाना जा सकता है, और यह एक उपयोगी निदानात्मक संकेत है. </span>"
hi,question,Id10239,guidance_hint,"<span style=""color:blue"">हम यह इसलिए पूछते हैं क्योंकि इससे संकेत मिल सकता है कि बच्चे की त्वचा के भीतर रक्तस्राव हुआ था, जो मृत्यु का कारण बनने वाले किसी संक्रमण की वजह से हो सकता है।</span>"
hi,question,Id10240,guidance_hint,"<span style=""color:blue"">त्वचा के संक्रमण कभी-कभी लालिमा और सूजन के धब्बों के रूप में दिख सकते हैं, जिनमें मवाद या कोई तरल नहीं होता। ऐसे संक्रमण बुखार के साथ हो सकते हैं और मृत्यु का कारण बन सकते हैं।</span>"
hi,question,Id10242,guidance_hint,"<span style=""color:blue"">यह प्रश्न ऐसे रक्तस्राव के बारे में है जो किसी विशिष्ट चोट से जुड़ा नहीं है। नाक, मसूड़ों, मुँह की भीतरी झिल्ली और गुदा से रक्तस्राव आमतौर पर तब देखा जाता है जब रक्त के थक्का जमने के विकारों और डेंगू तथा इबोला जैसे संक्रमणों के कारण रक्तस्राव होता है।</span>"
hi,question,Id10243,guidance_hint,"<span style=""color:blue"">कुछ बीमारियाँ विशेष रूप से मृत्यु से पहले तेज़ी से वज़न घटने से जुड़ी होती हैं, जिसे ""बहुत दुबला और कमज़ोर हो जाना"", ""गाल धँस जाना"", ""कपड़े / बेल्ट ढीले हो जाना"" आदि के रूप में बताया जा सकता है। लगभग 3 महीने के भीतर 10% से अधिक वज़न घटना एक महत्वपूर्ण संकेत है। वज़न घटने की पुष्टि करने या उसे ख़ारिज करने के लिए इन पहलुओं को उत्तरदाता से स्पष्ट करें, और उत्तर उसी के अनुसार दर्ज करें। उत्तर ""हाँ/नहीं/पता नहीं/उत्तर देने से मना किया"" कुछ भी हो, अगला प्रश्न पूछा जाना चाहिए।</span>"
hi,question,Id10244,guidance_hint,"<span style=""color:blue"">इस प्रश्न का उद्देश्य मृतक में कुपोषण की पहचान करना है। हो सकता है कि व्यक्ति लंबे समय तक लगातार कम वज़न का रहा हो, और अंतिम अवस्था में उसका वज़न तेज़ी से न घटा हो। लंबे समय से दुबले या क्षीण व्यक्ति को कुपोषण रहा होगा, जो कई संक्रमणों की संभावना बढ़ाता है जो मृत्यु तक ले जाते हैं। यह कैंसर की अंतिम अवस्थाओं में और कुछ अन्य पुरानी बीमारियों में भी देखा जाता है जो समय के साथ पोषण के सेवन को प्रभावित कर सकती हैं। </span>"
hi,question,Id10245,guidance_hint,"<span style=""color:blue"">मुँह के अंदर या जीभ पर सफ़ेद धब्बे उन लोगों में संक्रमण का संकेत हैं जिनका प्रतिरक्षा तंत्र बहुत कमज़ोर है। प्रतिरक्षा तंत्र शरीर को संक्रमणों से लड़ने के लिए सुरक्षा प्रदान करता है। उत्तरदाता के लिए इस संकेत को जानना कठिन हो सकता है, जब तक कि रोगी या किसी स्वास्थ्य सेवा प्रदाता ने उन्हें यह न बताया हो। जैसा बताया गया है वैसा ही उत्तर दर्ज करें। दाने के लिए कोई स्थानीय शब्द हो सकता है। सुनिश्चित करें कि स्थानीय शब्द प्रश्नावली के अनुवादित संस्करण में शामिल है, और पूछताछ में स्थानीय शब्द का उपयोग करें।</span>"
hi,question,Id10246,guidance_hint,"<span style=""color:blue"">तंत्रिका तंत्र के कुछ संक्रमणों में पीठ और सभी अंगों में पूरी तरह अकड़न और कठोरता आ जाती है, साथ ही जबड़ा कस जाता है और मुँह खोलना संभव नहीं रहता। यह आमतौर पर एक नाटकीय संकेत होता है, और उन उत्तरदाताओं को याद रहता है जिन्होंने अंतिम बीमारी के दौरान मृतक की देखभाल की थी।</span>"
hi,question,Id10247,guidance_hint,"<span style=""color:blue"">चेहरे पर सूजन या फूलापन तब दिखता है जब तरल (या पानी) जमा होता है, विशेष रूप से आँखों के आसपास की जगहों/थैलियों और अन्य हिस्सों में। उत्तरदाता को स्पष्ट करें कि चेहरे की सूजन में आँख की सूजन भी शामिल हो सकती है। तरल का यह जमाव एक महत्वपूर्ण निदानात्मक संकेत है, विशेष रूप से गुर्दे की बीमारी का, लेकिन कुछ हार्मोन संबंधी विकारों में भी। यदि यह स्पष्ट हो, तो उत्तरदाता इसे देख और याद रख सकते हैं। चेहरे की ऐसी सूजन शरीर के अन्य हिस्सों, जैसे टखनों या पैरों में तरल जमा होने के साथ या उसके बिना भी हो सकती है, जैसा कि बाद के प्रश्न में पूछा गया है। यदि ""नहीं/पता नहीं/उत्तर देने से मना किया"" है, तो Id10249 पर जाएँ।</span>"
hi,question,Id10248_a,constraint_message,"यदि उत्तर 30 दिन से अधिक था, तो उत्तरदाता से समय महीनों में बताने को कहें"
hi,question,Id10248_b,constraint_message,"संभावित उत्तर 60 महीने से कम है। यदि उत्तर 60 से अधिक है, तो उत्तर की पुष्टि करें और 60 दर्ज करें।"
hi,question,Id10248_units,guidance_hint,"<span style=""color:blue"">मृत्यु से पहले चेहरे की सूजन की अवधि महत्वपूर्ण है, ताकि गुर्दे की पुरानी बीमारी की मौजूदगी को समझा जा सके। हो सकता है कि रोगी का इलाज चल रहा हो, ऐसी स्थिति में सूजन कई महीनों तक कभी रही और कभी नहीं रही हो। अंतिम बीमारी के दौरान चेहरे की सूजन की अवधि पूछें और दर्ज करें। उत्तर के अनुसार सबसे उपयुक्त इकाई चुनें – दिन या महीने। मान्य उत्तर 0–30 दिन या 1–60 महीने के बीच है। 1 दिन या 24 घंटे से कम के लिए, ""0"" दिन दर्ज करें। 1 सप्ताह = 7 दिन मानें। संभावित उत्तर 60 महीने से कम है। यदि दिया गया उत्तर 60 महीने से अधिक है, तो उत्तर की पुष्टि करें और ""60"" दर्ज करें। यदि उत्तरदाता अवधि याद नहीं कर पा रहा है, तो उसे याद दिलाने का प्रयास करें और वही दर्ज करें जो चिकित्सकीय रूप से दर्ज करना प्रासंगिक है। यदि चेहरे की सूजन रही: </span>
<span style=""color:blue"">● 1 सप्ताह से कम - साक्षात्कारकर्ता 6 दिन दर्ज करे;</span>
<span style=""color:blue"">● कम से कम 1 सप्ताह – साक्षात्कारकर्ता 8 दिन दर्ज करे।</span>"
hi,question,Id10249,guidance_hint,"<span style=""color:blue"">पैरों, टखनों और यहाँ तक कि टाँगों में सूजन हृदय और रक्त संचार की बीमारियों, या गुर्दे की बीमारी में तरल जमा होने के कारण हो सकती है। कई बीमारियाँ पानी के नियमन में असंतुलन पैदा करती हैं, जिससे वह शरीर के निचले हिस्सों में जमा हो जाता है। ऐसा जमाव अक्सर टखनों के आसपास तरल के रूप में दिखता है, जिसे उत्तरदाता याद रख सकते हैं। यदि ""नहीं/पता नहीं/उत्तर देने से मना किया"" है, तो Id10252 पर जाएँ।</span>"
hi,question,Id10250_a,constraint_message,"यदि उत्तर 30 दिन से अधिक था, तो उत्तरदाता से समय महीनों में बताने को कहें"
hi,question,Id10250_b,constraint_message,"संभावित उत्तर 60 महीने से कम है। यदि उत्तर 60 से अधिक है, तो उत्तर की पुष्टि करें और 60 दर्ज करें।"
hi,question,Id10250_units,guidance_hint,"<span style=""color:blue"">तरल जमा रहने की अवधि स्थिति की दीर्घकालिकता और गंभीरता को समझने के लिए महत्वपूर्ण है। यह कभी-कभी हो सकता है, खासकर यदि रोगी उस स्थिति के लिए इलाज करा रहा था। ध्यान से पूछताछ करें और अंतिम बीमारी के दौरान टखनों में सूजन कितने दिन रही, यह दर्ज करें। उत्तर के अनुसार सबसे उपयुक्त इकाई चुनें – दिन या महीने। मान्य उत्तर 0–30 दिन या 1–60 महीने के बीच है। 1 दिन या 24 घंटे से कम के लिए, ""0"" दिन दर्ज करें। 1 सप्ताह = 7 दिन मानें। संभावित उत्तर 60 महीने से कम है। यदि दिया गया उत्तर 60 महीने से अधिक है, तो उत्तर की पुष्टि करें और ""60"" दर्ज करें। यदि उत्तरदाता ठीक अवधि याद नहीं कर पा रहा है, तो उसे याद दिलाने का प्रयास करें और वही दर्ज करें जो चिकित्सकीय रूप से दर्ज करना प्रासंगिक है। यदि सूजन रही:</span>
<span style=""color:blue"">● 3 दिन से कम - साक्षात्कारकर्ता 2 दिन दर्ज करे;</span>
<span style=""color:blue"">● 3 दिन से अधिक – साक्षात्कारकर्ता 4 दिन दर्ज करे।</span>"
hi,question,Id10251,guidance_hint,"<span style=""color:blue"">कुछ मामलों में, केवल एक पैर में सूजन हो सकती है, तब अंतर्निहित स्थिति अलग होगी, और संभवतः हृदय या गुर्दे की बीमारी के बजाय प्रभावित टाँग की कोई स्थानीय समस्या होगी। इसलिए यह पुष्टि करना महत्वपूर्ण है कि सूजन दोनों पैरों में थी।</span>"
hi,question,Id10252,guidance_hint,"<span style=""color:blue"">लंबे समय की बीमारियों के कारण शरीर के अलग-अलग हिस्सों के कोमल ऊतकों में तरल जमा हो जाता है, जिनमें टाँगें, पेट, बाँहें और हाथ, चेहरा, और साथ ही फेफड़े भी शामिल हैं। ऐसा सामान्यीकृत तरल जमाव गुर्दे की बीमारी, हृदय की विफलता और यकृत (लिवर) की विफलता, और कुछ अन्य दुर्लभ कारणों में हो सकता है। साथ ही, सामान्यीकृत तरल जमाव कुछ दिनों से लेकर कुछ सप्ताहों में धीरे-धीरे विकसित होता है। इन पहलुओं को उत्तरदाता से स्पष्ट करें, और उत्तर उसी के अनुसार दर्ज करें।</span>"
hi,question,Id10253,guidance_hint,"<span style=""color:blue"">गाँठें छोटी, ठोस और बिना दर्द वाली सूजन हैं जो कभी-कभी बगल, गर्दन या जाँघ के जोड़ पर दिखती हैं। ये कुछ प्रकार के संक्रमणों के साथ, या शायद ही कभी, कुछ कैंसर में देखी जाती हैं। कुछ मामलों में, गाँठें कई जगहों पर और दोनों तरफ़ हो सकती हैं, जो बीमारी के अधिक सामान्यीकृत रूप का संकेत है। जब तक गाँठें काफ़ी बड़ी न हों, या रोगी बिस्तर पर न पड़ा हो, उत्तरदाता ने उन्हें शायद न देखा हो। गाँठों के लिए कोई स्थानीय शब्द हो सकता है। सुनिश्चित करें कि स्थानीय शब्द प्रश्नावली के अनुवादित संस्करण में शामिल है, और पूछताछ में स्थानीय शब्द का उपयोग करें। यदि ""नहीं/पता नहीं/उत्तर देने से मना किया"" है, तो Id10258 पर जाएँ।</span>"
hi,question,Id10254,guidance_hint,"<span style=""color:blue"">कमज़ोर प्रतिरक्षा तंत्र वाले कुछ रोगियों के मुँह में छोटी, बैंगनी या भूरी गाँठें दिख सकती हैं। चबाने आदि के दौरान इन गाँठों से खून निकल सकता है या वे संक्रमित हो सकती हैं। इन गाँठों या धब्बों का होना अधिक गंभीर प्रणालीगत बीमारी का संकेत हो सकता है। अन्य दुर्लभ स्थितियों में, जीभ या मसूड़ों पर कोई पुरानी सूजन या वृद्धि हो सकती है, जो मुँह के कैंसर का कोई रूप होगा। इसके निदान और इलाज के लिए चिकित्सा सहायता लेने की कोशिश की गई होने की संभावना हो सकती है। यदि उत्तर हाँ है तो ध्यान से पूछताछ करें और उत्तर उसी के अनुसार दर्ज करें।</span>"
hi,question,Id10255,guidance_hint,"<span style=""color:blue"">यह प्रश्न गर्दन के किनारे गाँठों की मौजूदगी की पुष्टि करने के लिए है। कुछ मामलों में, गाँठ त्वचा को फोड़कर बाहर आ सकती है और उससे कुछ सफ़ेद पदार्थ या मवाद रिस सकता है। ऐसी स्थितियों में, चिकित्सा सहायता लेने की कोशिश की गई होने की संभावना होती है, और यदि ऐसा हुआ, तो गाँठ के चिकित्सकीय कारण और मिले इलाज के बारे में कोई राय मिली होगी। इन पहलुओं को स्पष्ट करें, और यदि उत्तर हाँ है, तो अतिरिक्त विवरण स्वास्थ्य सेवा तक पहुँच वाले खंड में, या ""खुला वर्णन"" (Open narrative) खंड में दर्ज करें।</span>"
hi,question,Id10256,guidance_hint,"<span style=""color:blue"">यह प्रश्न बगल में गाँठों की मौजूदगी की पुष्टि करने के लिए है। उत्तरदाता के लिए इन्हें देख पाना कठिन रहा होगा, जब तक कि मृतक ने इशारा न किया हो, या किसी स्वास्थ्य पेशेवर ने न बताया हो।</span>"
hi,question,Id10257,guidance_hint,"<span style=""color:blue"">यह प्रश्न जाँघ के जोड़ में गाँठों की मौजूदगी की पुष्टि करने के लिए है, जो शरीर और निचले अंग के बीच का जोड़ है।</span>"
hi,question,Id10258,guidance_hint,"<span style=""color:blue"">लकवा (पैरालिसिस) का मतलब शरीर के कुछ हिस्सों में कमज़ोरी या ताक़त या शक्ति का खो जाना है। कमज़ोरी आंशिक हो सकती है या कभी-कभी पूरी, जिसमें शक्ति बिल्कुल खो जाती है। लकवा आमतौर पर आसानी से पहचाना और याद रखा जाने वाला संकेत है, और तंत्रिका तंत्र की बीमारियों या चोटों की एक महत्वपूर्ण विशेषता है। यदि ""नहीं/पता नहीं/उत्तर देने से मना किया"" है, तो Id10261 पर जाएँ।</span>"
hi,question,Id10259,guidance_hint,"<span style=""color:blue"">शरीर के एक तरफ़ का लकवा (दाहिना हाथ और पैर; या बायाँ हाथ और पैर) मस्तिष्क को रक्त की आपूर्ति में रुकावट की एक क्लासिक विशेषता है, जो अधिकतर आबादियों में वयस्कों और बुज़ुर्गों की मृत्यु के आम कारणों में से एक है। शरीर के एक तरफ़ का लकवा बहुत स्पष्ट रूप से पहचाना जाने वाला संकेत है, और मृतक के रिश्तेदारों को आसानी से याद रहता है। कई समुदायों में तो इस स्थिति के लिए कोई स्थानीय शब्द भी होता है। इस संकेत की मौजूदगी स्पष्ट करें, और उत्तर उसी के अनुसार दर्ज करें।</span>"
hi,question,Id10260,constraint_message,"""नहीं पता"" या ""उत्तर देने से मना किया"" को अन्य विकल्पों के साथ चुनना संभव नहीं है, और न ही ""केवल एक तरफ लकवा"" को ""बायाँ और दायाँ दोनों तरफ"" या ""पूरे शरीर में"" के साथ चुनना संभव है। कृपया पीछे जाकर चयन सही करें।"
hi,question,Id10260,guidance_hint,"<span style=""color:blue"">यह पुष्टि करना महत्वपूर्ण है कि लकवा केवल किसी विशेष अंग को, या शरीर के कुछ हिस्सों को, या पूरे शरीर को प्रभावित कर रहा था। उन विशिष्ट शारीरिक हिस्सों को चिह्नित करें जिनमें लकवा देखा गया था। जो भी लागू हों, सभी चुनें।</span>"
hi,question,Id10261,guidance_hint,"<span style=""color:blue"">निगलने में कठिनाई वह अनुभूति है कि खाना गले या छाती में अटका हुआ है। यह गर्दन में ऊपर की ओर या नीचे की ओर, छाती की हड्डी (स्टर्नम) के पीछे, या पेट में प्रवेश के पास महसूस हो सकती है। यह एक व्यक्तिपरक अनुभूति है और आमतौर पर रोगियों द्वारा बताई जाती है (और रिश्तेदारों द्वारा याद की जाती है), खासकर जब यह रोज़ के भोजन के सेवन में बाधा डालती है, तब रिश्तेदार इसे आसानी से पहचानते और याद रखते हैं। साथ ही, निगलने की कठिनाई के साथ दर्द भी हो सकता है, जैसे छाती के बीच में, छाती की हड्डी के पीछे, या ऊपरी पेट में जलन या भींचने जैसा दर्द। यह एक महत्वपूर्ण लक्षण है, इसलिए ध्यान से पूछताछ करें और सुनिश्चित करने का प्रयास करें कि कोई गलत नकारात्मक उत्तर न हो। यदि ""नहीं/पता नहीं/उत्तर देने से मना किया"" है, तो Id10265 पर जाएँ।</span>"
hi,question,Id10262_a,constraint_message,"यदि उत्तर 30 दिन से अधिक था, तो उत्तरदाता से समय महीनों में बताने को कहें"
hi,question,Id10262_b,constraint_message,"संभावित उत्तर 60 महीने से कम है। यदि उत्तर 60 से अधिक है, तो उत्तर की पुष्टि करें और 60 दर्ज करें।"
hi,question,Id10262_c,guidance_hint,"<span style=""color:blue"">इस प्रश्न का उद्देश्य यह जानना है कि क्या मृतक के लिए कोई भी ठोस या तरल भोजन निगलना असंभव हो गया था।</span>"
hi,question,Id10262_units,guidance_hint,"<span style=""color:blue"">अवधि इस लक्षण की गंभीरता और उसके बढ़ने की स्थिति को दर्शाती है। निगलने में कठिनाई या दर्द का कई सप्ताहों में बढ़ना आमतौर पर गले, भोजन नली और/या पेट के कैंसर जैसी गंभीर बीमारियों में देखा जाता है। लक्षण की शुरुआत और उसके बढ़ने के बारे में कुरेदकर पूछते हुए अवधि सावधानी से पता करें, पुष्टि करें कि यह लक्षण मृत्यु तक रहा, और उत्तर के अनुसार दर्ज करें। उत्तर के अनुसार सबसे उपयुक्त इकाई चुनें – दिन या महीने। मान्य उत्तर 0–30 दिन या 1–60 महीने के बीच है। 1 दिन या 24 घंटे से कम के लिए “0” दिन दर्ज करें। 1 सप्ताह = 7 दिन मानें। संभावित उत्तर 60 महीने से कम है। यदि दिया गया उत्तर 60 महीने से अधिक है, तो उत्तर की पुष्टि करें और “60” दर्ज करें। यदि उत्तरदाता सटीक अवधि याद नहीं कर पा रहे हैं, तो उन्हें याद दिलाने में सहायता करें और जो चिकित्सीय रूप से दर्ज करना प्रासंगिक है उसके अनुसार दर्ज करें। यदि निगलने में कठिनाई या दर्द रहा: </span>
<span style=""color:blue"">● 1 सप्ताह से कम - साक्षात्कारकर्ता 6 दिन दर्ज करे;</span>
<span style=""color:blue"">● कम से कम 1 सप्ताह – साक्षात्कारकर्ता 8 दिन दर्ज करे।</span>"
hi,question,Id10265,guidance_hint,"<span style=""color:blue"">आँखों का पीला पड़ना, जिसे पीलिया कहते हैं, नवजात शिशुओं में अक्सर पाया जाता है और आमतौर पर हल्का होता है। हालांकि, नवजात में यह माँ और शिशु के रक्त समूह की समस्याओं के कारण भी हो सकता है, जो विशेष रूप से जन्म के 1–2 दिन के भीतर देखा जाता है। यह गंभीर संक्रमणों में भी देखा जा सकता है। कभी-कभी बढ़ी हुई अवस्था में हथेलियों या त्वचा का भी पीला पड़ना होता है, और यदि ऐसा दिखे तो मूत्र भी गहरे पीले रंग का होता है। बच्चे और वयस्क: यदि ""NO/DK/Ref"" है, तो Id10267 पर जाएँ।</span>"
hi,question,Id10266_a,constraint_message,"यदि उत्तर 30 दिन से अधिक था, तो उत्तरदाता से समय महीनों में बताने को कहें"
hi,question,Id10266_b,constraint_message,"संभावित उत्तर 60 महीने से कम है। यदि उत्तर 60 से अधिक है, तो उत्तर की पुष्टि करें और 60 दर्ज करें।"
hi,question,Id10266_units,guidance_hint,"<span style=""color:blue"">पीलेपन की अवधि बीमारी की गंभीरता का संकेत देने में सहायक होती है। पता करें कि क्या मृत्यु तक चली अंतिम बीमारी के दौरान पीलिया पूरे समय रहा, और अवधि दर्ज करें। उत्तर के अनुसार सबसे उपयुक्त इकाई चुनें – दिन या महीने। मान्य उत्तर 0–30 दिन या 1–60 महीने के बीच है। 1 दिन या 24 घंटे से कम के लिए “0” दिन दर्ज करें। 1 सप्ताह = 7 दिन मानें। संभावित उत्तर 60 महीने से कम है। यदि दिया गया उत्तर 60 महीने से अधिक है, तो उत्तर की पुष्टि करें और “60” दर्ज करें। यदि उत्तरदाता सटीक अवधि याद नहीं कर पा रहे हैं, तो उन्हें याद दिलाने में सहायता करें और जो चिकित्सीय रूप से दर्ज करना प्रासंगिक है उसके अनुसार दर्ज करें। यदि पीलापन रहा: </span>
<span style=""color:blue"">● 3 सप्ताह से कम - साक्षात्कारकर्ता 20 दिन दर्ज करे; </span>
<span style=""color:blue"">● कम से कम 3 सप्ताह – साक्षात्कारकर्ता 22 दिन दर्ज करे।</span>"
hi,question,Id10267,guidance_hint,"<span style=""color:blue"">काले बालों वाले बड़े बच्चों में बालों के रंग का लाल, फीके भूरे या पीले रंग में बदल जाना मध्यम से गंभीर कुपोषण का संकेत है। यह दुबलेपन, क्षीणता और संक्रमणों जैसे अन्य लक्षणों के साथ हो सकता है। </span>"
hi,question,Id10268,guidance_hint,"<span style=""color:blue"">लंबे समय तक खून की कमी से होंठ, जीभ और आँख की भीतरी परत पीली, सफेद-सी दिखती है। कभी-कभी इसे खून का पतला होना भी कहा जाता है। यह लंबे समय तक रक्तस्राव, संक्रमण या कैंसर के कारण खून के नष्ट होने या कम बनने की वजह से हो सकता है। पीलापन उत्तरदाताओं द्वारा पहचाना और याद किया जा सकता है।</span>"
hi,question,Id10269,guidance_hint,"<span style=""color:blue"">बीमार शिशुओं और बहुत छोटे बच्चों में गहरी धँसी हुई आँखें देखी जा सकती हैं, और यह शरीर में पानी की काफी कमी का संकेत है। यह मृत्यु का कारण पता लगाने में सहायक एक महत्वपूर्ण संकेत है, लेकिन यह सूक्ष्म होता है और उत्तरदाता के लिए इसे आसानी से देख या याद कर पाना कठिन हो सकता है।</span>"
hi,question,Id10271,guidance_hint,"<span style=""color:blue"">नवजात में सामान्य रूप से दूध पीना या स्तनपान करना अच्छे स्वास्थ्य का संकेत है। जन्म के समय दूध न पीना कुछ विशेष स्थितियों का संकेत है। केवल उन मृतकों के लिए पूछें जिनकी आयु < 1 वर्ष थी।</span>"
hi,question,Id10272,guidance_hint,"<span style=""color:blue"">यह प्रश्न यह जानने के लिए पूछा जाता है कि क्या दूध पीने का प्रयास सामान्य और स्वस्थ था, या दूध पीने के प्रयास में कोई कमज़ोरी या सुस्ती थी। ‘सामान्य/स्वस्थ’ और कमज़ोर/सुस्त’ प्रयास के बीच का अंतर स्पष्ट करें। साथ ही, होंठ, मुँह या गले के कुछ जन्मजात दोषों से भी दूध पीना प्रभावित हो सकता है। जहाँ आवश्यक हो, दूध पीने के सामान्य और समस्याग्रस्त होने के इन पहलुओं को समझाएँ, और उत्तर के अनुसार दर्ज करें। केवल उन मृतकों के लिए पूछें जिनकी आयु < 1 वर्ष थी।</span>"
hi,question,Id10273,guidance_hint,"<span style=""color:blue"">टेटनस जैसे कुछ संक्रमणों में शिशु दूध पीने की क्षमता खो देता है। माँ इसे पहचान सकती है और सावधानी से पूछे जाने पर दूध पीना बंद होने की बात बता सकती है। केवल उन मृतकों के लिए पूछें जिनकी आयु < 1 वर्ष थी। यदि ""NO/DK/Ref"" है, तो Id10277 पर जाएँ।</span>"
hi,question,Id10274_a,constraint_message,कृपया मृत्यु के समय नवजात की आयु (दिनों में) से कम मान दर्ज करें।
hi,question,Id10274_a,guidance_hint,"<span style=""color:blue"">जन्म के कितने दिन बाद शिशु ने दूध पीना बंद किया, यह नवजात टेटनस का निदान करने का एक महत्वपूर्ण संकेतक है। सटीक उत्तर पाने के लिए सावधानी से कुरेदकर पूछें। 1 दिन से कम = “0”। जानकारी न होने पर “99” दर्ज करें। उत्तर देने से मना करने पर “88” दर्ज करें। उत्तर मृत्यु के समय नवजात की दिनों में आयु से अधिक नहीं होना चाहिए। यदि उत्तरदाता सटीक रूप से याद नहीं कर पा रहे हैं कि शिशु ने कब दूध पीना बंद किया, तो उन्हें याद दिलाने में सहायता करें और जो चिकित्सीय रूप से दर्ज करना प्रासंगिक है उसके अनुसार दर्ज करें: यदि शिशु ने जीवन के पहले दिन के भीतर दूध पीना बंद किया - साक्षात्कारकर्ता 0 दिन दर्ज करे; या यदि शिशु ने जीवन के दूसरे दिन तक दूध पीना बंद किया - साक्षात्कारकर्ता 3 दिन दर्ज करे</span>"
hi,question,Id10274_b,constraint_message,"यदि उत्तर 30 दिन से अधिक था, तो उत्तरदाता से समय महीनों में बताने को कहें"
hi,question,Id10274_c,constraint_message,1-11 महीनों के बीच का उत्तर दर्ज करें।
hi,question,Id10274_units,guidance_hint,"<span style=""color:blue"">केवल उन मृतकों के लिए पूछें जिनकी आयु < 1 वर्ष थी। जन्म के कितने दिन बाद शिशु ने दूध पीना बंद किया, यह नवजात टेटनस का निदान करने का एक महत्वपूर्ण संकेतक है। सटीक उत्तर पाने के लिए सावधानी से कुरेदकर पूछें। उत्तर के अनुसार सबसे उपयुक्त इकाई चुनें – दिन या महीने। मान्य उत्तर 0–30 दिन या 1–11 महीने के बीच है। 1 दिन या 24 घंटे से कम के लिए “0” दिन दर्ज करें। 1 सप्ताह = 7 दिन मानें। संभावित उत्तर 12 महीने से कम है। यदि दिया गया उत्तर 11 महीने से अधिक है, तो उत्तर की पुष्टि करें और “11” दर्ज करें। यदि उत्तरदाता सटीक रूप से याद नहीं कर पा रहे हैं कि शिशु ने कब दूध पीना बंद किया, तो उन्हें याद दिलाने में सहायता करें और जो चिकित्सीय रूप से दर्ज करना प्रासंगिक है उसके अनुसार दर्ज करें। यदि शिशु ने दूध पीना बंद किया:.</span>
<span style=""color:blue"">● जीवन के पहले दिन के भीतर - साक्षात्कारकर्ता 0 दिन दर्ज करे;.</span>
<span style=""color:blue"">● जीवन के दूसरे दिन तक - साक्षात्कारकर्ता 3 दिन दर्ज करे।.</span>"
hi,question,Id10275,guidance_hint,"<span style=""color:blue"">प्रश्न Id10275 और Id10276 का उद्देश्य समय की पुष्टि करना और जन्म के तुरंत बाद, जीवन के पहले दिन के भीतर, दौरे शुरू होने की पहचान करना है, जो संभवतः मस्तिष्क के कुछ जन्मजात विकारों या रक्त में रसायनों की असामान्यताओं से जुड़े हो सकते हैं। केवल उन मृतकों के लिए पूछें जिनकी आयु < 1 वर्ष थी। नवजात: यदि ""YES"" है, तो Id10233 पर जाएँ। बच्चे:  यदि ""YES"" है, तो Id10223 पर जाएँ।</span>"
hi,question,Id10276,guidance_hint,"<span style=""color:blue"">जीवन के पहले दिन के बाद होने वाले दौरे नवजात टेटनस से जुड़े हो सकते हैं। केवल उन मृतकों के लिए पूछें जिनकी आयु < 1 वर्ष थी</span>"
hi,question,Id10277,guidance_hint,"<span style=""color:blue"">नवजात टेटनस में नवजात का शरीर अकड़ सकता है और पीछे की ओर धनुष की तरह मुड़ सकता है। माँएँ इसे पहचान सकती हैं और पूछे जाने पर बता सकती हैं। यदि उत्तरदाता को यह प्रश्न समझने में कठिनाई हो, तो शरीर के अकड़कर पीछे की ओर मुड़ने का प्रदर्शन करके दिखाएँ। केवल उन मृतकों के लिए पूछें जिनकी आयु < 1 वर्ष थी।</span>"
hi,question,Id10278,guidance_hint,"<span style=""color:blue"">फॉन्टेनेल (तालू का नरम स्थान) शिशु/नवजात के सिर के आगे की ओर का नरम स्थान होता है, जो मस्तिष्क में संक्रमण होने पर सूज सकता है और उभर सकता है। उभरने का अर्थ है कि जब शिशु बैठी हुई स्थिति में था तब वह सूजा हुआ, बाहर की ओर उभरा हुआ और तना हुआ था। यदि ऐसा था, तो माँएँ इसे सही ढंग से पहचान और बता सकती हैं। सटीक उत्तर पाने के लिए सावधानी से कुरेदकर पूछें।  केवल उन मृतकों के लिए पूछें जिनकी आयु < 1 वर्ष थी। बच्चों के लिए: यदि ""YES"" है, तो Id10354 पर जाएँ। नवजात के लिए: यदि ""YES"" है, तो id10281 पर जाएँ।</span>"
hi,question,Id10279,guidance_hint,"<span style=""color:blue"">धँसा हुआ फॉन्टेनेल, यानी सिर के आगे का नरम स्थान, गंभीर निर्जलीकरण का संकेत है। माँ या देखभाल करने वाले के लिए इस संकेत को नोटिस करना या याद रखना कठिन हो सकता है। फिर भी, यदि सावधानी से कुरेदकर पूछा जाए तो वे सही उत्तर दे सकते हैं। केवल उन मृतकों के लिए पूछें जिनकी आयु < 1 वर्ष थी।</span>"
hi,question,Id10281,guidance_hint,"<span style=""color:blue"">बेहोशी का अर्थ है नवजात को जगाना पूरी तरह असंभव होना, जिसमें साँस लेने के अलावा कोई हरकत न हो। बच्चा दर्द सहित शारीरिक उत्तेजनाओं पर भी प्रतिक्रिया नहीं देता। बीमार नवजात लंबे समय तक सो सकते हैं, लेकिन यह जाँचना आवश्यक है कि क्या उन्हें दूध पिलाने के लिए भी जगाया नहीं जा सका। बेहोशी की पहचान मुख्य रूप से इसलिए महत्वपूर्ण है कि यह मस्तिष्क या केंद्रीय तंत्रिका तंत्र की बीमारी या विकार का संकेत देती है। मृत्यु से पहले आमतौर पर थोड़े समय की बेहोशी होती है। नवजात शिशुओं में बेहोशी को मस्तिष्क या तंत्रिका तंत्र की संलिप्तता के विशिष्ट लक्षण के रूप में अलग से पहचानना कठिन होता है। यदि Id10281 का उत्तर ""NO/DK/Ref"" है, तो Id10284 पर जाएँ</span>"
hi,question,Id10282,guidance_hint,"<span style=""color:blue"">बेहोशी का अर्थ है नवजात को जगाना पूरी तरह असंभव होना, जिसमें साँस लेने के अलावा कोई हरकत न हो। बच्चा दर्द सहित शारीरिक उत्तेजनाओं पर भी प्रतिक्रिया नहीं देता। बीमार नवजात लंबे समय तक सो सकते हैं, लेकिन यह जाँचना आवश्यक है कि क्या उन्हें दूध पिलाने के लिए भी जगाया नहीं जा सका। बेहोशी की पहचान मुख्य रूप से इसलिए महत्वपूर्ण है कि यह मस्तिष्क या केंद्रीय तंत्रिका तंत्र की बीमारी या विकार का संकेत देती है। मृत्यु से पहले आमतौर पर थोड़े समय की बेहोशी होती है। नवजात शिशुओं में बेहोशी को मस्तिष्क या तंत्रिका तंत्र की संलिप्तता के विशिष्ट लक्षण के रूप में अलग से पहचानना कठिन होता है। यदि Id10282 का उत्तर ""YES"" है, तो Id10284 पर जाएँ।</span>"
hi,question,Id10283,guidance_hint,"<span style=""color:blue"">बेहोशी का अर्थ है नवजात को जगाना पूरी तरह असंभव होना, जिसमें साँस लेने के अलावा कोई हरकत न हो। बच्चा दर्द सहित शारीरिक उत्तेजनाओं पर भी प्रतिक्रिया नहीं देता। बीमार नवजात लंबे समय तक सो सकते हैं, लेकिन यह जाँचना आवश्यक है कि क्या उन्हें दूध पिलाने के लिए भी जगाया नहीं जा सका। बेहोशी की पहचान मुख्य रूप से इसलिए महत्वपूर्ण है कि यह मस्तिष्क या केंद्रीय तंत्रिका तंत्र की बीमारी या विकार का संकेत देती है। मृत्यु से पहले आमतौर पर थोड़े समय की बेहोशी होती है। नवजात शिशुओं में बेहोशी को मस्तिष्क या तंत्रिका तंत्र की संलिप्तता के विशिष्ट लक्षण के रूप में अलग से पहचानना कठिन होता है। यदि Id10281 का उत्तर ""NO/DK/Ref"" है, तो Id10284 पर जाएँ। यदि Id10282 का उत्तर ""YES"" है, तो Id10284 पर जाएँ।</span>"
hi,question,Id10284,guidance_hint,"<span style=""color:blue"">शरीर का ठंडा होना इस बात का संकेत है कि शरीर का तापमान सामान्य से कम है, और यह गंभीर बीमारी से जुड़ा होता है। हालांकि, यह एक व्यक्तिपरक संकेत है, और उत्तरदाता के लिए इसे आसानी से याद करना कठिन हो सकता है। छूने पर ठंडा होने का क्या अर्थ है, यह सावधानी से समझाना आवश्यक है।</span>"
hi,question,Id10286,guidance_hint,"<span style=""color:blue"">सुस्ती का अर्थ है ताकत या गतिविधि की कमी, और आँखों में मंदता। उत्तरदाता के लिए इस संकेत को आसानी से याद करना कठिन हो सकता है। सुस्ती का क्या अर्थ है, यह सावधानी से समझाना, या यह दिखाकर बताना आवश्यक है कि सुस्त शिशु कैसा दिखता है। यदि शिशु में कभी सामान्य गतिविधि का दौर नहीं रहा –तो यह ""NO"" होना चाहिए। </span>"
hi,question,Id10287,guidance_hint,"<span style=""color:blue"">नाभि-नाल का लाल होना किसी गंभीर संक्रमण का संकेत हो सकता है। यह नवजात में संक्रमण का एक महत्वपूर्ण स्रोत है, और इस संकेत को उत्तरदाता आसानी से पहचान और याद कर सकते हैं।</span>"
hi,question,Id10288,guidance_hint,"<span style=""color:blue"">त्वचा पर घाव या छालों का होना, विशेष रूप से यदि वे पीले तरल (मवाद) से भरे हों, त्वचा के गंभीर संक्रमण का संकेत है, जो मृत्यु के कारण से संबंधित हो सकता है।</span>"
hi,question,Id10289,guidance_hint,"<span style=""color:blue"">एक पिछले प्रश्न में आँखों के पीले पड़ने के बारे में पूछा गया था। यह प्रश्न उस प्रश्न के उत्तर की दोबारा जाँच के लिए है, और इसमें त्वचा, हथेलियों और पैरों के पूरे पीले पड़ने के बारे में पूछा गया है। कभी-कभी आँखों का पीलापन आसानी से नहीं दिखता, लेकिन पूरे शरीर का पीलापन देखा और याद किया जा सकता है। मूत्र भी गहरे पीले रंग का होता है; और पीलिया के लिए अक्सर कोई स्थानीय शब्द होता है।</span>"
hi,question,Id10294,guidance_hint,"<span style=""color:blue"">मृत्यु से पहले की अवधि में कई सप्ताहों तक बनी रहने वाली स्तन की सूजन या गाँठ स्तन के संभावित कैंसर का एक महत्वपूर्ण संकेत है। यह आमतौर पर मध्यम आयु या वृद्ध महिलाओं में होता है। यद्यपि यह एक आंतरिक संकेत है, और इसलिए उत्तरदाताओं द्वारा सीधे नहीं देखा गया हो सकता, फिर भी यह स्थिति परिवार की महिला देखभालकर्ताओं की जानकारी में आई हो सकती है, और इससे स्वास्थ्य सेवा लेने का प्रयास शुरू हुआ हो सकता है। कुछ मामलों में, स्तन की गाँठ त्वचा को फाड़कर बाहर आ सकती है और एक न भरने वाला घाव बना सकती है। यह खुले रूप से दिखने वाला संकेत है, और आमतौर पर देखभालकर्ताओं के ध्यान में आता है, ताकि वे घाव को साफ करें और उस पर पट्टी करें। इसलिए, यदि यह था तो इसके याद होने की संभावना अधिक है। साथ ही, स्वास्थ्य सेवा लेने का प्रयास किया गया हो सकता है, जिसमें निदान के बारे में चिकित्सकीय राय मिलने की संभावना रही हो। इन पहलुओं को स्पष्ट करें, और सभी विवरण प्रश्नावली के संबंधित खंडों में दर्ज करें।</span>"
hi,question,Id10296,guidance_hint,"<span style=""color:blue"">यह प्रश्न इस बात की पुष्टि के लिए है कि क्या मृतका यौवनावस्था/रजोदर्शन तक पहुँची थी, जिसमें गर्भाशय से हर महीने रक्तस्राव का चक्र होता है। यदि “yes” है, तो उसकी मृत्यु का कारण संभवतः गर्भावस्था से जुड़ी स्थितियों से संबंधित हो सकता है। यदि मृतका बहुत कम उम्र की थी (जैसे 12–15 वर्ष), तो कुछ कुरेदकर पूछना या स्पष्टीकरण आवश्यक हो सकता है; अन्यथा अधिकांश मामलों में यह प्रश्न सीधा होगा और उसका उत्तर भी सीधा होगा। यदि उत्तर “NO” है, तो कृपया सुनिश्चित करें कि मृतका के हाल ही में गर्भवती होने की कोई संभावना नहीं थी। यदि ""NO/DK/Ref"" है, तो Id10301 पर जाएँ।</span>"
hi,question,Id10299,guidance_hint,"<span style=""color:blue"">यह प्रश्न उन महिलाओं के लिए प्रासंगिक है जिन्हें प्राकृतिक रजोनिवृत्ति हुई हो, यानी उत्तर वयस्कता में होने वाला नियमित मासिक रक्तस्राव चक्र का बंद होना। रजोनिवृत्ति के लिए स्थानीय भाषा में कोई शब्द या वाक्यांश हो सकता है, जिसे प्रश्नावली के अनुवादित संस्करण में प्रयोग किया जाना चाहिए, और कुरेदकर पूछने के लिए स्थानीय शब्द का प्रयोग करें। यदि मृतका को रजोनिवृत्ति हो चुकी थी, तो गर्भावस्था से संबंधित मृत्यु की संभावना को बाहर रखा जा सकता है। यदि उत्तर ""YES"" है, तो Id10300 पर जाएँ। यदि ""NO/DK/Ref"" है, तो Id10301 पर जाएँ।</span>"
hi,question,Id10300,guidance_hint,"<span style=""color:blue"">यह प्रश्न उन महिलाओं के लिए प्रासंगिक है जिन्हें रजोनिवृत्ति हो चुकी है। रजोनिवृत्ति के कई महीनों से लेकर वर्षों के अंतराल के बाद योनि से रक्तस्राव होना जननांग मार्ग के कैंसर का प्रबल संकेत है। सुनिश्चित करें कि रजोनिवृत्ति और योनि से रक्तस्राव के दोबारा होने के बीच स्पष्ट अंतराल था। यदि संभव हो, तो उत्तरदाता द्वारा दिए गए विवरण प्रश्नावली के वर्णनात्मक खंड में दर्ज करें। यह प्रश्न रजोनिवृत्ति न हुई महिलाओं से पूछने की आवश्यकता नहीं है</span>"
hi,question,Id10301,guidance_hint,"<span style=""color:blue"">मृत्यु से पहले के सप्ताह में योनि से अत्यधिक रक्तस्राव अंतिम बीमारी से संबंधित हो सकता है। यह अत्यधिक रक्तस्राव गर्भावस्था, प्रसव-पीड़ा, प्रसव से संबंधित हो सकता है या इनमें से किसी से भी संबंधित नहीं हो सकता। जो भी स्थिति हो, मृत्यु से पहले के सप्ताह में योनि से रक्तस्राव का उत्तर यहाँ दर्ज करें। प्रसव के दौरान और उसके तुरंत बाद कुछ मात्रा में रक्तस्राव स्वाभाविक रूप से होता है, जिसे आमतौर पर प्रसव कराने वाले मानक प्रक्रियाओं से नियंत्रित कर लेते हैं। जो रक्तस्राव आसानी से नियंत्रित नहीं होता और कई घंटों तक लगातार और लंबे समय तक चलता रहता है, उसे अत्यधिक माना जा सकता है, और प्रसव कराने वाली टीम द्वारा घर के सदस्यों को इसी रूप में बताया गया हो सकता है, और इसे याद किया जा सकता है, विशेष रूप से प्रसव के तुरंत बाद के सप्ताह में इसके होने के संदर्भ में। दूसरी ओर, किसी भी उम्र में गर्भावस्था या प्रसव से संबंधित न होने वाला अत्यधिक रक्तस्राव भी हो सकता है। मासिक धर्म के रक्तस्राव के संबंध में, इसे अत्यधिक माना जा सकता है जब कोई महिला 7 दिन (1 सप्ताह) से अधिक रक्तस्राव करे, या प्रतिदिन छह से अधिक पूरी तरह भीगे हुए सैनिटरी पैड का उपयोग करे। “अत्यधिक” शब्द के साथ-साथ मृत्यु से ठीक पहले के कुछ दिनों में इसके होने को भी स्पष्ट करें, और उत्तर के अनुसार दर्ज करें।</span>
<span style=""color:blue"">नोट:</span>
<span style=""color:blue"">● जिन महिलाओं के बारे में बताया गया हो कि उन्हें कभी मासिक धर्म नहीं हुआ (यानी, Id10296=NO), उनके लिए Id10305 पर जाएँ। प्रश्न Id10305-10308 इस बात की पुष्टि के लिए पूछे जाते हैं कि यह मातृ मृत्यु नहीं थी और Id10296 के गलत नकारात्मक उत्तरों से बचने के लिए।</span>
<span style=""color:blue"">● 50 वर्ष या उससे अधिक आयु की जिन महिलाओं के बारे में बताया गया हो कि उन्हें रजोनिवृत्ति हो चुकी थी (यानी, Id10299=YES), उनके लिए Id10301 के बाद Id10340 पर जाएँ।</span>
<span style=""color:blue"">● 40 से 50 वर्ष की आयु की जिन महिलाओं के बारे में बताया गया हो कि उन्हें रजोनिवृत्ति हो चुकी थी (यानी, Id10299=YES), उनके लिए Id10305 पर जाएँ। प्रश्न Id10305-10308 इस बात की पुष्टि के लिए पूछे जाते हैं कि यह मातृ मृत्यु नहीं थी और Id10299 के गलत सकारात्मक उत्तरों से बचने के लिए। </span>"
hi,question,Id10302,guidance_hint,"<span style=""color:blue"">यह प्रश्न यह पहचानने के लिए है कि क्या मृतका के गर्भवती होने की जानकारी थी या मृत्यु के समय वह संभावित रूप से गर्भवती हो सकती थी। कुछ मामलों में, शुरुआती गर्भावस्था में, मासिक धर्म के देर होने की बात करीबी महिला रिश्तेदारों को भी पता नहीं होती। हालांकि, 2–3 महीने से आगे की अधिक बढ़ी हुई गर्भावस्था के बारे में आमतौर पर घर के सदस्यों को पता होता है। सावधानी से कुरेदकर पूछें और उत्तर दर्ज करें। यदि महिला के मृत्यु के समय गर्भवती होने की जानकारी थी या उसकी मृत्यु प्रसव-पीड़ा या प्रसव के दौरान हुई, तो इस प्रश्न का उत्तर ""YES"" होना चाहिए। यदि ""NO/DK/Ref"" है, तो Id10305 पर जाएँ।</span>"
hi,question,Id10303,constraint_message,कृपया 0 से 99 के बीच का मान दर्ज करें।
hi,question,Id10303,guidance_hint,"<span style=""color:blue"">यह प्रश्न गर्भावस्था की संभावित अवधि स्पष्ट करता है, यदि वह ज्ञात हो। शुरुआती अवस्था में, मासिक धर्म के देर होने से गर्भावस्था की पुष्टि नहीं होती, जब तक कि परिवार को कोई विशिष्ट गर्भावस्था जाँच, यदि की गई हो, के परिणाम की जानकारी न हो। फिर भी, इस प्रकार की कोई भी जानकारी इस बात की संभावना का निदान करने में सहायता कर सकती है कि मृत्यु शुरुआती गर्भावस्था से संबंधित थी। 1 सप्ताह से कम = 0 सप्ताह। सप्ताहों की संख्या निर्धारित करने के लिए 7 दिन = 1 सप्ताह मानें। मान्य उत्तर 0 और 99 के बीच है। यदि उत्तर 98 सप्ताह से अधिक था, तो उत्तर की पुष्टि करें और “98” दर्ज करें। यदि उत्तरदाता सटीक रूप से याद नहीं कर पा रहे हैं कि मासिक धर्म कितने समय से देर से था, तो उन्हें याद दिलाने में सहायता करें और जो चिकित्सीय रूप से दर्ज करना प्रासंगिक है उसके अनुसार दर्ज करें। यदि मासिक धर्म देर से था:</span>
<span style=""color:blue"">● 4 सप्ताह से कम - साक्षात्कारकर्ता 3 सप्ताह दर्ज करे;</span>
<span style=""color:blue"">● कम से कम 4 सप्ताह – साक्षात्कारकर्ता 5 सप्ताह दर्ज करे। जानकारी न होने पर “99” दर्ज करें। उत्तर देने से मना करने पर “88” दर्ज करें।</span>"
hi,question,Id10304,guidance_hint,"<span style=""color:blue"">पेट शरीर का वह भाग है जो पसलियों के पिंजरे के नीचे और कूल्हे की हड्डियों के ऊपर होता है। यह जानना महत्वपूर्ण है कि क्या मृतका ने गर्भावस्था के पहले 3 महीनों के दौरान पेट दर्द की शिकायत की थी, और दर्द कितना गंभीर था। अस्थानिक गर्भावस्था सहित कुछ मातृ कारण पेट में तीव्र, ज़ोरदार दर्द से जुड़े होते हैं, और यदि दर्द वास्तव में बहुत तेज़ हो, तो आमतौर पर वह नज़दीकी रिश्तेदारों की जानकारी में आता है। ऐसा तीव्र दर्द गर्भावस्था के पहले 3 महीनों में हो सकता है, तब भी जब मृतका या रिश्तेदारों को गर्भावस्था की जानकारी न हो। यदि उत्तर “NO/DK/Ref” है, तो Id10309 पर जाएँ। </span>"
hi,question,Id10304_a,guidance_hint,"<span style=""color:blue"">यदि किसी महिला का भ्रूण (शुरुआती गर्भावस्था) गर्भाशय के बाहर टिका हो, तो वह फट जाएगा और पेट में रक्तस्राव होगा, जिससे बहुत तेज़ पेट दर्द के साथ अत्यधिक चक्कर आना या बेहोश हो जाना होगा। यह प्रश्न बेहोशी के दौरों के बारे में है, न कि उन चक्करों के बारे में जो गर्भावस्था में आम होते हैं। </span>"
hi,question,Id10305,guidance_hint,"<span style=""color:blue"">इस प्रश्न का उद्देश्य यह निर्धारित करना है कि क्या मृतका मृत्यु के समय गर्भवती थी। यानी, इस प्रश्न का “YES” उत्तर इसका अर्थ है कि उसकी मृत्यु के बाद भी भ्रूण या शिशु माँ के शरीर में रह गया था। यदि वह पहले से ही प्रसव-पीड़ा में थी या सक्रिय रूप से गर्भपात हो रहा था - तो कृपया इस प्रश्न का उत्तर “NO” दें। लगभग 3 महीने के बाद गर्भावस्था का पता स्पष्ट हो सकता है। हालांकि, इससे पहले, जब मासिक धर्म केवल कुछ सप्ताह ही देर से हो, तो इसकी जानकारी केवल पति या बहन जैसे नज़दीकी रिश्तेदारों को ही हो सकती है। गर्भावस्था की पुष्टि मृत्यु के कारण के निदान में एक महत्वपूर्ण योगदान है। ध्यान दें कि यह प्रश्न Id10296 (क्या उसे कभी मासिक धर्म हुआ) के “NO” उत्तर के बाद भी पूछा जाएगा। यह इसलिए है ताकि सभी गर्भवती महिलाओं की पहचान हो सके, जैसे किसी युवा महिला के पहला मासिक धर्म होने से पहले ही गर्भवती हो जाने का मामला, या Id10296 के गलत नकारात्मक उत्तर का मामला। यदि Id10305 का उत्तर ""YES"" है, तो प्रश्न Id10304 पर जाएँ। यदि उत्तरदाता बताते हैं कि वह गर्भवती नहीं थी या मृत्यु प्रसव के दौरान या उसके बाद हुई जब वह पहले से भ्रूण/शिशु को गर्भ में नहीं रखे हुए थी, तो इस प्रश्न का उत्तर ""NO"" दर्ज करें; और अगले प्रश्न पर आगे बढ़ें। यदि Id10305 का उत्तर ""DK/Ref"" है, तो अगले प्रश्न पर जारी रखें। </span>"
hi,question,Id10306,guidance_hint,"<span style=""color:blue"">इस प्रश्न का उपयोग प्रसव और मृत्यु के बीच की अवधि का पता लगाने के लिए किया जाता है। इस प्रश्न का ""हाँ"" उत्तर होने का अर्थ है कि मृतक की मृत्यु से पहले 6 सप्ताह के भीतर भ्रूण या शिशु का प्रसव (योनि से या सी-सेक्शन द्वारा) हुआ था - चाहे गर्भ का समाप्त होना पूर्ण अवधि या पूर्ण अवधि के निकट जीवित जन्म या मृत जन्म के कारण हुआ हो। गर्भावस्था की समाप्ति और मृत्यु के बीच के समय के संबंध को स्पष्ट करें और उसी के अनुसार उत्तर दर्ज करें। यदि उत्तर ""हाँ"" है, तो Id10309 पर जाएँ। यदि ""नहीं/पता नहीं/मना किया"" है, तो अगले प्रश्न पर जाएँ।</span>"
hi,question,Id10308,guidance_hint,"<span style=""color:blue"">यह प्रश्न उन मृत्युओं की पहचान करने के लिए है जो प्रसव या गर्भावस्था की समाप्ति के 6 सप्ताह के बाद लेकिन 1 वर्ष के भीतर हुईं। 1 वर्ष की सीमा को विलंबित मातृ मृत्यु की परिभाषा की बाहरी सीमा माना जाता है। यदि उत्तर ""हाँ"" है, तो Id10309 पर जाएँ। यदि ""नहीं/पता नहीं/मना किया"" है, तो Id10310 पर जाएँ। </span>"
hi,question,Id10309,constraint_message,"कृपया 0 से 11 महीनों के बीच का मान दर्ज करें। यदि उत्तर 11 से अधिक है, तो उत्तर की पुष्टि करें और 11 दर्ज करें।"
hi,question,Id10309,guidance_hint,"<span style=""color:blue"">यह प्रश्न मृत्यु के समय गर्भावस्था की वास्तविक अवधि महीनों में दर्ज करने के लिए है। गर्भावस्था के पूरे हो चुके महीनों की संख्या लिखें, जैसे 7.5 महीने को 7 महीने लिखा जाएगा। मान्य उत्तर 0 से 11 के बीच है। यदि उत्तर 11 महीने से अधिक है, तो उत्तर की पुष्टि करें और ""11"" दर्ज करें। यदि उत्तरदाता को ठीक अवधि याद नहीं है, तो पूछताछ करें और चिकित्सकीय रूप से जो दर्ज करना प्रासंगिक है, उसके अनुसार दर्ज करें। यदि गर्भावस्था:</span>
<span style=""color:blue"">● 6 महीने से कम चली हो - साक्षात्कारकर्ता 5 महीने दर्ज करे;</span>
<span style=""color:blue"">● या 6 महीने से अधिक चली हो – साक्षात्कारकर्ता 7 महीने दर्ज करे।</span>
<span style=""color:blue"">पता नहीं के लिए ""99"" दर्ज करें। मना करने के लिए ""88"" दर्ज करें।</span>"
hi,question,Id10310,guidance_hint,"<span style=""color:blue"">यह ऊपर वाला नोट तब दिखाई देता है जब Id10305/Id10312/Id10313/Id10334/Id10308 के उत्तर नहीं/पता नहीं/मना किया हों। इन सभी प्रश्नों के नकारात्मक उत्तर यह संकेत देते हैं कि मृतक मृत्यु के समय गर्भवती नहीं थी, और यह भी कि मृत्यु किसी भी प्रसव या गर्भावस्था की समाप्ति के एक वर्ष के भीतर नहीं हुई थी। ऐसी स्थिति में मृतक की मृत्यु का कारण गर्भावस्था से संबंधित होने की बिल्कुल कोई संभावना नहीं है। इसलिए, इस नोट (Id10310) के चेकबॉक्स पर निशान लगाने से यह पुष्टि होती है कि मृत्यु का गर्भावस्था से किसी भी प्रकार से कोई संबंध नहीं था, और इसलिए मातृ कारण संभव नहीं हैं। अतः मातृ कारणों से संबंधित आगे के प्रश्नों की आवश्यकता नहीं है। यदि इस बारे में कोई संदेह हो कि मृत्यु का कारण मातृ या गर्भावस्था से संबंधित हो सकता था, तो Id10305 पर वापस जाएँ; और प्रश्नों को दोबारा पूछें, ताकि यह पता चल सके कि महिला मृत्यु से पहले गर्भवती थी या हाल ही में उसका प्रसव हुआ था, और वही प्रक्रिया फिर से अपनाएँ।</span>"
hi,question,Id10312,guidance_hint,"<span style=""color:blue"">यह प्रश्न इस बात की पुष्टि करने के लिए है कि मृत्यु शिशु को जन्म देने की प्रक्रिया के दौरान हुई थी, यानी प्रसव पीड़ा शुरू होने के बाद और प्रसव आगे बढ़ने के कुछ संकेत देखे जाने के बाद मृत्यु हुई। लेकिन मृत्यु प्रसव पूरा होने से पहले हुई। पूर्ण प्रसव का अर्थ है शिशु का जन्म हो जाना। जिन मामलों में मृत्यु अपूर्ण प्लेसेंटा निकलने से होती है, उन्हें प्रसवोत्तर माना जाना चाहिए। प्रसव की प्रक्रिया से अपरिचित उत्तरदाताओं के लिए यह निर्धारण कभी-कभी कठिन हो सकता है – इसलिए उत्तरदाता का चयन महत्वपूर्ण है – जहाँ उपलब्ध हो, निकट की कोई महिला रिश्तेदार उत्तरदाता के रूप में चुनी जानी चाहिए, भले ही वह परिवार की सदस्य न हो। इस प्रश्न का ""हाँ"" उत्तर गर्भपात या गर्भस्राव के दौरान मरने वाली महिलाओं को शामिल नहीं करता। यदि उत्तर ""हाँ"" है, तो Id10309 पर जाएँ। यदि उत्तर ""नहीं/पता नहीं/मना किया"" है, तो Id10313 पर जारी रखें। </span>"
hi,question,Id10313,guidance_hint,"<span style=""color:blue"">अधिकांश मातृ मृत्यु प्रसव के तुरंत बाद होती हैं। यह प्रश्न इस बात की पुष्टि करने के लिए है कि मृत्यु शिशु के जन्म के बाद हुई, न कि गर्भावस्था या प्रसव (प्रसव की अवधि) के दौरान। ध्यान दें कि शिशु को जन्म देने के 1 वर्ष तक की मृत्यु मातृ मृत्यु के रूप में प्रासंगिक है। यदि ""हाँ"" है, तो Id10314 पर जाएँ। यदि ""नहीं/पता नहीं/मना किया"" है, तो Id10334 पर जाएँ।</span>"
hi,question,Id10314,guidance_hint,"<span style=""color:blue"">यह प्रश्न प्रसव और मृत्यु के बीच की अवधि का पता लगाने के लिए किया जाता है। कई मातृ कारण प्रसव के बाद पहले दिन के भीतर मृत्यु का कारण बनते हैं, जिनमें सबसे महत्वपूर्ण शिशु के जन्म के बाद होने वाला रक्तस्राव है। यदि ""हाँ"" है, तो Id10309 पर जाएँ। यदि ""नहीं/पता नहीं/मना किया"" है, तो अगले प्रश्न पर जारी रखें। </span>"
hi,question,Id10317,guidance_hint,"<span style=""color:blue"">कुछ मातृ कारण जुड़वाँ गर्भावस्था के साथ अधिक होने की संभावना रखते हैं। स्पष्ट करें कि वह एक शिशु, जुड़वाँ या तीन अथवा अधिक शिशुओं से गर्भवती थी और उसी के अनुसार उत्तर दर्ज करें।</span>"
hi,question,Id10319,constraint_message,"कृपया 0 से 20 के बीच का मान दर्ज करें। यदि उत्तर 20 से अधिक है, तो उत्तर की पुष्टि करें और 20 दर्ज करें।"
hi,question,Id10319,guidance_hint,"<span style=""color:blue"">इस जन्म से पहले का प्रसूति इतिहास पूछें और दर्ज करें। ध्यान दें कि जन्मों में गर्भावस्था के पहले 6 महीनों में हुए गर्भपात (स्वतः या कराए गए) और गर्भस्राव शामिल नहीं हैं। एक से अधिक शिशुओं के जन्म को अलग-अलग घटना के रूप में गिना जाना चाहिए। उदाहरण के लिए, जुड़वाँ बच्चों को जन्म देना 2 जन्म के बराबर है। मान्य उत्तर 0 से 20 के बीच है। यदि उत्तर 20 से अधिक जन्म है, तो उत्तर की पुष्टि करें और ""20"" दर्ज करें। पता नहीं के लिए ""99"" दर्ज करें। मना करने के लिए ""88"" दर्ज करें। यदि इस प्रश्न का उत्तर ""शून्य (0)"" है यानी यह पहला प्रसव है (मृत जन्म सहित), और महिला की मृत्यु गर्भावस्था के दौरान हुई (यानी Id10305=हाँ) - तो Id10411 पर जाएँ। अन्यथा, Id10340 पर जाएँ। यदि उत्तर ""एक या एक से अधिक कोई भी संख्या"" है, तो अगले प्रश्न पर जाएँ।</span>"
hi,question,Id10320,guidance_hint,"<span style=""color:blue"">पूछें और दर्ज करें कि क्या किसी भी बच्चे का जन्म ऑपरेशन से हुआ था। पहले हुए सिजेरियन ऑपरेशन का इतिहास मृत्यु के कुछ मातृ कारणों का जोखिम बढ़ाता है। कुछ उत्तरदाता सिजेरियन ऑपरेशन शब्द से परिचित नहीं हो सकते, इसलिए आप पेट की शल्य चिकित्सा या ऑपरेशन द्वारा प्रसव के बारे में भी पूछ सकते हैं।</span>"
hi,question,Id10321,guidance_hint,"<span style=""color:blue"">आजकल अनेक गर्भवती महिलाओं का रक्तचाप प्रसवपूर्व देखभाल के हिस्से के रूप में जाँचा जाता है, और यदि उच्च रक्तचाप पाया जाए तो रोगी को इसकी सूचना दी जाती है। पूछें कि क्या मृतक को प्रसवपूर्व देखभाल के परामर्श के दौरान उच्च रक्तचाप का निदान हुआ था, और उत्तर दर्ज करें। यह निर्धारित करना महत्वपूर्ण है कि महिला को उच्च रक्तचाप था या नहीं, क्योंकि यदि रक्तचाप अधिक है तो यह हृदय रोग या स्ट्रोक से संबंधित हो सकता है। </span>"
hi,question,Id10322_a,guidance_hint,"<span style=""color:blue"">योनि से बदबूदार स्राव जन्म नलिका में संक्रमण का संकेत है, और यह गर्भावस्था के दौरान देखा जा सकता है। इसके साथ पेट के निचले हिस्से में दर्द और बुखार के लक्षण भी हो सकते हैं। ध्यान से पूछताछ करें और उत्तर दर्ज करें।</span>"
hi,question,Id10322_b,guidance_hint,"<span style=""color:blue"">योनि से बदबूदार स्राव जन्म नलिका में संक्रमण का संकेत है, और यह प्रसव या गर्भपात के बाद देखा जा सकता है। इसके साथ पेट के निचले हिस्से में दर्द और बुखार के लक्षण भी हो सकते हैं। ध्यान से पूछताछ करें और उत्तर दर्ज करें। जिन महिलाओं का गर्भपात या गर्भस्राव हुआ था (यानी Id10334=हाँ; (Id10313=नहीं और Id10308=हाँ)) उनके लिए Id10319 पर जाएँ। अन्यथा, Id10331 पर जारी रखें। नोट: निम्नलिखित प्रश्न Id10331-Id10337 केवल उन महिलाओं के लिए प्रासंगिक हैं जिनकी मृत्यु प्रसव के दौरान या प्रसव के बाद हुई (यानी Id10312=हाँ; Id10313=हाँ; Id10313=हाँ और Id10308=हाँ)।</span>"
hi,question,Id10323,guidance_hint,"<span style=""color:blue"">दौरे हाथ-पैरों के किसी हिस्से या कभी-कभी पूरे हाथ-पैरों की तेज़ फड़कन या झटकेदार गतियाँ होती हैं, जो अक्सर बेहोशी के साथ शांत हो जाती हैं। दौरों के लिए आम शब्द ""फिट्स"" है, और ऐसी गतियों के लिए अक्सर कोई स्थानीय शब्द होता है। दौरे एक गंभीर संकेत हैं, और प्रायः देखने वालों को याद रहते हैं, इसलिए उत्तरदाताओं द्वारा बताए जाते हैं। दौरों की परिभाषा की ध्यान से पुष्टि करें, ज़रूरत हो तो करके दिखाएँ, और उसी के अनुसार उत्तर दर्ज करें। दौरे एक्लेम्पसिया (गर्भावस्था का विषाक्तता), मिर्गी या कई अन्य गंभीर चिकित्सीय स्थितियों का संकेत हो सकते हैं। इन दौरों की शुरुआत का समय स्थिति को अलग पहचानने के लिए महत्वपूर्ण है। ध्यान दें कि गर्भावस्था के अंतिम 3 महीनों का अर्थ पूर्ण अवधि की गर्भावस्था के 7वें-9वें महीने हैं।</span>"
hi,question,Id10324,guidance_hint,"<span style=""color:blue"">धुंधली दृष्टि का अर्थ है सामान्य रोशनी में भी नज़र का धुंधला होना। यह दौरों के साथ हो भी सकती है और नहीं भी। धुंधली दृष्टि एक व्यक्तिगत लक्षण है, और हो सकता है कि मरीज़ ने अपने रिश्तेदारों को इसके बारे में न बताया हो। धुंधली दृष्टि का अर्थ समझाएँ, और उसी के अनुसार उत्तर दर्ज करें। गर्भावस्था के अंतिम 3 महीनों का अर्थ पूर्ण अवधि की गर्भावस्था के 7वें-9वें महीने हैं। जिन महिलाओं की मृत्यु गर्भावस्था के दौरान हुई (यानी Id10305=हाँ), उनके लिए Id10319 पर जाएँ। जिन महिलाओं का गर्भपात या गर्भस्राव हुआ था (यानी Id10334=हाँ; (Id10313=नहीं और Id10308=हाँ)) उनके लिए Id10329_b पर जाएँ। जिन महिलाओं की मृत्यु प्रसव के दौरान या प्रसव के बाद हुई (यानी Id10312=हाँ; Id10313=हाँ; Id10313=हाँ और Id10308=हाँ), उनके लिए Id10328 पर जारी रखें।</span>"
hi,question,Id10325,guidance_hint,"<span style=""color:blue"">यह प्रश्न प्रसव पीड़ा या प्रसव शुरू होने से पहले, गर्भावस्था की अवधि के दौरान जन्म नलिका से रक्तस्राव के बारे में पूछता है। गर्भावस्था के दौरान रक्तस्राव की मौजूदगी और उसका समय विशिष्ट स्थितियों का संकेत देता है। ध्यान दें कि रक्तस्राव तब हुआ जब मृतक की गर्भावस्था जारी थी। यदि रक्तस्राव था, तो आगे ऐसे प्रश्न होंगे जो गर्भावस्था के दौरान रक्तस्राव के समय के अधिक विशिष्ट विवरण स्पष्ट करने का प्रयास करते हैं। यदि ""नहीं/पता नहीं/मना किया"" है, तो Id10323 पर जाएँ। नोट: प्रश्न Id10327, Id10323 और Id10324 केवल गर्भावस्था की तीसरी तिमाही में (और/या Id10323-10324 के लिए प्रसव के बाद) प्रासंगिक हैं। इन प्रश्नों के उत्तरों का गर्भावस्था की अवधि (Id10309) से मिलान करना महत्वपूर्ण है। उपकरण के इलेक्ट्रॉनिक संस्करण में, यदि गर्भावस्था की अवधि 6 महीने से कम है तो ये प्रश्न छोड़ दिए जाएँगे। Id10309 के उत्तर के ""पता नहीं/मना किया"" होने की स्थिति में, प्रश्न Id10327, Id10323 और Id10324 पूछे जाने चाहिए, क्योंकि गर्भावस्था की सही अवधि की जानकारी का न होना अक्सर होता है और इन प्रश्नों के उपयोगी सकारात्मक उत्तर मिल सकते हैं।</span>"
hi,question,Id10327,guidance_hint,"<span style=""color:blue"">पूर्ण अवधि के निकट अत्यधिक रक्तस्राव आमतौर पर प्लेसेंटा (अपरा) की गड़बड़ियों से जुड़ा होता है। पुष्टि करें कि यह रक्तस्राव किसी भी प्रसव पीड़ा के शुरू होने से पहले हुआ था; और उसी के अनुसार उत्तर दर्ज करें। गर्भावस्था के अंतिम 3 महीनों का अर्थ पूर्ण अवधि की गर्भावस्था के 7वें-9वें महीने हैं।</span>"
hi,question,Id10328,guidance_hint,"<span style=""color:blue"">यह प्रश्न प्रसव की प्रक्रिया के दौरान प्रसव पीड़ा शुरू होने के बाद लेकिन शिशु के पूर्ण जन्म से पहले हुए रक्तस्राव के बारे में है। प्रसव पीड़ा और प्रसव के दौरान अत्यधिक रक्तस्राव गर्भाशय (स्थानीय शब्द का प्रयोग करें) या जन्म नलिका में चोट के कारण हो सकता है। पुष्टि करें कि रक्तस्राव प्रसव पीड़ा शुरू होने के बाद, और शिशु के जन्म से पहले प्रसव के दौरान शुरू हुआ था, और उसी के अनुसार उत्तर दर्ज करें। जिन महिलाओं की मृत्यु प्रसव पीड़ा या प्रसव के दौरान हुई (यानी Id10312=हाँ), उनके लिए Id10331 पर जाएँ। जिन महिलाओं की मृत्यु प्रसव के बाद हुई (यानी Id10313=हाँ और Id10308=हाँ), उनके लिए Id10329_a पर जारी रखें। </span>"
hi,question,Id10329_a,guidance_hint,"<span style=""color:blue"">प्रसव के तुरंत बाद (1–2 घंटे तक) कुछ रक्तस्राव सामान्य है। लेकिन अत्यधिक रक्तस्राव (प्लेसेंटा (अपरा) के अतिरिक्त 500 मिली तक की सामान्य अपेक्षा से अधिक) जिससे प्रसव के 1–2 दिनों के भीतर मृत्यु हो जाए, परिवार के उत्तरदाताओं को आमतौर पर स्पष्ट रूप से याद रहता है और वे उसे उसी रूप में बताते हैं। ऐसे मामलों में, प्रसव घर पर हुआ हो तब भी, अत्यधिक रक्तस्राव की सूचना उपस्थित दाई द्वारा दी गई होती, और स्वास्थ्य सेवा लेने का प्रयास किया गया होता, जो भी याद रहता है। अत्यधिक रक्तस्राव की पुष्टि करने के लिए इन प्रश्नों का उपयोग करें। जिन महिलाओं की मृत्यु प्रसव के बाद हुई (यानी Id10313=हाँ; Id10313=हाँ और Id10308=हाँ), उनके लिए Id10322_b पर जाएँ।</span>"
hi,question,Id10329_b,guidance_hint,"<span style=""color:blue"">गर्भपात या स्वतः गर्भपात (गर्भस्राव) के तुरंत बाद (1–2 घंटे तक) कुछ रक्तस्राव सामान्य है। लेकिन अत्यधिक रक्तस्राव (लगभग 300 मिली से अधिक या इस्तेमाल किए गए पैड/कपड़े का बहुत बार बदलना) जिससे गर्भपात/गर्भस्राव के 1–2 दिनों के भीतर मृत्यु हो जाए, परिवार के उत्तरदाताओं को आमतौर पर स्पष्ट रूप से याद रहता है और वे उसे उसी रूप में बताते हैं। ऐसे मामलों में, मृत्यु घर पर हुई हो तब भी, अत्यधिक रक्तस्राव की सूचना उपस्थित दाई द्वारा दी गई होती, और स्वास्थ्य सेवा लेने का प्रयास किया गया होता, जो भी याद रहता है। अत्यधिक रक्तस्राव की पुष्टि करने के लिए इन प्रश्नों का उपयोग करें। </span>"
hi,question,Id10330,guidance_hint,"<span style=""color:blue"">प्लेसेंटा (अपरा) शब्द उस सामग्री को कहते हैं जो नाल के भीतरी सिरे से जुड़ी हुई बाहर निकलती है। इसे आम तौर पर ""आफ्टरबर्थ"" कहा जाता है, और इसके लिए प्रायः कोई स्थानीय शब्द होता है। आफ्टरबर्थ अधिकतर साबुत निकलता है (यानी एक टुकड़े में, बिना किसी टूटन, फटन या चोट के)। दाइयाँ प्लेसेंटा को फेंकने से पहले उसकी जाँच करती हैं, खासकर रक्तस्राव होने की स्थिति में। लेकिन हो सकता है कि यह जानकारी रिश्तेदारों को न बताई गई हो, इसलिए उत्तरदाता से इन विवरणों को स्पष्ट करें। प्लेसेंटा को बताने के लिए कोई स्थानीय शब्द हो सकता है। सुनिश्चित करें कि स्थानीय शब्द प्रश्नावली के अनूदित संस्करण में शामिल हो, और पूछताछ के लिए स्थानीय शब्द का उपयोग करें।</span>"
hi,question,Id10331,guidance_hint,"<span style=""color:blue"">फिर से, शिशु की स्थिति उपस्थित दाई को पता होती है, लेकिन आमतौर पर परिवार के सदस्यों को बताई जाती है। ध्यान से पूछें कि उत्तरदाता ""असामान्य स्थिति में शिशु"" का क्या अर्थ समझता है। यदि स्पष्ट न हो या गलत हो, तो समझाएँ कि इसका अर्थ उस शिशु से है जिसके शरीर का योनि से बाहर आने वाला पहला हिस्सा सिर नहीं होता। प्रश्नावली के विवरण वाले भाग में कोई भी विवरण दर्ज करें। </span>"
hi,question,Id10332,constraint_message,"कृपया 0 से 99 के बीच का मान दर्ज करें। यदि उत्तर 98 घंटे से अधिक था, तो उत्तर की पुष्टि करें और 98 दर्ज करें।"
hi,question,Id10332,guidance_hint,"<span style=""color:blue"">प्रसव पीड़ा शुरू होने से शिशु के जन्म तक का समय मृत्यु के संभावित कारण का एक महत्वपूर्ण संकेतक है। पहली गर्भावस्था में, यह संभवतः 6–12 घंटे (औसत 8 घंटे) के भीतर होता है; और बाद की गर्भावस्थाओं में यह कम होता है। 12 घंटे से अधिक चलने वाला लंबा प्रसव रिश्तेदारों को याद रहने की संभावना है। उत्तर किसी अन्य इकाई में दिया जा सकता है, लेकिन डेटा प्रविष्टि के लिए घंटे का उपयोग करें। 60 मिनट से कम = 0 घंटे। 1 दिन = 24 घंटे। पता नहीं के लिए ""99"" दर्ज करें। उत्तर देने से मना करने के लिए ""88"" दर्ज करें। मान्य उत्तर 0 से 99 के बीच है। यदि उत्तर 98 घंटे से अधिक था, तो उत्तर की पुष्टि करें और ""98"" दर्ज करें। यदि अवधि का उत्तर 88 घंटे आता है, तो उसकी जगह ""87"" दर्ज करें ताकि उत्तर अपने आप ""उत्तर देने से मना किया"" के रूप में कोड न हो जाए। यदि उत्तरदाता को ठीक अवधि याद नहीं है, तो पूछताछ करें और चिकित्सकीय रूप से जो दर्ज करना प्रासंगिक है, उसके अनुसार दर्ज करें। यदि प्रसव पीड़ा:</span>
<span style=""color:blue"">● 24 घंटे से कम चली हो - साक्षात्कारकर्ता 23 घंटे दर्ज करे; </span>
<span style=""color:blue"">● 24 घंटे से अधिक चली हो – साक्षात्कारकर्ता 25 घंटे दर्ज करे।</span>"
hi,question,Id10333,guidance_hint,"<span style=""color:blue"">यह प्रश्न यह पहचानने के लिए है कि क्या मृतक ने किसी भी कारण से गर्भावस्था को समाप्त करने का प्रयास किया था, और क्या वह चिकित्सकीय सहायता से या अन्य साधनों से किया गया था। कुछ मामलों में, ऐसे गैर-पेशेवर प्रयासों के प्रतिकूल परिणाम हो सकते हैं, जिनमें अत्यधिक रक्तस्राव या संक्रमण शामिल हैं। निकट के पारिवारिक रिश्तेदारों को ऐसे इरादों या प्रयासों की जानकारी हो सकती है, लेकिन सामाजिक परिस्थितियों और कलंक के कारण वे उत्तर देने में खुलकर सामने नहीं आ सकते। इसलिए, प्रश्न सावधानी से पूछें, और आवश्यकतानुसार ""समाप्त करने का प्रयास"" का अर्थ समझाएँ। यदि इस उत्तर के लिए पूछताछ करने में सांस्कृतिक रूप से स्वीकार्य शब्दों का उपयोग किया जा सकता है, तो उनका उपयोग किया जाना चाहिए। नोट: यदि जीवित जन्म हुआ था (यानी Id10316 =""हाँ"") तो Id10334 और Id10336 नहीं पूछे जाने चाहिए।</span>"
hi,question,Id10334,guidance_hint,"<span style=""color:blue"">यह प्रश्न विशेष रूप से यह पहचानने के लिए है कि क्या मृत्यु का संबंध गर्भपात से था। ""स्वतः"" शब्द का अर्थ है कि गर्भपात प्राकृतिक रूप से (अपने आप) हुआ; और ""कराया गया"" शब्द का अर्थ है कि गर्भपात किसी बाहरी कार्य के कारण विशेष रूप से हुआ। इस साक्षात्कार के प्रयोजन के लिए गर्भस्राव को मोटे तौर पर गर्भावस्था की प्राकृतिक, स्वतः विफलता के रूप में परिभाषित किया गया है, आमतौर पर पहली या दूसरी तिमाही में। स्वतः गर्भपात और गर्भस्राव कुछ हद तक एक-दूसरे से मिल सकते हैं लेकिन स्वतः गर्भपात में आमतौर पर दूसरी तिमाही के बाद के गर्भपात गिने जाते हैं। अधिकांश संसाधन-सीमित देश मृत जन्म के निर्धारण के लिए 28 सप्ताह की सीमा का उपयोग करते हैं। इसका अर्थ है कि 28 सप्ताह से पहले गर्भ में मरने वाले शिशु गर्भाशय में भ्रूण की मृत्यु हैं, और बाहर निकलने पर वे गर्भपात हैं। कराया गया गर्भपात गर्भावस्था को समाप्त करने के लिए किए गए किसी हस्तक्षेप को कहते हैं। जहाँ आवश्यक हो, गर्भस्राव और गर्भपात शब्दों को स्पष्ट करें। इस प्रश्न का ""हाँ"" उत्तर होने का अर्थ है कि मृतक की मृत्यु से पहले 6 सप्ताह के भीतर भ्रूण या शिशु खो गया या निकाल दिया गया या उसका प्रसव (योनि से या सी-सेक्शन द्वारा) हुआ। यदि ""नहीं/पता नहीं/मना किया"" है, तो प्रश्न Id10337 पर जाएँ। </span>"
hi,question,Id10337,guidance_hint,"<span style=""color:blue"">उत्तरदाता से उस स्थान के बारे में पूछें जहाँ प्रसव हुआ था और उसी के अनुसार उत्तर दर्ज करें।</span>"
hi,question,Id10340,guidance_hint,"<span style=""color:blue"">कुछ मामलों में प्रसव पीड़ा लंबी चल सकती है, और यह प्रसव में किसी रुकावट के कारण हो सकती है, जिससे गर्भाशय फट सकता है। इससे आपातकालीन ऑपरेशन द्वारा निपटा जाता है जिसमें फटे हुए गर्भाशय की या तो मरम्मत की जाती है या उसे निकाल दिया जाता है। यदि महिला को बहुत अधिक रक्तस्राव हो रहा हो और रक्तस्राव को किसी अन्य तरीके से नियंत्रित न किया जा सके, तो भी गर्भाशय निकाला जा सकता है। हालाँकि, इस कार्रवाई के बावजूद, कभी-कभी माँ पहले से ही गंभीर हालत में होती है, और ऑपरेशन के बाद भी मृत्यु हो सकती है। यह दुर्लभ होने पर भी, रिश्तेदार ऐसी घटनाओं को याद रखते हैं, इसलिए आवश्यकता हो तो स्पष्ट करें और उसी के अनुसार उत्तर दर्ज करें। रजोनिवृत्ति के बाद की महिलाओं का गर्भाशय प्रजनन तंत्र के कैंसर के कारण निकाला जा सकता है।</span>"
hi,question,Id10342,guidance_hint,"<span style=""color:blue"">सामान्य योनि प्रसव वह है जिसमें शिशु का सिर पहले बाहर आता है; और प्रक्रिया में उपकरणों के उपयोग से कोई सहारा या सहायता नहीं दी जाती। फोर्सेप्स या वैक्यूम के उपयोग से होने वाले उपकरण-सहायता प्रसव केवल स्वास्थ्य सुविधाओं में किए जाते हैं, और परिवार के सदस्यों को आमतौर पर बताया जाता है कि यह किया गया था। प्रसव के तरीके की पुष्टि करें, और उसी के अनुसार उत्तर दर्ज करें। यदि उत्तर ""हाँ"" है, तो Id10330 पर जाएँ। यदि उत्तर ""नहीं/पता नहीं/मना किया"" है, तो अगले प्रश्न पर जाएँ।</span>"
hi,question,Id10343,guidance_hint,"<span style=""color:blue"">यदि प्रसव में सहायता के लिए उपकरणों का उपयोग किया गया था, तो यहाँ ""हाँ"" दर्ज करें, और Id10330 पर जाएँ। ये उपकरण (फोर्सेप्स या वैक्यूम) शिशु के सिर पर लगाए जा सकते हैं या कुछ मामलों में उल्टे शिशु के प्रसव (ब्रीच डिलीवरी) में सहायता के लिए उपयोग किए जा सकते हैं (फोर्सेप्स)। यदि उत्तर ""नहीं/पता नहीं/मना किया"" है, तो अगले प्रश्न पर जाएँ।</span>"
hi,question,Id10344,guidance_hint,"<span style=""color:blue"">कठिन प्रसव और अन्य चिकित्सीय समस्याओं वाली महिलाओं की गर्भावस्था को अक्सर सिजेरियन सेक्शन नामक ऑपरेशन द्वारा प्रसव कराकर संभाला जाता है। फिर से, परिवार के सदस्यों को अच्छी तरह पता होगा कि शिशु के जन्म के लिए ऐसा ऑपरेशन किया गया था या नहीं, और उत्तरदाता इसे बताएगा।</span>"
hi,question,Id10351,constraint_message,कृपया मृत्यु के समय आयु (दिनों में) से कम मान दर्ज करें।
hi,question,Id10351,guidance_hint,"<span style=""color:blue"">यह प्रश्न बीमारी की शुरुआत के समय दिनों में आयु का पता लगाने के लिए पूछा जाता है। प्रारंभिक नवजात मृत्यु के अधिकांश मामलों में, यह जन्म के दिन से ही, यानी दिन शून्य से होगा। आपको उत्तर केवल दिनों में देना चाहिए। नवजात शिशुओं के लिए अधिकतम दिनों की संख्या 27 दिन है। 24 घंटे से कम = 0 दिन। दिनों की संख्या निर्धारित करने के लिए 1 सप्ताह = 7 दिन का उपयोग करें। पता नहीं के लिए ""99"" दर्ज करें। मना करने के लिए ""88"" दर्ज करें। उत्तर मृत्यु के समय नवजात की आयु से अधिक नहीं होना चाहिए।</span>"
hi,question,Id10354,guidance_hint,"<span style=""color:blue"">यह जानना महत्वपूर्ण है क्योंकि एक से अधिक शिशुओं के जन्म से पैदा हुए शिशुओं में कुछ कारणों से अतिरिक्त जोखिम होता है। यदि दो या अधिक बच्चे एक ही समय पर पैदा होते हैं, तो इसे एक से अधिक शिशुओं का जन्म गिना जाता है, भले ही एक या अधिक शिशु मृत पैदा हुए हों। केवल उन मृतकों के लिए पूछें जिनकी आयु 1 वर्ष से कम थी। नवजात शिशुओं के लिए: यदि ""नहीं/पता नहीं/मना किया"" है, तो Id10356 पर जाएँ।</span>"
hi,question,Id10363,guidance_hint,"<span style=""color:blue"">जन्म के समय कम वज़न एक महत्वपूर्ण कारक है जो नवजात मृत्यु के बढ़े हुए जोखिम से जुड़ा है, विशेषकर साँस की समस्याओं, जन्म के समय चोट और हाइपोथर्मिया (शरीर का तापमान गिरना) से। सामान्य से छोटे आकार को समझाना कठिन हो सकता है, लेकिन माताएँ बता सकती हैं कि शिशु छोटा था या नहीं। यदि ""हाँ"" है, तो Id10367 पर जाएँ।</span>"
hi,question,Id10365,guidance_hint,"<span style=""color:blue"">यह प्रश्न केवल तभी पूछा जाना चाहिए जब Id10363 का उत्तर ""नहीं/पता नहीं/मना किया"" था। सामान्य से बड़े पैदा हुए शिशु प्रसव के दौरान माँ को होने वाली समस्याओं से जुड़े होते हैं, लेकिन कभी-कभी नवजात को भी जन्म के समय चोटों, जन्मजात विकृतियों और मधुमेह से बढ़े हुए जोखिम होते हैं।</span>"
hi,question,Id10366,constraint_message,कृपया 0 से 9999 के बीच का मान दर्ज करें
hi,question,Id10366,guidance_hint,"<span style=""color:blue"">पूछें कि क्या बच्चे का स्वास्थ्य कार्ड उपलब्ध है। यदि कार्ड उपलब्ध है और उसमें जन्म के समय का वज़न दर्ज है, तो कार्ड से जन्म का वज़न दर्ज करें। वज़न ग्राम में चार अंकों में दर्ज करें। उत्तरदाता उत्तर किलोग्राम में दे सकते हैं। डेटा प्रविष्टि के लिए, इसे ग्राम में बदलें। 1 किलोग्राम = 1,000 ग्राम। यदि कार्ड उपलब्ध नहीं है और/या जन्म का वज़न उपलब्ध नहीं है, तो Id10363 पर जाएँ। यदि वज़न दर्ज है, तो Id10367 पर जाएँ।</span>"
hi,question,Id10367,constraint_message,कृपया 0 से 11 महीनों के बीच का मान दर्ज करें।
hi,question,Id10367,guidance_hint,"<span style=""color:blue"">प्रसव के समय गर्भावस्था की अवधि एक महत्वपूर्ण कारक है, जो नवजात की मृत्यु का कारण तय करने में मदद कर सकती है। 8 माह से कम की गर्भावस्था में प्रसव छोटे आकार के शिशुओं से जुड़ा होता है, जिनमें साँस की समस्याओं, जन्म के समय लगने वाली चोटों और हाइपोथर्मिया (छूने पर ठंडा लगना) का खतरा रहता है। अवधि को सावधानी से दर्ज करें; उत्तरदाता से अंतिम माहवारी की तारीख से प्रसव की तारीख तक के पूरे महीने गिनने को कहें। यदि उत्तरदाता आधे महीनों में (जैसे 6.5 माह) या महीनों और सप्ताहों में (जैसे 6 माह और 2 सप्ताह) उत्तर दे, तो पूरे महीने दर्ज करने के लिए संख्या को नीचे की ओर पूर्णांक करें (जैसे “6” दर्ज करें)। मान्य उत्तर 0–11 के बीच है। यदि उत्तर 11 माह से अधिक है, तो उत्तर की पुष्टि करें और “11” दर्ज करें। यदि उत्तरदाता को ठीक अवधि याद नहीं है, तो पूछ-ताछ करें और चिकित्सकीय रूप से जो दर्ज करना प्रासंगिक है उसके अनुसार दर्ज करें: यदि गर्भावस्था 8 माह से कम चली - साक्षात्कारकर्ता 7 माह दर्ज करे; यदि गर्भावस्था 8 या 9 माह चली – साक्षात्कारकर्ता 9 माह दर्ज करे; या यदि गर्भावस्था 9 माह से अधिक चली – साक्षात्कारकर्ता 10 माह दर्ज करे। “पता नहीं” के लिए “99” दर्ज करें। “उत्तर देने से मना किया” के लिए “88” दर्ज करें।</span>"
hi,question,Id10369,guidance_hint,"<span style=""color:blue"">प्रसव-पीड़ा या प्रसव के दौरान जटिलताओं से तात्पर्य है: बुखार या संक्रमण; दर्द शुरू होने से पहले जन्म नलिका से पानी का रिसाव होना; या प्रसव का बहुत धीमा बढ़ना या रुक जाना; या माँ को जन्म नलिका में चोट लगना; या भारी रक्तस्राव, आदि। सावधानी से पूछें, आवश्यकता हो तो ये उदाहरण दें। सभी बच्चों के लिए पूछें। यदि बच्चा 1 वर्ष से छोटा है, तो अगले प्रश्नों पर जाएँ। यदि बच्चा 1 वर्ष या उससे बड़ा है, तो Id10418 पर जाएँ।</span>"
hi,question,Id10370,guidance_hint,"<span style=""color:blue"">अंग का असामान्य आकार, जो शारीरिक विकृति के कारण हो, या कोई भी बाहरी शारीरिक असामान्यता कठिन प्रसव का कारण बन सकती है, और आंतरिक अंगों की अन्य जन्मजात विकृतियों से भी जुड़ी हो सकती है, जो मृत्यु का कारण हो सकती हैं। यदि उत्तर ""नहीं"" है, तो Id10382 पर जाएँ। यदि ""हाँ/पता नहीं/मना किया"" है, तो अगले प्रश्नों पर जाएँ।</span>"
hi,question,Id10371,guidance_hint,"<span style=""color:blue"">यह प्रश्न विशेष रूप से रीढ़ की हड्डी को प्रभावित करने वाली असामान्यताओं के बारे में पूछता है, जो तंत्रिका तंत्र से जुड़ी सूजन या दोष (हड्डी या ऊतक जैसे भागों की अनुपस्थिति) के रूप में दिख सकती हैं। ये स्थितियाँ बहुत दुर्लभ हैं, लेकिन यदि हों तो याद रहेंगी।</span>"
hi,question,Id10372,guidance_hint,"<span style=""color:blue"">इसी प्रकार, बहुत बड़े सिर का होना भी तंत्रिका तंत्र को प्रभावित करने वाली स्थितियों के कारण होता है। यह स्थिति भी बहुत दुर्लभ है, लेकिन अक्सर जीवित जन्म और कुछ सप्ताह या उससे अधिक समय तक जीवित रहने से जुड़ी होती है, विशेषकर इलाज के साथ। यह स्थिति स्पष्ट दिखाई देती है और यदि हो तो उत्तरदाताओं को याद रहेगी। नवजात: यदि ""हाँ"" है, तो Id10382 पर जाएँ। बच्चे: यदि ""हाँ"" है, तो Id10418 पर जाएँ</span>"
hi,question,Id10373,guidance_hint,"<span style=""color:blue"">यह आमतौर पर या तो मृत जन्म से या केवल कुछ घंटे जीवित रहने से जुड़ा होता है। यह स्थिति बहुत दुर्लभ है, और सिर के ऊपरी भाग की हड्डियों के न होने से पहचानी जाती है। यह एक संवेदनशील मुद्दा है, इसलिए यह प्रश्न पूछते समय बहुत सावधान रहें कि उत्तरदाता को दुख न पहुँचे।</span>"
hi,question,Id10376,guidance_hint,"<span style=""color:blue"">यह प्रश्न प्रसव से पहले की अवधि में गर्भस्थ शिशु की कुशलता की पुष्टि करने के लिए है। हलचल का न होना शिशु के मृत जन्म की संभावना का संकेत देगा। ध्यान दें कि यह प्रश्न स्वचालित विश्लेषण सॉफ्टवेयर के लिए आवश्यक नहीं है, लेकिन यह आंतरिक संगति की जाँच का काम करता है।</span>"
hi,question,Id10377,guidance_hint,"<span style=""color:blue"">हलचल में कमी आना और फिर पूरी तरह बंद हो जाना, विशेषकर प्रसव से पहले के दिनों से घंटों में, इस बात का संकेत हो सकता है कि मृत्यु प्रसव से पहले हो चुकी थी। कम से कम, यह एक चेतावनी संकेत है कि गर्भस्थ शिशु के स्वास्थ्य में कोई समस्या हो सकती है। माताएँ आमतौर पर ऐसे बदलावों से अवगत होती हैं, और इस संकेत को याद करके बता सकती हैं। यदि उत्तर ""नहीं/पता नहीं/मना किया"" है, तो Id10109 पर जाएँ।</span>"
hi,question,Id10382,constraint_message,"घंटों की पूर्ण संख्या 0 से 98 के बीच दर्ज करें। 0 का प्रयोग तब करें जब अवधि 1 घंटे से कम हो; 23 या 25 का प्रयोग तब करें जब केवल 24 घंटे से कम या अधिक होने का अनुमान ज्ञात हो; मना करने के लिए 88 का प्रयोग करें; और नहीं पता के लिए 99 का प्रयोग करें। यदि वास्तविक अवधि 88 घंटे थी, तो 87 दर्ज करें।"
hi,question,Id10382,guidance_hint,"<span style=""color:blue"">प्रसव की अवधि का नवजात और माँ दोनों की कुशलता पर महत्वपूर्ण प्रभाव पड़ता है। दर्द शुरू होने से लेकर गर्भनाल (प्लेसेंटा) के बाहर आने तक प्रसव की कुल अवधि घंटों में पूछें और दर्ज करें। अपेक्षा है कि यह उत्तर अधिकतर अनुमान होगा, ठीक माप नहीं। यदि 1 घंटे से कम है तो ""0"" घंटे दर्ज करें। मान्य उत्तर 0 और 99 के बीच है। यदि उत्तर 98 घंटे से अधिक था, तो उत्तर की पुष्टि करें और “98” दर्ज करें। यदि उत्तरदाता को ठीक अवधि याद नहीं है, तो पूछ-ताछ करें और चिकित्सकीय रूप से जो दर्ज करना प्रासंगिक है उसके अनुसार दर्ज करें: यदि प्रसव-पीड़ा और प्रसव चला:</span>
<span style=""color:blue"">● 24 घंटे से कम - साक्षात्कारकर्ता 23 घंटे दर्ज करे;</span>
<span style=""color:blue"">● 24 घंटे से अधिक – साक्षात्कारकर्ता 25 घंटे दर्ज करे।</span>
<span style=""color:blue"">“पता नहीं” के लिए “99” दर्ज करें। “उत्तर देने से मना किया” के लिए “88” दर्ज करें। यदि बताई गई अवधि संयोग से 88 घंटे हो, तो ""87"" दर्ज करें ताकि उत्तर अपने आप “उत्तर देने से मना किया” के रूप में कोडित न हो जाए। </span>"
hi,question,Id10383,guidance_hint,"<span style=""color:blue"">आमतौर पर पानी की थैली का फटना प्रसव शुरू होने से थोड़ी देर (कुछ घंटों तक) पहले होता है। प्रसव से 24 घंटे से अधिक पहले पानी का रिसाव या थैली का फटना संक्रमण और नवजात शिशुओं में मृत्यु के कुछ अन्य कारणों से जुड़ा हो सकता है। इस प्रश्न का सही उत्तर पाने के लिए सावधानी से पूछ-ताछ करें।</span>"
hi,question,Id10384,guidance_hint,"<span style=""color:blue"">यदि संक्रमण हो तो गर्भ के पानी (गर्भजल) से बदबू आ सकती है। माताएँ इसे याद करके बता सकती हैं। सही उत्तर पाने के लिए सावधानी से पूछ-ताछ करें। </span>"
hi,question,Id10385,guidance_hint,"<span style=""color:blue"">कई मामलों में इस प्रश्न का स्पष्ट याद या उत्तर नहीं मिल पाता। सामान्य स्थितियों में गर्भजल “पानी” जैसा होता है (यानी कोई विशेष रंग नहीं)। कुछ मामलों में उसमें हरे-काले या भूरे पदार्थों के दाग हो सकते हैं। ऐसा रंग बदलना संभवतः याद रहेगा, इसलिए अस्पष्ट या अनिश्चित उत्तर का आमतौर पर यही अर्थ होगा कि पानी साफ था। उपयुक्त उत्तर चुनें। किसी भी असामान्य विवरण के लिए, उत्तर को जैसा बताया गया है वैसा ही विवरण (नैरेटिव) वाले भाग में दर्ज करें।</span>"
hi,question,Id10387,guidance_hint,"<span style=""color:blue"">अधिकांश प्रसवों में शिशु का सिर पहले जन्म नलिका से बाहर आता है। ऐसा प्रसव, यदि बिना किसी औज़ार की सहायता के हो, सामान्य प्रसव कहलाता है। औज़ारों का कोई भी उपयोग, सिर के अलावा किसी अन्य अंग का पहले आना, या पेट के ऑपरेशन से प्रसव, सामान्य प्रसव नहीं है, और नवजात की मृत्यु के जोखिमों के एक अलग स्वरूप से जुड़ा है। उत्तर दर्ज करने से पहले उत्तरदाता को सामान्य योनि प्रसव का अर्थ समझाएँ (यह स्पष्ट करते हुए कि “सिर पहले” आया हो)। यदि उत्तर ""हाँ"" है, तो Id10391 पर जाएँ। यदि उत्तर ""नहीं/पता नहीं/मना किया"" है, तो अगले प्रश्न पर जाएँ।</span>"
hi,question,Id10388,guidance_hint,"<span style=""color:blue"">अक्सर प्रसव में सहायता के लिए औज़ारों के उपयोग के लिए कोई स्थानीय शब्द प्रचलित होता है। इसी शब्द का उपयोग करके पूछें, और उसके अनुसार उत्तर चिह्नित करें। उत्तर उसी के अनुसार चिह्नित करें, और यदि ""हाँ"" है, तो Id10391 पर जाएँ। यदि ""नहीं/पता नहीं/मना किया"" है, तो अगले प्रश्न पर जाएँ।</span>"
hi,question,Id10389,constraint_message,"पिछले तीनों प्रश्नों में ""नहीं"" चुनना संभव नहीं है। कृपया पीछे जाकर उत्तरों की समीक्षा करें।"
hi,question,Id10389,guidance_hint,"<span style=""color:blue"">“सीज़ेरियन” शब्द का अर्थ पेट के उस ऑपरेशन से है जिसमें गर्भाशय को काटकर खोला जाता है और बच्चे को पेट से बाहर निकाला जाता है। “सीज़ेरियन” शब्द समुदाय के लोगों में आमतौर पर जाना जाता है, लेकिन जहाँ आवश्यक हो, पेट के ऑपरेशन से बच्चे के जन्म के लिए स्थानीय शब्दों या पदों का उपयोग किया जा सकता है।</span>"
hi,question,Id10391,guidance_hint,"<span style=""color:blue"">गर्भवती महिलाओं को टीके के इंजेक्शन इसलिए दिए जाते हैं ताकि नवजात शिशुओं में गंभीर संक्रमण न हो। पिछली गर्भावस्थाओं में लगे टीके भी कुछ हद तक सुरक्षा दे सकते हैं, इसलिए यह प्रश्न वयस्क होने के बाद लगे किसी भी ऐसे टीके के बारे में पूछता है। यदि उत्तर ""नहीं/पता नहीं/मना किया"" है, तो Id10395 पर जाएँ।</span>"
hi,question,Id10393,guidance_hint,"<span style=""color:blue"">यह प्रश्न यह पहचानने के लिए पूछा जाता है कि क्या लगाए गए टीके की प्रकृति के बारे में कोई विशेष जानकारी है, यानी टिटनेस के विरुद्ध। इस प्रश्न का सकारात्मक उत्तर नवजात की मृत्यु के कारण के रूप में टिटनेस को बाहर करने में मदद करेगा। इस प्रश्न का सही उत्तर पाने का सावधानी से प्रयास करें।</span>"
hi,question,Id10395,guidance_hint,"<span style=""color:blue"">प्रसव के समय बुखार माँ में संक्रमण का संकेत है, जो उस समय बच्चे को लग सकता है। ऐसे संक्रमण नवजात की मृत्यु के कारण से जुड़े हो सकते हैं, इसलिए माँ में बुखार की पहचान करना एक महत्वपूर्ण संकेतक है।</span>"
hi,question,Id10396,guidance_hint,"<span style=""color:blue"">प्रसवपूर्व देखभाल की नियमित मुलाकातों में रक्तचाप की जाँच की जाती है, और यदि वह अधिक हो तो स्वास्थ्यकर्मी गर्भवती महिला को उच्च रक्तचाप के बारे में बताता है, भोजन में नमक कम करने की सलाह देता है, और संभवतः कुछ दवाइयाँ लिखता है। गर्भावस्था में उच्च रक्तचाप कम जन्म वज़न, समय से पहले प्रसव और अन्य जटिलताओं से जुड़ा हो सकता है। कुछ मामलों में उच्च रक्तचाप केवल प्रसव-पीड़ा या प्रसव के दौरान ही प्रकट होता है। माताएँ और/या उनके रिश्तेदार उच्च रक्तचाप के बारे में याद करके बता सकते हैं, इसलिए सावधानी से पूछ-ताछ करें। </span>"
hi,question,Id10397,guidance_hint,"<span style=""color:blue"">माँ का मधुमेह बड़े आकार के शिशुओं के जन्म से जुड़ा है, जिनके नवजात मृत्यु के अपने जोखिम होते हैं। माँ का मधुमेह जन्मजात हृदय विकृतियों सहित कई प्रकार की जन्मजात असामान्यताओं से भी जुड़ा है। प्रश्नों की अगली श्रृंखला गर्भावस्था और प्रसव के दौरान माँ के स्वास्थ्य से संबंधित है। ये लक्षण और संकेत नवजात की मृत्यु का कारण पहचानने में सहायक हैं। आगे के प्रश्नों की प्रकृति और उन्हें पूछने का कारण बताएँ, और फिर आगे बढ़ें।</span>"
hi,question,Id10398,guidance_hint,"<span style=""color:blue"">प्रसव के बाद जन्म नलिका से बदबूदार स्राव गंभीर संक्रमण का संकेत है, और आमतौर पर इसके साथ पेट के निचले हिस्से में दर्द और बुखार होता है। ऐसे संक्रमण नवजात को लग सकते हैं और गंभीर बीमारी पैदा कर सकते हैं जो नवजात की मृत्यु का कारण बनती है। सावधानी से पूछ-ताछ करने पर माँ को यह संकेत याद आने की संभावना रहती है।</span>"
hi,question,Id10399,guidance_hint,"<span style=""color:blue"">दौरे (ऐंठन) हाथ-पैरों के कुछ भागों या कभी-कभी पूरे हाथ-पैरों की तेज़ फड़कन या झटकेदार हरकतें हैं, जो आमतौर पर कुछ मिनट चलती हैं और व्यक्ति के बेहोश होने पर रुक जाती हैं। दौरे का आम शब्द “फिट्स” है, और ऐसी हरकतों के लिए अक्सर कोई स्थानीय शब्द होता है। कुछ मामलों में, गर्भावस्था में उच्च रक्तचाप ऐसे दौरे पैदा कर सकता है, विशेषकर अंतिम 3 माह में। उचित प्रसवपूर्व देखभाल के अभाव में, ऐसे दौरे गर्भवती महिलाओं में अंतर्निहित उच्च रक्तचाप का एकमात्र प्रमुख संकेत हो सकते हैं, जिसके नवजात के लिए जोखिम ऊपर बताए गए हैं। दौरे केवल प्रसव-पीड़ा या प्रसव के दौरान भी पड़ सकते हैं, जो एक गंभीर और नाटकीय घटना है, और सहज ही याद रहेगी। दौरे शब्द का अर्थ, संबंधित अवधि (अंतिम 3 माह) स्पष्ट करें और उत्तर दर्ज करें।</span>"
hi,question,Id10400,guidance_hint,"<span style=""color:blue"">धुंधली दृष्टि का अर्थ है वस्तुओं को बिना स्पष्ट आकार या किनारों के देखना, या वस्तुओं को दोहरा देखना। यह भी गर्भावस्था में उच्च रक्तचाप का एक संकेत है, लेकिन माँ के लिए इसे याद रखना और बताना कठिन हो सकता है; फिर भी सावधानी से पूछ-ताछ करने पर सही उत्तर मिल सकता है। </span>"
hi,question,Id10401,guidance_hint,"<span style=""color:blue"">कुछ मामलों में गर्भावस्था में खून की गंभीर “पतलापन” (कमी) हो जाती है, जो जीभ, नाखूनों, हथेलियों और आँखों के किनारों के सफ़ेद या हल्के रंग के रूप में दिखती है। इस स्थिति को रक्ताल्पता (एनीमिया) कहते हैं, और यह समय से पहले प्रसव, कम जन्म वज़न, जन्म के समय दम घुटने (बर्थ एस्फिक्सिया) और अन्य जटिलताओं से जुड़ी है। इसलिए, माँ में रक्ताल्पता की पहचान नवजात की मृत्यु के कारण के निदान में मदद करती है। </span>"
hi,question,Id10402,guidance_hint,"<span style=""color:blue"">प्रसव-पीड़ा शुरू होने से पहले जन्म नलिका से रक्तस्राव एक महत्वपूर्ण संकेत है, और अक्सर गर्भनाल (प्लेसेंटा) के किसी विकार से जुड़ा होता है (स्थानीय शब्द का प्रयोग करें)। अत्यधिक रक्तस्राव माँ और नवजात दोनों के जीवन को खतरे में डालता है। यह आमतौर पर माँ को सहज ही याद रहता है और वह बता देती है।</span>"
hi,question,Id10403,guidance_hint,"<span style=""color:blue"">शिशु का सबसे पहले बाहर आने वाला भाग आमतौर पर सिर होता है। किसी अन्य शारीरिक भाग का पहले आना (जैसे नितंब, पैर, बाँह या हाथ) नवजात की मृत्यु के कई कारणों से जुड़ा है, जिनमें जन्म के समय चोटें, साँस की गंभीर समस्याएँ और फेफड़ों के संक्रमण शामिल हैं। माताओं को आमतौर पर पता होता है कि कौन सा शारीरिक भाग पहले बाहर आया था, और सावधानी से पूछने पर वे इस प्रश्न का सही उत्तर दे सकती हैं। </span>"
hi,question,Id10404,guidance_hint,"<span style=""color:blue"">माताओं को पता होगा कि नाल गर्दन के चारों ओर लिपटी थी या नहीं, लेकिन हो सकता है कि उन्हें यह याद न हो कि कितनी बार। यह पुष्टि करना महत्वपूर्ण है कि नाल एक से अधिक बार लिपटी थी या नहीं, क्योंकि यदि वह एक से अधिक बार लिपटी हो तो शिशु की मृत्यु का जोखिम बढ़ जाता है।</span>"
hi,question,Id10405,guidance_hint,"<span style=""color:blue"">यह अपेक्षाकृत दुर्लभ स्थिति है, लेकिन नवजात के लिए प्रतिकूल परिणामों से जुड़ी है। हो सकता है माँ को इसके होने की पूरी जानकारी न हो। </span>"
hi,question,Id10406,guidance_hint,"<span style=""color:blue"">जन्म के समय शिशु का नीला रंग शिशु की साँस को प्रभावित करने वाली किसी समस्या का संकेत है। सावधानी से पूछने पर माताएँ बता सकती हैं कि शिशु नीला था या काला पड़ गया था।</span>"
hi,question,Id10408,guidance_hint,"<span style=""color:blue"">यह प्रश्न अंतिम बीमारी शुरू होने से पहले सामान्य स्वास्थ्य की उस अवधि का पता लगाने के लिए है जिसमें वृद्धि/वज़न में बढ़ोतरी हो रही थी। </span>"
hi,question,Id10411,guidance_hint,"<span style=""color:blue"">शराब का सेवन यकृत (लिवर) की बीमारी से जुड़ा हो सकता है, साथ ही अवसाद और आत्महत्या से जुड़ी मानसिक स्वास्थ्य स्थितियों से भी, और जोखिम भरे व्यवहार से भी जो सड़क दुर्घटनाओं या व्यक्तियों के बीच हिंसा का कारण बनता है। हालाँकि शराब मृत्यु की ओर ले जाने वाली किसी विशेष घटना या परिस्थिति से सीधे जुड़ी हो सकती है, फिर भी लंबे समय से या नियमित शराब सेवन से जुड़ा कोई अंतर्निहित जोखिम हो सकता है। इस प्रश्न का उद्देश्य सप्ताह में कम से कम एक बार या उससे अधिक बार होने वाला नियमित सेवन जानना है। उत्तरदाता द्वारा बताए गए किसी भी विशेष विवरण को प्रश्नावली के विवरण (नैरेटिव) वाले भाग में दर्ज करें। इस प्रश्न का उपयोग स्वचालित विश्लेषण सॉफ्टवेयर द्वारा किया जाता है। चूँकि शराब का सेवन एक संवेदनशील मुद्दा है, इसलिए सेवन की आवृत्ति या मात्रा के बारे में आगे कोई जानकारी नहीं पूछी जाती।</span>"
hi,question,Id10413,guidance_hint,"<span style=""color:blue"">इस प्रश्न में “धूम्रपान” शब्द का उपयोग विशेष रूप से उन प्रकार के तंबाकू को शामिल करने के लिए किया गया है जिन्हें पिया (धूम्रपान किया) जाता है। तंबाकू का धूम्रपान फेफड़ों के कैंसर, मुँह के कैंसर और दीर्घकालिक दमा, आदि से जुड़ा है। इस प्रश्न का उद्देश्य चबाने वाले तंबाकू के उपयोग या सेवन को शामिल करना नहीं है। यह श्रृंखला जीवन की किसी भी अवधि में तंबाकू के धूम्रपान के बारे में पूछती है (यानी केवल मृत्यु से पहले की वर्तमान स्थिति नहीं)। यदि उत्तर ""नहीं/पता नहीं/मना किया"" है, तो Id10414 पर जाएँ।</span>"
hi,question,Id10413_a,guidance_hint,"<span style=""color:blue"">मृतक ने कितने समय तक तंबाकू का धूम्रपान किया, वह अवधि महीनों या वर्षों की संख्या में दर्ज करें। यदि मृतक ने 1 माह से कम समय तक धूम्रपान किया, तो अवधि के रूप में 1 माह दर्ज करें।</span>"
hi,question,Id10413_b,guidance_hint,"<span style=""color:blue"">इस प्रश्न का उद्देश्य यह जानना है कि क्या मृतक के जीवन में कभी ऐसी अवधि रही जब वह प्रतिदिन तंबाकू का धूम्रपान करता/करती था (यानी दिन में कम से कम 1 बार) – भले ही वह लगातार न रहा हो या मृत्यु से पहले की अवधि में मृतक धूम्रपान न कर रहा हो। प्रतिदिन धूम्रपान करना, कम मात्रा में भी, स्वास्थ्य के लिए महत्वपूर्ण जोखिमों से जुड़ा है।</span>"
hi,question,Id10414,constraint_message,"सिगरेट या पाइप चुनना और ""क्या वह तंबाकू पीता/पीती था?"" में ""नहीं"" चुनना, दोनों एक साथ संभव नहीं है। कृपया पीछे जाकर चयन सही करें।"
hi,question,Id10414,guidance_hint,"<span style=""color:blue"">यह प्रश्न चबाने और/या सूँघने के रूप में धुआँ-रहित तंबाकू उत्पादों के सेवन को शामिल करने के लिए है। यदि उत्तर ""नहीं/पता नहीं/मना किया"" है, तो Id10418 पर जाएँ।</span>"
hi,question,Id10414_a,constraint_message,"सिगरेट या पाइप चुनना और ""क्या वह तंबाकू पीता/पीती था?"" में ""नहीं"" चुनना, दोनों एक साथ संभव नहीं है। कृपया पीछे जाकर चयन सही करें।"
hi,question,Id10414_a,guidance_hint,"<span style=""color:blue"">मृतक ने कितने समय तक तंबाकू चबाया और/या सूँघा, वह अवधि महीनों या वर्षों की संख्या में दर्ज करें। यदि मृतक ने 1 माह से कम समय तक तंबाकू चबाया और/या सूँघा, तो अवधि के रूप में 1 माह दर्ज करें।</span>"
hi,question,Id10414_b,constraint_message,"सिगरेट या पाइप चुनना और ""क्या वह तंबाकू पीता/पीती था?"" में ""नहीं"" चुनना, दोनों एक साथ संभव नहीं है। कृपया पीछे जाकर चयन सही करें।"
hi,question,Id10414_b,guidance_hint,"<span style=""color:blue"">इस प्रश्न का उद्देश्य यह जानना है कि क्या मृतक के जीवन में कभी ऐसी अवधि रही जब वह प्रतिदिन तंबाकू चबाता/चबाती और/या सूँघता/सूँघती था (यानी दिन में कम से कम 1 बार) – भले ही वह लगातार न रहा हो या मृत्यु से पहले की अवधि में मृतक तंबाकू न चबा रहा हो और/या न सूँघ रहा हो।</span>"
hi,question,Id10418,guidance_hint,"<span style=""color:blue"">यह प्रश्न औपचारिक स्वास्थ्य उपचार के बारे में है, पारंपरिक दवाओं, घरेलू नुस्खों या गैर-पेशेवर उपचार के बारे में नहीं। यदि इस प्रश्न का उत्तर “नहीं” है, तो आप Id10435 पर जाएँगे। ध्यान दें: इन प्रश्नों के उत्तर इस आधार पर दिए जाने चाहिए कि रोगी को उपचार मिला या स्वास्थ्य पेशेवर की सलाह के अनुसार उसे उपचार की आवश्यकता थी। </span>"
hi,question,Id10419,guidance_hint,"<span style=""color:blue"">ओरल रिहाइड्रेशन सॉल्ट (ओआरएस) पाउडर के पैकेट के रूप में मिलते हैं, जिन्हें पानी में घोलकर दस्त से पीड़ित व्यक्तियों, विशेषकर बच्चों, को दिया जाता है। यह एक प्रभावी उपाय है जो मृत्यु को रोकने के लिए जाना जाता है। यह प्रश्न केवल स्वास्थ्य पेशेवरों द्वारा दिए गए पैकेटों के बारे में है, घर पर बनाए घोल के बारे में नहीं। यह प्रश्न स्वास्थ्य सेवाओं की उपलब्धता और पहुँच का आकलन करने के लिए है।</span>"
hi,question,Id10420,guidance_hint,"<span style=""color:blue"">ड्रिप (नस में द्रव) आमतौर पर स्वास्थ्य केंद्र में प्रशिक्षित स्वास्थ्यकर्मी द्वारा चढ़ाई जाती है। ड्रिप चढ़ाया जाना निर्जलीकरण जैसी गंभीर स्थितियों का संकेत है।</span>"
hi,question,Id10421,guidance_hint,"<span style=""color:blue"">रक्त चढ़ाना (ब्लड ट्रांसफ्यूज़न) भी बीमारी की गंभीरता का संकेत है, और तीव्र रक्त हानि से जुड़े मृत्यु के कारणों का संकेत दे सकता है।</span>"
hi,question,Id10422,guidance_hint,"<span style=""color:blue"">नाक की नली से भोजन देना तंत्रिका तंत्र को संभावित क्षति का संकेत है, और इस तरह भोजन देने में समस्याओं से आंशिक उल्टी और फेफड़ों का संक्रमण हो सकता है, जिससे मृत्यु हो सकती है। पूछें कि नली के द्वारा कितने समय तक भोजन दिया गया, और क्या नली मृत्यु तक लगी रही, और ये सभी विवरण प्रश्नावली के विवरण (नैरेटिव) वाले भाग में दर्ज करें।</span>"
hi,question,Id10423,guidance_hint,"<span style=""color:blue"">इंजेक्शन से दी जाने वाली एंटीबायोटिक दवाओं में प्रतिरक्षण (इम्यूनाइज़ेशन), टीके और दर्द निवारक शामिल नहीं हैं। इंजेक्शन से दी जाने वाली एंटीबायोटिक दवाएँ बैक्टीरिया संक्रमण के विरुद्ध दवाएँ हैं जो सुई से दी जाती हैं। ये शरीर के किसी भी भाग या भागों के गंभीर संक्रमण का संकेत हैं, और लगभग हमेशा केवल स्वास्थ्य सुविधाओं में ही दी जाती हैं। हालाँकि, ऐसे उपचार का विवरण परिवार के सदस्यों के साथ साझा किया जा सकता है या नहीं भी किया जा सकता है।</span>"
hi,question,Id10424,guidance_hint,"<span style=""color:blue"">एआरटी (ART) दवा चिकित्सा एचआईवी (HIV) से ग्रस्त रोगियों को दी जाती है। इस चिकित्सा में वयस्कों के लिए गोलियाँ और बच्चों के लिए अक्सर तरल घोल (सिरप) होते हैं, जो आमतौर पर रोज़ और लंबे समय तक लिए जाते हैं। जिस देश या देश के जिस क्षेत्र में यह प्रश्नावली पूछी जा रही है, उसकी महामारी-विज्ञान संबंधी स्थिति को देखते हुए यह प्रश्न प्रासंगिक हो भी सकता है और नहीं भी। साथ ही, रोगी के रिश्तेदारों को ये विवरण पता नहीं भी हो सकते हैं। प्रश्न को सावधानी से समझाएँ, और उसके अनुसार उत्तर दर्ज करें।</span>"
hi,question,Id10425,guidance_hint,"<span style=""color:blue"">ऑपरेशन भी बीमारी की गंभीरता का संकेत हो सकता है। ऑपरेशन का चिकित्सकीय कारण रिश्तेदारों को संभवतः पता होगा। यदि उत्तर ""हाँ"" है, तो रिश्तेदारों से पूछें कि क्या वे उस चिकित्सकीय स्थिति को जानते हैं (जैसे कैंसर, पेट का अल्सर, हृदय रोग आदि) जो ऑपरेशन का कारण थी; और विवरण प्रश्नावली के विवरण (नैरेटिव) वाले भाग में दर्ज करें।</span>"
hi,question,Id10426,guidance_hint,"<span style=""color:blue"">ऑपरेशन का समय उपचार और मृत्यु के कारण के बीच किसी संबंध का पता लगाने में मदद करेगा।</span>"
hi,question,Id10435,guidance_hint,"<span style=""color:blue"">यदि उत्तर ""नहीं/पता नहीं/मना किया"" है, तो Id10446 पर जाएँ।</span>"
hi,question,Id10436,guidance_hint,"<span style=""color:blue"">मृत्यु के संभावित कारण के बारे में मौखिक रूप से बताई गई किसी भी जानकारी का विवरण यहाँ दर्ज करें।</span>"
hi,question,Id10446,guidance_hint,"<span style=""color:blue"">यह एक संवेदनशील मुद्दा हो सकता है, लेकिन यह बहुत महत्वपूर्ण जानकारी है जो मृत्यु का कारण निर्धारित करने में मदद कर सकती है।</span>"
hi,question,Id10462,guidance_hint,"<span style=""color:blue"">उत्तरदाता से पूछें कि क्या मृतक व्यक्ति के लिए मृत्यु के कारण का चिकित्सा प्रमाणपत्र है। मृत्यु के कारण का चिकित्सा प्रमाणपत्र आमतौर पर अस्पताल में चिकित्सक से प्राप्त किया जाता है और इसे मृत्यु प्रमाणपत्र से अलग समझा जाना चाहिए, जो नागरिक पंजीकरण संगठन द्वारा जारी किया जाता है। देश के अनुकूलन के दौरान, देशों को मृत्यु प्रमाणपत्र जारी करने वाले स्थानीय नागरिक पंजीकरण प्राधिकरण का विशिष्ट नाम निर्दिष्ट करना चाहिए; देश के अनुकूलन में यह भी दर्शाया जाना चाहिए कि क्या अन्य “प्रमाणपत्र” हैं, जैसे दफ़नाने की अनुमति, जिनसे इस प्रश्न का भ्रम हो सकता है।</span>"
hi,question,Id10463,guidance_hint,"<span style=""color:blue"">मृत्यु के कारण की जानकारी दर्ज करने के लिए पूछें कि क्या आप मृत्यु के कारण का चिकित्सा प्रमाणपत्र देख सकते हैं। देश के अनुकूलन के दौरान, देशों को मृत्यु प्रमाणपत्र जारी करने वाले स्थानीय नागरिक पंजीकरण प्राधिकरण का विशिष्ट नाम बताना चाहिए; देश के अनुकूलन में यह भी बताया जाना चाहिए कि क्या अन्य “प्रमाणपत्र” (जैसे दफ़न या दाह-संस्कार की अनुमति) हैं जिनसे इस प्रश्न के भ्रमित होने की संभावना है। निम्नलिखित प्रश्न तभी भरें जब आपको प्रमाणपत्र की प्रति दिखाई जाए। केवल मौखिक कथनों के आधार पर न भरें। यदि मृत्यु के कारण की चिकित्सा जानकारी उपलब्ध नहीं है तो “नहीं” दर्ज करें। </span>"
hi,question,Id10464,guidance_hint,"<span style=""color:blue"">इस भाग का उद्देश्य मृत्यु के कारण के अंतर्राष्ट्रीय मानक चिकित्सा प्रमाणपत्र से जानकारी एकत्र करना है। परिवार को जारी किए गए मृत्यु प्रमाणपत्र में यह स्तर की जानकारी हो भी सकती है और नहीं भी। यदि यह जानकारी मौजूद नहीं है, तो Id10464–Id10473 के लिए “-” भरें। मृत्यु का कारण मृत्यु प्रमाणपत्र की पहली पंक्ति से उतारें। यहाँ हमेशा कोई कारण दर्ज होना चाहिए। यदि कारण के बगल वाले स्तंभ में उस कारण से पीड़ित रहने की अवधि भी दर्ज है, तो उसे Id10465 में दर्ज करें।</span>"
hi,question,Id10465,guidance_hint,"<span style=""color:blue"">इस भाग का उद्देश्य मृत्यु के कारण के अंतर्राष्ट्रीय मानक चिकित्सा प्रमाणपत्र से जानकारी एकत्र करना है। परिवार को जारी किए गए मृत्यु प्रमाणपत्र में यह स्तर की जानकारी हो भी सकती है और नहीं भी। यदि यह जानकारी मौजूद नहीं है, तो Id10464–Id10473 के लिए “-” भरें। मृत्यु का कारण मृत्यु प्रमाणपत्र की पहली पंक्ति से उतारें। यहाँ हमेशा कोई कारण दर्ज होना चाहिए। यदि कारण के बगल वाले स्तंभ में उस कारण से पीड़ित रहने की अवधि भी दर्ज है, तो उसे Id10465 में दर्ज करें।</span>"
hi,question,Id10466,guidance_hint,"<span style=""color:blue"">यदि मृत्यु प्रमाणपत्र की दूसरी पंक्ति में कोई कारण लिखा है, तो उसे उसकी अवधि सहित उतारें।</span>"
hi,question,Id10467,guidance_hint,"<span style=""color:blue"">यदि मृत्यु प्रमाणपत्र की दूसरी पंक्ति में कोई कारण लिखा है, तो उसे उसकी अवधि सहित उतारें।</span>"
hi,question,Id10468,guidance_hint,"<span style=""color:blue"">यदि मृत्यु प्रमाणपत्र की तीसरी पंक्ति में कोई कारण लिखा है, तो उसे उसकी अवधि सहित उतारें।</span>"
hi,question,Id10469,guidance_hint,"<span style=""color:blue"">यदि मृत्यु प्रमाणपत्र की तीसरी पंक्ति में कोई कारण लिखा है, तो उसे उसकी अवधि सहित उतारें।</span>"
hi,question,Id10470,guidance_hint,"<span style=""color:blue"">यदि मृत्यु प्रमाणपत्र की चौथी पंक्ति में कोई कारण लिखा है, तो उसे उसकी अवधि सहित उतारें।</span>"
hi,question,Id10471,guidance_hint,"<span style=""color:blue"">यदि मृत्यु प्रमाणपत्र की चौथी पंक्ति में कोई कारण लिखा है, तो उसे उसकी अवधि सहित उतारें।</span>"
hi,question,Id10472,guidance_hint,"<span style=""color:blue"">मृत्यु प्रमाणपत्र के भाग II में दर्ज किसी भी सहायक कारण को लिखें।</span>"
hi,question,Id10473,guidance_hint,"<span style=""color:blue"">मृत्यु प्रमाणपत्र के भाग II में दर्ज किसी भी सहायक कारण को लिखें।</span>"
hi,question,Id10477,constraint_message,"""नहीं पता"" या ""उपरोक्त में से कोई नहीं"" को अन्य विकल्पों के साथ चुनना संभव नहीं है।"
hi,question,Id10477,guidance_hint,"<span style=""color:blue"">यह प्रश्न मृतक के आयु वर्ग में मृत्यु से जुड़े कुछ प्रमुख जोखिमों की सूची देता है। उत्तरदाता द्वारा मृत्यु के आसपास की परिस्थितियों का वर्णन कर देने के बाद, उसे दोबारा देखें और वे सभी मुख्य शब्द दर्ज करें जो उन्होंने बताए हों कि मृतक में थे।</span>"
hi,question,Id10478,constraint_message,"""नहीं पता"" या ""उपरोक्त में से कोई नहीं"" को अन्य विकल्पों के साथ चुनना संभव नहीं है।"
hi,question,Id10478,guidance_hint,"<span style=""color:blue"">यह प्रश्न मृतक के आयु वर्ग में मृत्यु से जुड़े कुछ प्रमुख जोखिमों की सूची देता है। उत्तरदाता द्वारा मृत्यु के आसपास की परिस्थितियों का वर्णन कर देने के बाद, उसे दोबारा देखें और वे सभी मुख्य शब्द दर्ज करें जो उन्होंने बताए हों कि मृतक में थे। </span>"
hi,question,Id10479,constraint_message,"""नहीं पता"" या ""उपरोक्त में से कोई नहीं"" को अन्य विकल्पों के साथ चुनना संभव नहीं है।"
hi,question,Id10479,guidance_hint,"<span style=""color:blue"">यह प्रश्न मृतक के आयु वर्ग में मृत्यु से जुड़े कुछ प्रमुख जोखिमों की सूची देता है। उत्तरदाता द्वारा मृत्यु के आसपास की परिस्थितियों का वर्णन कर देने के बाद, उसे दोबारा देखें और वे सभी मुख्य शब्द दर्ज करें जो उन्होंने बताए हों कि मृतक में मौजूद थे।</span>"
hi,question,Id10482,guidance_hint,"<span style=""color:blue"">पूछें कि क्या मृतक में कभी COVID-19 का निदान हुआ था। उत्तरदाता को याद दिलाएँ कि हम अंतिम बीमारी के दौरान किसी डॉक्टर, स्वास्थ्य कार्यकर्ता या अन्य स्वास्थ्य पेशेवर द्वारा किए गए निदान के बारे में पूछ रहे हैं।</span>"
hi,question,Id10483,guidance_hint,"<span style=""color:blue"">पूछें कि क्या मृत्यु तक ले जाने वाली बीमारी के दौरान COVID-19 की जाँच (नाक/गले का स्वैब या डिपस्टिक; वायरल रैपिड टेस्ट या प्रयोगशाला जाँच) की गई थी। ध्यान दें कि रैपिड टेस्ट किसी स्वास्थ्य सुविधा में स्वास्थ्य पेशेवर द्वारा किए या पढ़े जाते हैं। प्रयोगशाला जाँचों में RT-PCR और अन्य प्रकार की न्यूक्लिक एसिड एम्प्लीफिकेशन जाँचें (NAATS) शामिल हैं। यदि इस प्रश्न का उत्तर ""नहीं"" है, तो Id10130 पर जाएँ।</span>"
hi,question,Id10484,guidance_hint,"<span style=""color:blue"">यदि मृतक की COVID-19 की जाँच हुई थी, तो धीरे से पूछें कि परिणाम क्या था। यदि अंतिम बीमारी की अवधि में किसी की एक से अधिक बार जाँच हुई थी, तो पता करें कि अंतिम जाँच “पॉज़िटिव”, “नेगेटिव” या “अस्पष्ट” थी।</span>"
hi,question,Id10485,guidance_hint,"<span style=""color:blue"">COVID-19 से पीड़ित कई रोगियों को अत्यधिक थकान होती है। कई बीमारियाँ थकान और कमज़ोरी पैदा करती हैं, इसलिए केवल थकान या हल्की थकान को “अत्यधिक थकान” से अलग करने के लिए आपको और पूछताछ करनी होगी। आमतौर पर, COVID-19 से पीड़ित रोगियों को बिस्तर से उठना कठिन लगता है और वे नहाने और कपड़े बदलने जैसे सामान्य कामों में संघर्ष करते हैं। आपको धीरे से पूछकर पता करना है कि क्या मृतक को अत्यधिक थकान थी।</span>"
hi,question,Id10486,guidance_hint,"<span style=""color:blue"">COVID-19 से पीड़ित कुछ रोगियों ने अपनी देखभाल करने वालों को बताया होगा कि उन्हें खाने की गंध या स्वाद पहचानने की क्षमता में कुछ बदलाव महसूस हुआ है। आपको स्पष्ट करना होगा कि आप अंतिम बीमारी के दौरान गंध या स्वाद पहचानने की क्षमता में किसी भी बदलाव के बारे में पूछ रहे हैं।</span>"
hi,question,Id10487,guidance_hint,"<span style=""color:blue"">हाल ही में किसी ऐसे व्यक्ति के साथ रहने, उससे मिलने जाने या उसकी देखभाल करने का इतिहास, जिसे COVID-19 हुआ था, यह संकेत देगा कि मृतक को भी COVID 19 हुआ हो सकता है। कृपया ध्यान दें कि नवजात शिशुओं या छोटे बच्चों के मामले में, आपको प्रश्न से “देखभाल करना” छोड़ देना चाहिए। उत्तरदाता को शायद यह न पता हो कि मृतक का COVID-19 वाले किसी व्यक्ति से संपर्क हुआ था या नहीं। फिर भी, आप धीरे से पूछताछ कर सकते हैं। पहले पूछें कि क्या मृतक के साथ रहने वाले या उससे मिलने आने वाले किसी व्यक्ति की COVID-19 जाँच पॉज़िटिव आई थी। कभी-कभी COVID-19 के संकेत वाले लक्षणों वाले लोगों ने COVID-19 की पुष्टि के लिए जाँच नहीं कराई होती। यदि उत्तरदाता कहता है कि मृतक के साथ रहने वाले या उससे मिलने आने वाले किसी व्यक्ति की COVID जाँच नहीं हुई थी, तो धीरे से पूछें कि क्या किसी को ये लक्षण थे: तेज़ बुखार, साँस लेने में कठिनाई, खाँसी, अत्यधिक थकान और गंध और/या स्वाद में बदलाव। यदि किसी की जाँच पॉज़िटिव आई थी या इनमें से कम से कम 4 लक्षण थे, तो उत्तर “हाँ” चुनें।</span>
<span style=""color:blue"">नोट: Id10051 से Id10073 तक के प्रश्न नागरिकता और सामाजिक-आर्थिक स्थिति से संबंधित हैं और मृत्यु के कारणों के आकलन के लिए आवश्यक नहीं हैं।</span>"
hi,question,age_adult,constraint_message,वयस्क की आयु 11 वर्ष से अधिक होती है; 120 वर्ष से अधिक आयु की संभावना कम है।
hi,question,age_child_days,constraint_message,"बच्चे की आयु 28 दिन से अधिक है; यदि उत्तर 60 दिन से अधिक था, तो उत्तरदाता से समय किसी अन्य इकाई में बताने को कहें।"
hi,question,age_child_months,constraint_message,"दर्ज की गई संख्या संभावित नहीं है। यदि उत्तर 59 महीने से अधिक था, तो उत्तरदाता से समय वर्षों में बताने को कहें।"
hi,question,age_child_years,constraint_message,बच्चे की आयु केवल 28 दिन से 11 वर्ष के बीच ही होती है!
hi,question,age_group,constraint_message,आयु वर्ग दर्शाई गई जन्म की तारीख और मृत्यु के वर्ष से मेल नहीं खाता। कृपया चयन की समीक्षा करें या पहले दर्ज किया गया डेटा सही करें।
hi,question,age_group,guidance_hint,"<span style=""color:blue"">यह मद केवल इलेक्ट्रॉनिक डेटा संग्रह प्रारूप पर लागू होती है। यदि आप जन्म की पूरी तारीख या मृत्यु की पूरी तारीख नहीं भर सके, तो आपको तीन आयु वर्गों के अनुरूप प्रश्नावली चुननी ही होगी: नवजात, बच्चा या वयस्क। मृतक की आयु के अपने आकलन के आधार पर मृतक का आयु वर्ग चुनें। इस विकल्प को बहुत सावधानी से चुनें। यदि आप आयु वर्ग में गलती करते हैं, तो महत्वपूर्ण प्रश्न छूट जाएँगे, क्योंकि प्रश्नावली के कुछ भाग पूछे जाने वाले प्रश्न तय करने के लिए आयु वर्ग पर निर्भर करते हैं। ध्यान दें कि इस प्रश्न का उपयोग यह तय करने के लिए किया जाता है कि प्रश्नों का कौन-सा क्रम इस्तेमाल करना है। यह एक अनिवार्य प्रश्न है। यदि उत्तरदाता को सटीक आयु नहीं पता, तो सबसे अच्छा अनुमान दर्ज करें।</span>"
hi,question,age_neonate_days,constraint_message,नवजात की आयु केवल 0 से 27 दिन होती है!
hi,question,age_neonate_days,guidance_hint,"<span style=""color:blue"">यदि आपने नवजात प्रश्नावली चुनी है, तो आपको आयु दिनों में दर्ज करनी होगी। नवजात आयु 28 दिन से कम होती है, यानी 0 से 27 पूर्ण दिन; मान्य प्रविष्टि 0 से 27 के बीच है। यदि नवजात 1 दिन या 24 घंटे से कम का है, तो ""0"" दिन दर्ज करें।</span>"
hi,question,age_neonate_hours,constraint_message,अधिकतम 23 घंटे
hi,question,comment,guidance_hint,"<span style=""color:blue"">साक्षात्कारकर्ता के बारे में कोई भी अतिरिक्त विवरण यहाँ दर्ज करें।</span>"
hi,question,health_service_utilization,guidance_hint,"<span style=""color:blue""> घर पर होने वाली कई मौतों में, इस बात की संभावना रहती है कि मृत्यु तक ले जाने वाली बीमारी के दौरान मृतक को किसी न किसी प्रकार का चिकित्सा उपचार मिला हो। यह उपचार कुछ समय के अस्पताल में भर्ती रहने के रूप में हो सकता है, जिसके बाद मृत्यु से पहले व्यक्ति को छुट्टी दे दी गई हो; ऐसा कभी-कभी तब होता है जब ठीक होने की कोई संभावना नहीं होती, या उपचार बहुत महँगा होता है, या अंतिम देखभाल घर पर करने की सांस्कृतिक पसंद होती है। ऐसे मामलों में, परिवार के सदस्यों को दिए गए चिकित्सा उपचार की प्रकृति के साथ-साथ रोगी को संभवतः किस रोग या स्थिति से पीड़ा थी, इसकी कुछ जानकारी होने की संभावना रहती है। निम्नलिखित प्रश्नों में, स्वास्थ्य सेवाओं के बारे में पूछे गए अनुसार विशिष्ट उत्तर दर्ज करें, और स्वास्थ्य सेवाओं के बारे में कोई भी अन्य या संबंधित जानकारी या मृत्यु के कारण के बारे में चिकित्सा राय प्रश्नावली के विवरण वाले भाग में दर्ज करें। यह भाग हमेशा साक्षात्कार के अंत में पूरा किया जाना चाहिए।</span>"
hi,question,id10120_unit,guidance_hint,"<span style=""color:blue"">उत्तर के अनुसार सबसे उपयुक्त इकाई चुनें – दिन, महीने या वर्ष। यदि 24 घंटे से कम है, तो दिन चुनें और “0” दर्ज करें। यदि उत्तर 30 दिन से अधिक था, तो उत्तरदाता से महीनों या वर्षों में बताने को कहें। यदि उत्तर 11 महीने से अधिक था, तो उत्तरदाता से वर्षों में बताने को कहें। मान्य उत्तर वह है जो मृत्यु के समय बच्चे की आयु से कम हो। यदि उत्तरदाता को बीमारी की अवधि ठीक-ठीक याद नहीं है, तो प्रेरित करें और वही दर्ज करें जो चिकित्सकीय रूप से दर्ज करना प्रासंगिक है:</span>
<span style=""color:blue"">● यदि मृतक 3 सप्ताह से कम समय तक बीमार रहा - साक्षात्कारकर्ता 14 दिन दर्ज करे;</span>
<span style=""color:blue"">● यदि मृतक 3 सप्ताह से अधिक समय तक बीमार रहा - साक्षात्कारकर्ता 1 महीना दर्ज करे।</span>"
hi,question,id10161_unit,guidance_hint,"<span style=""color:blue"">साँस लेने में कठिनाई या साँस फूलने की अवधि बीमारी की गंभीरता और मृत्यु के कारण से उसके संबंध को समझने में मदद कर सकती है। अस्थमा वाले छोटे बच्चों में, साँस लेने में कठिनाई अधिकतम कुछ दिनों तक चलने वाले विशिष्ट दौरों के रूप में होती है। निमोनिया के साथ साँस लेने में कठिनाई के मामले में, यह बीमारी के दौरान कुछ दिनों से लेकर 1–2 सप्ताह तक रह सकती है। बहुत छोटे बच्चों (नवजात और शिशुओं) में, कठिनाई केवल कुछ घंटे या 2–3 दिन तक ही हो सकती है। इसलिए, आयु और संभावित स्थिति के आधार पर, साँस लेने में कठिनाई की अवधि के बारे में उत्तर अलग-अलग हो सकता है। आमतौर पर जन्मजात हृदय रोगों से जुड़ी साँस फूलने की शिकायत कई सप्ताह की होती है। जबकि अस्थमा में साँस फूलने के दौरे आमतौर पर मृत्यु से पहले के अंतिम दौरे में केवल कुछ दिन ही रहते हैं। निमोनिया वाले बच्चों में साँस फूलना भी केवल कुछ दिनों का हो सकता है। उत्तर के अनुसार सबसे उपयुक्त इकाई चुनें – दिन, महीने या वर्ष। यदि 24 घंटे से कम है, तो दिन चुनें और “0” दर्ज करें। यदि उत्तर 30 दिन से अधिक था, तो उत्तरदाता से महीनों या वर्षों में बताने को कहें। यदि उत्तर 11 महीने से अधिक था, तो उत्तरदाता से वर्षों में बताने को कहें। मान्य उत्तर वह है जो मृत्यु के समय की आयु से कम हो। यदि उत्तरदाता को साँस लेने में कठिनाई या साँस फूलने की अवधि ठीक-ठीक याद नहीं है, तो प्रेरित करें और वही दर्ज करें जो चिकित्सकीय रूप से दर्ज करना प्रासंगिक है। यदि साँस लेने में कठिनाई या साँस फूलना इतने समय तक रहा: </span>
<span style=""color:blue"">● 3 दिन से कम - साक्षात्कारकर्ता 2 दिन दर्ज करे; </span>
<span style=""color:blue"">● कम से कम 3 दिन – साक्षात्कारकर्ता 4 दिन दर्ज करे। </span>"
hi,question,id10196_unit,guidance_hint,"<span style=""color:blue"">मृत्यु का कारण तय करने के लिए लक्षण और मृत्यु की घटना के बीच का समय संबंध महत्वपूर्ण है। उत्तर के अनुसार सबसे उपयुक्त इकाई चुनें – घंटे, दिन या महीने। मान्य उत्तर 0–23 घंटे, 1–30 दिन या 1–60 महीने के बीच है। 1 सप्ताह = 7 दिन मानें। संभावित उत्तर 60 महीने से कम है। यदि दिया गया उत्तर 60 महीने से अधिक था, तो उत्तर की पुष्टि करें और “60” दर्ज करें। यदि उत्तरदाता को पेट दर्द की अवधि याद नहीं है, तो प्रेरित करें और वही दर्ज करें जो चिकित्सकीय रूप से दर्ज करना प्रासंगिक है। यदि पेट दर्द इतने समय तक रहा:</span>
<span style=""color:blue"">● 2 सप्ताह से कम - साक्षात्कारकर्ता 13 दिन दर्ज करे;</span>
<span style=""color:blue"">● कम से कम 2 सप्ताह – साक्षात्कारकर्ता 15 दिन दर्ज करे।</span>"
hi,question,injuries_accidents_yes,guidance_hint,"<span style=""color:blue"">यह एक प्रारंभिक प्रश्न है जिससे जाँचा जाता है कि क्या मृत्यु किसी चोट या दुर्घटना से जुड़ी थी। यदि उत्तर “हाँ” है, तो आगे के प्रश्नों पर बढ़ें। ये प्रश्न आम तौर पर सीधे और आसानी से समझ में आने वाले होते हैं, और उत्तर में गलती की संभावना कम होती है, सिवाय उस स्थिति के जब लांछन का डर हो या पुलिस या अन्य प्रशासन से जुड़ने की आशंका हो। यदि उत्तर ""नहीं"" है, तो Id10351 पर जाएँ। लेकिन, यदि उत्तर ""पता नहीं/मना किया"" है, तो साक्षात्कारकर्ता को और पूछताछ करनी चाहिए और बाद के प्रश्नों को जारी रखना चाहिए। </span>"
hi,question,language,guidance_hint,"<span style=""color:blue"">साक्षात्कार में प्रयुक्त भाषा चुनें। इस फ़ील्ड के उत्तर विकल्प परियोजना स्तर पर प्रोग्राम किए जा सकते हैं। प्रश्नों के उत्तर विकल्प बदलने के निर्देशों के लिए, कृपया ODK for VA: A quick guide देखें। उत्तर बदलने के लिए, ODK VA उपकरण की choice वर्कशीट में पंक्ति 3-5 पर label कॉलम के मान (वर्तमान में English, Language 2, Language 3) को VA सेटिंग्स में प्रयुक्त भाषाओं से बदला जा सकता है। यदि 3 से कम भाषाएँ प्रयुक्त होती हैं, तो एक या अधिक पंक्तियाँ हटाई जा सकती हैं, या यदि 3 से अधिक प्रयुक्त होती हैं, तो अन्य भाषाओं वाली एक या अधिक पंक्तियाँ जोड़ी जा सकती हैं (जैसे language 4 Language 4)।</span>"
hi,question,noteend,guidance_hint,साक्षात्कारकर्ता के बारे में कोई भी अतिरिक्त विवरण यहाँ दर्ज करें।
hi,question,noteon,guidance_hint,"<span style=""color:blue""> उत्तरदाताओं से कहें कि वे मृत्यु तक ले जाने वाली घटनाओं का वर्णन करें। आप यह पढ़ेंगे: “आपकी जानकारी के लिए धन्यवाद। अब क्या आप कृपया अपने शब्दों में मुझे बता सकते हैं कि मृत्यु तक क्या-क्या घटनाएँ हुईं?” उत्तर के दौरान, जो कुछ कहा जाए उसके विस्तृत लिखित नोट्स दर्ज करें, या यदि विकल्प उपलब्ध हो तो उत्तर की ऑडियो रिकॉर्डिंग करें। यह सुनिश्चित करें कि संकेत और लक्षण, देखभाल लेने का समय, और स्पष्ट किए जाने वाले किसी भी बिंदु जैसी मुख्य बातें दर्ज हों। यदि आप इलेक्ट्रॉनिक डेटा संग्रह प्रणाली (जैसे ODK) का उपयोग कर रहे हैं, तो साक्षात्कार समाप्त होने के बाद नोट्स को इलेक्ट्रॉनिक प्रणाली में दर्ज करें। जब उत्तरदाता प्रारंभिक उत्तर पूरा कर ले, तो प्रासंगिक होने पर अतिरिक्त जानकारी के लिए प्रेरित करें:</span>
<span style=""color:blue""> ● लक्षणों की पहचान (पहले लक्षण कब पहचाने गए, उन्हें और कौन-से लक्षण थे, उत्तरदाता/परिवार को कब एहसास हुआ कि यह गंभीर है, पहले और सबसे गंभीर लक्षणों को किसने पहचाना);</span>
<span style=""color:blue""> ● समय (पहले लक्षणों से लेकर यह एहसास होने तक कि यह गंभीर है, कितना समय लगा); </span>
<span style=""color:blue""> ● घर पर और घर के बाहर की गई कार्रवाइयाँ (पहले लक्षणों और गंभीर लक्षणों के कितने समय बाद कोई कार्रवाई की गई, कौन-सी कार्रवाइयाँ, क्या कोई उपचार दिया गया, कौन-सा उपचार, देखभाल लेने या न लेने का निर्णय किसने लिया, इस कार्रवाई का कारण, यदि घर के बाहर देखभाल नहीं ली गई – तो क्यों?)</span>
<span style=""color:blue""> ● परिवहन (घर के बाहर देखभाल लेने का निर्णय करने से लेकर परिवहन मिलने तक लगा समय, देखभाल के पहले स्तर तक पहुँचने और किसी संभावित रेफ़रल के लिए प्रयुक्त परिवहन का प्रकार, यात्रा में लगा समय, देखभाल तक पहुँचने से पहले हुई कोई भी देरी)। </span>
<span style=""color:blue""> ● सेवा प्रदाता का व्यवहार (दी गई सलाह, दिया गया उपचार, स्वास्थ्य सेवाओं तक पहुँचने के बाद देखभाल मिलने में कितना समय लगा, पूरा रेफ़रल इतिहास, रेफ़रल का समय, सुविधाओं तक और उनके बीच यात्रा में लगा समय, न जाने या रेफ़रल में देरी के कारण, रेफ़रल का अनुभव)।</span>
<span style=""color:blue""> संदिग्ध COVID-19 मौतों की पहचान करने का प्रयास करते समय, खुला विवरण उन महत्वपूर्ण बातों और जानकारी को सामने लाने में बहुत उपयोगी हो सकता है जो VA प्रश्नावली के बंद प्रश्नों वाले भाग में शामिल नहीं हैं। COVID-19 से संबंधित प्रासंगिक जानकारी के लिए उत्तरदाताओं से पूछताछ में काम आने वाले उपयोगी प्रश्नों के मार्गदर्शन हेतु, PCVA मार्गदर्शन पुस्तिका देखें (WHO VA मानक वेबपेज पर उपलब्ध कराई जाएगी)। नीचे दी गई जाँच-सूची में अतिरिक्त मदों की एक सूची है जिन्हें साक्षात्कार में पहचाने जाने पर खुले विवरण में शामिल किया जा सकता है। यदि कोई अतिरिक्त मद जाँच-सूची में शामिल नहीं हैं, तब भी आप उन्हें दर्ज करने के लिए स्वतंत्र हैं। </span>
<span style=""color:blue""> विवरण के खुले स्थान में दर्ज की जाने वाली अतिरिक्त मदों की जाँच-सूची</span>
<span style=""color:blue""> ● यदि मृत्यु के कारण के बारे में स्थानीय अधिकारियों द्वारा दी गई कोई आधिकारिक पुलिस या चिकित्सा-विधिक राय है (आमतौर पर दुर्घटनाओं या चोटों के लिए)। चोटों के बारे में अतिरिक्त जानकारी: यदि परिवार ने किसी चोट की सूचना दी, तो चोट का विवरण दर्ज करें (प्रकार, तरीका, घटना का स्थान, और चोटिल हुए शरीर के अंग);</span>
<span style=""color:blue""> ● यदि यह स्वयं पहुँचाई गई थी, भले ही आपने न पूछा हो;</span>
<span style=""color:blue""> ● यदि यह सड़क के अलावा परिवहन में हुई दुर्घटना थी, जैसे रेल / नाव / विमान से घातक चोट; </span>
<span style=""color:blue""> ● यदि गिरना हुआ, तो चोटिल शरीर के अंग दर्ज करें; </span>
<span style=""color:blue""> ● यदि कीटनाशकों, मिट्टी के तेल या किसी अन्य रसायन से विषाक्तता हुई, तो विष का प्रकार दर्ज करें;</span>
<span style=""color:blue""> ● यदि डूबना हुआ, तो वह स्थान दर्ज करें जहाँ डूबना हुआ – नदी / झील / समुद्र / स्विमिंग पूल आदि;</span>
<span style=""color:blue""> ● यदि जलने / आग से चोट लगी, तो जलने से प्रभावित सभी शरीर के अंग और जलना कैसे हुआ, यह दर्ज करें;</span>
<span style=""color:blue""> ● यदि किसी प्राकृतिक शक्ति से चोट लगी, तो प्राकृतिक शक्ति का प्रकार दर्ज करें (बिजली गिरना, बाढ़, भूकंप आदि)। </span>
<span style=""color:blue""> मृतक में अतिरिक्त निष्कर्ष</span>
<span style=""color:blue""> ● यदि मृतक में कोई जन्म दोष था, तो शरीर के अंग और वह कैसा दिखता था, इसका वर्णन करें, और/या यदि मृतक में अस्पष्ट जननांग/इंटरसेक्स था। </span>
<span style=""color:blue""> ● यदि आपने जन्म के समय का जो वज़न दर्ज किया वह आपको बताया गया था और स्वयं-रिपोर्ट किया गया था (अभिलेखों में सत्यापित नहीं), तो यहाँ दर्ज करें कि जन्म का वज़न उत्तरदाता ने बताया था। </span>
<span style=""color:blue""> ● यदि मृतक स्वस्थ दिखता था और अचानक मर गया (सामान्य स्वास्थ्य में रहने के 24 घंटे के भीतर अप्रत्याशित रूप से) और मृत्यु के बारे में कोई अन्य विवरण हैं, तो उन्हें दर्ज करें (जैसे नींद के दौरान हुआ)। कुछ मामलों में, उत्तरदाता द्वारा दी गई यही मुख्य जानकारी हो सकती है। </span>
<span style=""color:blue""> ● यदि मृतक ने हाल ही में स्वास्थ्य सुविधा का दौरा किया था, तो निदान, प्रयोगशाला जाँचों और उपचार आदि का कोई भी विवरण प्रश्नावली के खुले विवरण वाले भाग में दर्ज करें।</span>
<span style=""color:blue""> ● यदि मृत्यु से पहले चिकित्सा देखभाल लेने वाले मृतक की मृत्यु के कारण के बारे में स्वास्थ्य सेवाओं या चिकित्सा राय की कोई अतिरिक्त जानकारी है, तो उसे यहाँ दर्ज करें। </span>
<span style=""color:blue""> ● यदि मृतक को नाक के रास्ते उपचार या भोजन दिया गया या उसकी आवश्यकता थी, तो पूछें कि नली से कितने समय तक आहार दिया गया और क्या मृत्यु से पहले नली लगी हुई थी, और प्रासंगिक जानकारी यहाँ दर्ज करें। </span>
<span style=""color:blue""> ● यदि मृतक की गर्दन पर कोई गाँठें थीं, यदि गाँठ के चिकित्सकीय कारण के बारे में कोई राय थी और उसे उपचार मिला, तो प्रासंगिक जानकारी यहाँ दर्ज करें। </span>
<span style=""color:blue""> ● यदि मृतक का ऑपरेशन हुआ था, तो उत्तरदाता से पूछें कि क्या उन्हें वह चिकित्सा स्थिति पता है (जैसे कैंसर, पेट का अल्सर, हृदय रोग आदि) जो ऑपरेशन का कारण थी; प्रासंगिक विवरण यहाँ दर्ज करें।</span>
<span style=""color:blue""> मातृ और प्रसव की जानकारी</span>
<span style=""color:blue""> ● मृत जन्म और नवजात मृत्यु के लिए, गर्भावस्था, प्रसव-पीड़ा और प्रसव का कोई भी विवरण दर्ज करें। </span>
<span style=""color:blue""> ● यदि प्रसव के लिए पानी की थैली फटी, और पानी असामान्य था, तो यहाँ कोई भी विवरण दर्ज करें। </span>
<span style=""color:blue""> ● यदि माँ की मृत्यु हो गई और आपको कोई अतिरिक्त जानकारी मिली, तो माँ की मृत्यु के बारे में जो आपने जाना वह दर्ज करें (जैसे प्रसव के संबंध में मृत्यु का समय, लक्षण आदि)।</span>"
